[00:11:01] [main/INFO]: ModLauncher running: args [--username, SporiumCorium, --version, forge-47.4.10, --gameDir, C:\Users\Matthew Acuna\curseforge\minecraft\Instances\Oscillation, --assetsDir, C:\Users\Matthew Acuna\curseforge\minecraft\Install\assets, --assetIndex, 5, --uuid, 12ee603945cc4234b0ccb07321a7a151, --accessToken, ????????, --clientId, YTk5OGFkNWEtYzc3Ny00OGNmLTkxMWEtY2M1M2RkOTIwOTFk, --xuid, 2535436647454664, --userType, msa, --versionType, release, --width, 1024, --height, 768, --quickPlayPath, C:\Users\Matthew Acuna\curseforge\minecraft\Install\quickPlay\java\1786864259498.json, --launchTarget, forgeclient, --fml.forgeVersion, 47.4.10, --fml.mcVersion, 1.20.1, --fml.forgeGroup, net.minecraftforge, --fml.mcpVersion, 20230612.114412]
[00:11:01] [main/INFO]: ModLauncher 10.0.9+10.0.9+main.dcd20f30 starting: java version 17.0.15 by Microsoft; OS Windows 11 arch amd64 version 10.0
[00:11:05] [main/INFO]: Loading ImmediateWindowProvider fmlearlywindow
[00:11:05] [main/INFO]: Trying GL version 4.6
[00:11:05] [main/INFO]: Requested GL version 4.6 got version 4.6
[00:11:05] [main/INFO]: SpongePowered MIXIN Subsystem Version=0.8.5 Source=union:/C:/Users/Matthew%20Acuna/curseforge/minecraft/Install/libraries/org/spongepowered/mixin/0.8.5/mixin-0.8.5.jar%23100!/ Service=ModLauncher Env=CLIENT
[00:11:06] [pool-2-thread-1/INFO]: GL info: AMD Radeon RX 6700 XT GL version 4.6.0 Core Profile Context 24.10.1.241007, ATI Technologies Inc.
[00:11:06] [main/INFO]: Found mod file [Forge] justdirethings-1.1.6.jar of type MOD with provider {mods folder locator at C:\Users\Matthew Acuna\curseforge\minecraft\Instances\Oscillation\mods}
[00:11:06] [main/INFO]: Found mod file AdvancedAE-1.3.6-1.20.1.jar of type MOD with provider {mods folder locator at C:\Users\Matthew Acuna\curseforge\minecraft\Instances\Oscillation\mods}
[00:11:06] [main/INFO]: Found mod file ae2ct-1.0.1.jar of type MOD with provider {mods folder locator at C:\Users\Matthew Acuna\curseforge\minecraft\Instances\Oscillation\mods}
[00:11:06] [main/INFO]: Found mod file ae2wtlib-15.3.3-forge.jar of type MOD with provider {mods folder locator at C:\Users\Matthew Acuna\curseforge\minecraft\Instances\Oscillation\mods}
[00:11:06] [main/INFO]: Found mod file AI-Improvements-1.20-0.5.2.jar of type MOD with provider {mods folder locator at C:\Users\Matthew Acuna\curseforge\minecraft\Instances\Oscillation\mods}
[00:11:06] [main/INFO]: Found mod file alexscaves-2.0.2.jar of type MOD with provider {mods folder locator at C:\Users\Matthew Acuna\curseforge\minecraft\Instances\Oscillation\mods}
[00:11:06] [main/INFO]: Found mod file alltheleaks-1.1.1+1.20.1-forge.jar of type MOD with provider {mods folder locator at C:\Users\Matthew Acuna\curseforge\minecraft\Instances\Oscillation\mods}
[00:11:06] [main/INFO]: Found mod file ApothicAttributes-1.20.1-1.3.7.jar of type MOD with provider {mods folder locator at C:\Users\Matthew Acuna\curseforge\minecraft\Instances\Oscillation\mods}
[00:11:06] [main/INFO]: Found mod file appliedenergistics2-forge-15.4.10.jar of type MOD with provider {mods folder locator at C:\Users\Matthew Acuna\curseforge\minecraft\Instances\Oscillation\mods}
[00:11:06] [main/INFO]: Found mod file aquamirae-forge-1.20.1-6.4.0.jar of type MOD with provider {mods folder locator at C:\Users\Matthew Acuna\curseforge\minecraft\Instances\Oscillation\mods}
[00:11:06] [main/INFO]: Found mod file architectury-9.2.14-forge.jar of type MOD with provider {mods folder locator at C:\Users\Matthew Acuna\curseforge\minecraft\Instances\Oscillation\mods}
[00:11:06] [main/INFO]: Found mod file AttributeFix-Forge-1.20.1-21.0.5.jar of type MOD with provider {mods folder locator at C:\Users\Matthew Acuna\curseforge\minecraft\Instances\Oscillation\mods}
[00:11:06] [main/INFO]: Found mod file attributesetter-2.1.1-forge.jar of type MOD with provider {mods folder locator at C:\Users\Matthew Acuna\curseforge\minecraft\Instances\Oscillation\mods}
[00:11:06] [main/INFO]: Found mod file azurelib-neo-1.20.1-3.1.12.jar of type MOD with provider {mods folder locator at C:\Users\Matthew Acuna\curseforge\minecraft\Instances\Oscillation\mods}
[00:11:06] [main/INFO]: Found mod file BadOptimizations-2.4.1-1.20.1.jar of type MOD with provider {mods folder locator at C:\Users\Matthew Acuna\curseforge\minecraft\Instances\Oscillation\mods}
[00:11:06] [main/INFO]: Found mod file bettercombat-forge-1.9.0+1.20.1.jar of type MOD with provider {mods folder locator at C:\Users\Matthew Acuna\curseforge\minecraft\Instances\Oscillation\mods}
[00:11:06] [main/INFO]: Found mod file betterfpsdist-1.20.1-6.0.jar of type MOD with provider {mods folder locator at C:\Users\Matthew Acuna\curseforge\minecraft\Instances\Oscillation\mods}
[00:11:06] [main/INFO]: Found mod file biomancy-forge-1.20.1-2.8.19.0.jar of type MOD with provider {mods folder locator at C:\Users\Matthew Acuna\curseforge\minecraft\Instances\Oscillation\mods}
[00:11:06] [main/INFO]: Found mod file block_factorys_bosses-2.1.2-forge-1.20.1.jar of type MOD with provider {mods folder locator at C:\Users\Matthew Acuna\curseforge\minecraft\Instances\Oscillation\mods}
[00:11:06] [main/INFO]: Found mod file BOMD-Forge-1.20.1-1.1.1.jar of type MOD with provider {mods folder locator at C:\Users\Matthew Acuna\curseforge\minecraft\Instances\Oscillation\mods}
[00:11:06] [main/INFO]: Found mod file Botania-1.20.1-454-FORGE.jar of type MOD with provider {mods folder locator at C:\Users\Matthew Acuna\curseforge\minecraft\Instances\Oscillation\mods}
[00:11:06] [main/INFO]: Found mod file c2meforge-0.2.0-forge.3-all.jar of type MOD with provider {mods folder locator at C:\Users\Matthew Acuna\curseforge\minecraft\Instances\Oscillation\mods}
[00:11:06] [main/INFO]: Found mod file caelus-forge-3.2.0+1.20.1.jar of type MOD with provider {mods folder locator at C:\Users\Matthew Acuna\curseforge\minecraft\Instances\Oscillation\mods}
[00:11:06] [main/INFO]: Found mod file cataclysm_compat_1.20.1-1.0.2.jar of type MOD with provider {mods folder locator at C:\Users\Matthew Acuna\curseforge\minecraft\Instances\Oscillation\mods}
[00:11:06] [main/INFO]: Found mod file cataclysm_dimension-forge1.20.1-1.5.7.jar of type MOD with provider {mods folder locator at C:\Users\Matthew Acuna\curseforge\minecraft\Instances\Oscillation\mods}
[00:11:06] [main/INFO]: Found mod file CerbonsApi-Forge-1.20.1-1.0.0.jar of type MOD with provider {mods folder locator at C:\Users\Matthew Acuna\curseforge\minecraft\Instances\Oscillation\mods}
[00:11:06] [main/INFO]: Found mod file chloride-FORGE-mc1.20.1-v1.8.1.jar of type MOD with provider {mods folder locator at C:\Users\Matthew Acuna\curseforge\minecraft\Instances\Oscillation\mods}
[00:11:06] [main/INFO]: Found mod file chunkactivitytracker-forge-1.0.1-1.20.1.jar of type MOD with provider {mods folder locator at C:\Users\Matthew Acuna\curseforge\minecraft\Instances\Oscillation\mods}
[00:11:06] [main/INFO]: Found mod file chunksending-1.20.1-3.7.jar of type MOD with provider {mods folder locator at C:\Users\Matthew Acuna\curseforge\minecraft\Instances\Oscillation\mods}
[00:11:06] [main/INFO]: Found mod file citadel-2.6.3-1.20.1.jar of type MOD with provider {mods folder locator at C:\Users\Matthew Acuna\curseforge\minecraft\Instances\Oscillation\mods}
[00:11:06] [main/INFO]: Found mod file cloth-config-11.1.136-forge.jar of type MOD with provider {mods folder locator at C:\Users\Matthew Acuna\curseforge\minecraft\Instances\Oscillation\mods}
[00:11:06] [main/INFO]: Found mod file cofh_core-1.20.1-11.0.2.56.jar of type MOD with provider {mods folder locator at C:\Users\Matthew Acuna\curseforge\minecraft\Instances\Oscillation\mods}
[00:11:06] [main/INFO]: Found mod file CommonCapabilities-1.20.1-2.9.11.jar of type MOD with provider {mods folder locator at C:\Users\Matthew Acuna\curseforge\minecraft\Instances\Oscillation\mods}
[00:11:06] [main/INFO]: Found mod file Controlling-forge-1.20.1-12.0.2.jar of type MOD with provider {mods folder locator at C:\Users\Matthew Acuna\curseforge\minecraft\Instances\Oscillation\mods}
[00:11:06] [main/INFO]: Found mod file coroutil-forge-1.20.1-1.3.7.jar of type MOD with provider {mods folder locator at C:\Users\Matthew Acuna\curseforge\minecraft\Instances\Oscillation\mods}
[00:11:06] [main/INFO]: Found mod file cupboard-1.20.1-4.0.jar of type MOD with provider {mods folder locator at C:\Users\Matthew Acuna\curseforge\minecraft\Instances\Oscillation\mods}
[00:11:06] [main/INFO]: Found mod file curios-forge-5.14.1+1.20.1.jar of type MOD with provider {mods folder locator at C:\Users\Matthew Acuna\curseforge\minecraft\Instances\Oscillation\mods}
[00:11:06] [main/INFO]: Found mod file CyclopsCore-1.20.1-1.22.1.jar of type MOD with provider {mods folder locator at C:\Users\Matthew Acuna\curseforge\minecraft\Instances\Oscillation\mods}
[00:11:06] [main/INFO]: Found mod file does_it_tick-forge-1.1.4-1.20.1.jar of type MOD with provider {mods folder locator at C:\Users\Matthew Acuna\curseforge\minecraft\Instances\Oscillation\mods}
[00:11:06] [main/INFO]: Found mod file dummmmmmy-1.20-2.0.12-forge.jar of type MOD with provider {mods folder locator at C:\Users\Matthew Acuna\curseforge\minecraft\Instances\Oscillation\mods}
[00:11:06] [main/INFO]: Found mod file durabilitytooltip-1.1.6-forge-mc1.20.jar of type MOD with provider {mods folder locator at C:\Users\Matthew Acuna\curseforge\minecraft\Instances\Oscillation\mods}
[00:11:06] [main/INFO]: Found mod file e4mc-forge-6.2.1.jar of type MOD with provider {mods folder locator at C:\Users\Matthew Acuna\curseforge\minecraft\Instances\Oscillation\mods}
[00:11:06] [main/INFO]: Found mod file eidolon_repraised-1.20.1-0.3.10.jar of type MOD with provider {mods folder locator at C:\Users\Matthew Acuna\curseforge\minecraft\Instances\Oscillation\mods}
[00:11:06] [main/INFO]: Found mod file embeddium-0.3.31+mc1.20.1.jar of type MOD with provider {mods folder locator at C:\Users\Matthew Acuna\curseforge\minecraft\Instances\Oscillation\mods}
[00:11:06] [main/INFO]: Found mod file embersrekindled-1.20.1-1.4.7.jar of type MOD with provider {mods folder locator at C:\Users\Matthew Acuna\curseforge\minecraft\Instances\Oscillation\mods}
[00:11:06] [main/INFO]: Found mod file ExtendedAE-1.20-1.4.19-forge.jar of type MOD with provider {mods folder locator at C:\Users\Matthew Acuna\curseforge\minecraft\Instances\Oscillation\mods}
[00:11:06] [main/INFO]: Found mod file Fastload-Reforged-mc1.20.1-3.4.0.jar of type MOD with provider {mods folder locator at C:\Users\Matthew Acuna\curseforge\minecraft\Instances\Oscillation\mods}
[00:11:06] [main/INFO]: Found mod file fdbosses-3.1.0.3-1.20.1.jar of type MOD with provider {mods folder locator at C:\Users\Matthew Acuna\curseforge\minecraft\Instances\Oscillation\mods}
[00:11:06] [main/INFO]: Found mod file fdlib-1.0.9-1.20.1.jar of type MOD with provider {mods folder locator at C:\Users\Matthew Acuna\curseforge\minecraft\Instances\Oscillation\mods}
[00:11:06] [main/INFO]: Found mod file foodmod-1.0.1.jar of type MOD with provider {mods folder locator at C:\Users\Matthew Acuna\curseforge\minecraft\Instances\Oscillation\mods}
[00:11:06] [main/INFO]: Found mod file ftb-library-forge-2001.2.13.jar of type MOD with provider {mods folder locator at C:\Users\Matthew Acuna\curseforge\minecraft\Instances\Oscillation\mods}
[00:11:06] [main/INFO]: Found mod file ftb-quests-forge-2001.4.22.jar of type MOD with provider {mods folder locator at C:\Users\Matthew Acuna\curseforge\minecraft\Instances\Oscillation\mods}
[00:11:06] [main/INFO]: Found mod file ftb-teams-forge-2001.3.2.jar of type MOD with provider {mods folder locator at C:\Users\Matthew Acuna\curseforge\minecraft\Instances\Oscillation\mods}
[00:11:06] [main/INFO]: Found mod file geckolib-forge-1.20.1-4.8.4.jar of type MOD with provider {mods folder locator at C:\Users\Matthew Acuna\curseforge\minecraft\Instances\Oscillation\mods}
[00:11:06] [main/INFO]: Found mod file Glodium-1.20-1.5-forge.jar of type MOD with provider {mods folder locator at C:\Users\Matthew Acuna\curseforge\minecraft\Instances\Oscillation\mods}
[00:11:06] [main/INFO]: Found mod file guideme-20.1.15.jar of type MOD with provider {mods folder locator at C:\Users\Matthew Acuna\curseforge\minecraft\Instances\Oscillation\mods}
[00:11:06] [main/INFO]: Found mod file industrial-foregoing-1.20.1-3.5.22.jar of type MOD with provider {mods folder locator at C:\Users\Matthew Acuna\curseforge\minecraft\Instances\Oscillation\mods}
[00:11:06] [main/INFO]: Found mod file IntegratedDynamics-1.20.1-1.30.8.jar of type MOD with provider {mods folder locator at C:\Users\Matthew Acuna\curseforge\minecraft\Instances\Oscillation\mods}
[00:11:06] [main/INFO]: Found mod file irons_lib-1.20.1-2.1.0.jar of type MOD with provider {mods folder locator at C:\Users\Matthew Acuna\curseforge\minecraft\Instances\Oscillation\mods}
[00:11:06] [main/INFO]: Found mod file irons_spellbooks-1.20.1-3.16.2.jar of type MOD with provider {mods folder locator at C:\Users\Matthew Acuna\curseforge\minecraft\Instances\Oscillation\mods}
[00:11:06] [main/INFO]: Found mod file Jade-1.20.1-Forge-11.13.3.jar of type MOD with provider {mods folder locator at C:\Users\Matthew Acuna\curseforge\minecraft\Instances\Oscillation\mods}
[00:11:06] [main/INFO]: Found mod file jei-1.20.1-forge-15.20.0.112.jar of type MOD with provider {mods folder locator at C:\Users\Matthew Acuna\curseforge\minecraft\Instances\Oscillation\mods}
[00:11:06] [main/INFO]: Found mod file kubejs-forge-2001.6.5-build.26.jar of type MOD with provider {mods folder locator at C:\Users\Matthew Acuna\curseforge\minecraft\Instances\Oscillation\mods}
[00:11:06] [main/INFO]: Found mod file L_Enders_Cataclysm-3.31.jar of type MOD with provider {mods folder locator at C:\Users\Matthew Acuna\curseforge\minecraft\Instances\Oscillation\mods}
[00:11:06] [main/INFO]: Found mod file lionfishapi-3.0.jar of type MOD with provider {mods folder locator at C:\Users\Matthew Acuna\curseforge\minecraft\Instances\Oscillation\mods}
[00:11:06] [main/INFO]: Found mod file Mekanism-1.20.1-10.4.16.80.jar of type MOD with provider {mods folder locator at C:\Users\Matthew Acuna\curseforge\minecraft\Instances\Oscillation\mods}
[00:11:06] [main/INFO]: Found mod file mobtimizations-forge-1.20.1-1.0.1.jar of type MOD with provider {mods folder locator at C:\Users\Matthew Acuna\curseforge\minecraft\Instances\Oscillation\mods}
[00:11:06] [main/INFO]: Found mod file modelfix-1.15.jar of type MOD with provider {mods folder locator at C:\Users\Matthew Acuna\curseforge\minecraft\Instances\Oscillation\mods}
[00:11:06] [main/INFO]: Found mod file moonlight-1.20-2.16.34-forge.jar of type MOD with provider {mods folder locator at C:\Users\Matthew Acuna\curseforge\minecraft\Instances\Oscillation\mods}
[00:11:06] [main/INFO]: Found mod file mowziesmobs-1.8.2.jar of type MOD with provider {mods folder locator at C:\Users\Matthew Acuna\curseforge\minecraft\Instances\Oscillation\mods}
[00:11:06] [main/INFO]: Found mod file notenoughcrashes-4.4.9+1.20.1-forge.jar of type MOD with provider {mods folder locator at C:\Users\Matthew Acuna\curseforge\minecraft\Instances\Oscillation\mods}
[00:11:06] [main/INFO]: Found mod file obscure_api-18.jar of type MOD with provider {mods folder locator at C:\Users\Matthew Acuna\curseforge\minecraft\Instances\Oscillation\mods}
[00:11:06] [main/INFO]: Found mod file otherverse-1.20.1-1.2.13.jar of type MOD with provider {mods folder locator at C:\Users\Matthew Acuna\curseforge\minecraft\Instances\Oscillation\mods}
[00:11:06] [main/INFO]: Found mod file packetfixer-3.3.2-1.18-1.20.4-merged.jar of type MOD with provider {mods folder locator at C:\Users\Matthew Acuna\curseforge\minecraft\Instances\Oscillation\mods}
[00:11:06] [main/INFO]: Found mod file Patchouli-1.20.1-85-FORGE.jar of type MOD with provider {mods folder locator at C:\Users\Matthew Acuna\curseforge\minecraft\Instances\Oscillation\mods}
[00:11:06] [main/INFO]: Found mod file Pehkui-3.8.2+1.20.1-forge.jar of type MOD with provider {mods folder locator at C:\Users\Matthew Acuna\curseforge\minecraft\Instances\Oscillation\mods}
[00:11:06] [main/INFO]: Found mod file Placebo-1.20.1-8.6.3.jar of type MOD with provider {mods folder locator at C:\Users\Matthew Acuna\curseforge\minecraft\Instances\Oscillation\mods}
[00:11:06] [main/INFO]: Found mod file player-animation-lib-forge-1.0.2-rc1+1.20.jar of type MOD with provider {mods folder locator at C:\Users\Matthew Acuna\curseforge\minecraft\Instances\Oscillation\mods}
[00:11:06] [main/INFO]: Found mod file rhino-forge-2001.2.3-build.10.jar of type MOD with provider {mods folder locator at C:\Users\Matthew Acuna\curseforge\minecraft\Instances\Oscillation\mods}
[00:11:06] [main/INFO]: Found mod file Searchables-forge-1.20.1-1.0.3.jar of type MOD with provider {mods folder locator at C:\Users\Matthew Acuna\curseforge\minecraft\Instances\Oscillation\mods}
[00:11:06] [main/INFO]: Found mod file smoothboot(reloaded)-mc1.20.1-0.0.4.jar of type MOD with provider {mods folder locator at C:\Users\Matthew Acuna\curseforge\minecraft\Instances\Oscillation\mods}
[00:11:06] [main/INFO]: Found mod file smoothchunk-1.20.1-4.1.jar of type MOD with provider {mods folder locator at C:\Users\Matthew Acuna\curseforge\minecraft\Instances\Oscillation\mods}
[00:11:06] [main/INFO]: Found mod file supermartijn642configlib-1.1.8-forge-mc1.20.jar of type MOD with provider {mods folder locator at C:\Users\Matthew Acuna\curseforge\minecraft\Instances\Oscillation\mods}
[00:11:06] [main/INFO]: Found mod file the_deep_void-1.98.1-forge-1.20.1.jar of type MOD with provider {mods folder locator at C:\Users\Matthew Acuna\curseforge\minecraft\Instances\Oscillation\mods}
[00:11:06] [main/INFO]: Found mod file thermal_dynamics-1.20.1-11.0.1.23.jar of type MOD with provider {mods folder locator at C:\Users\Matthew Acuna\curseforge\minecraft\Instances\Oscillation\mods}
[00:11:06] [main/INFO]: Found mod file thermal_expansion-1.20.1-11.0.1.29.jar of type MOD with provider {mods folder locator at C:\Users\Matthew Acuna\curseforge\minecraft\Instances\Oscillation\mods}
[00:11:06] [main/INFO]: Found mod file thermal_foundation-1.20.1-11.0.6.70.jar of type MOD with provider {mods folder locator at C:\Users\Matthew Acuna\curseforge\minecraft\Instances\Oscillation\mods}
[00:11:06] [main/INFO]: Found mod file titanium-1.20.1-3.8.34.jar of type MOD with provider {mods folder locator at C:\Users\Matthew Acuna\curseforge\minecraft\Instances\Oscillation\mods}
[00:11:06] [main/INFO]: Found mod file tru.e-ending-v1.1.0c.jar of type MOD with provider {mods folder locator at C:\Users\Matthew Acuna\curseforge\minecraft\Instances\Oscillation\mods}
[00:11:06] [main/INFO]: Found mod file txnilib-forge-1.0.24-1.20.1.jar of type MOD with provider {mods folder locator at C:\Users\Matthew Acuna\curseforge\minecraft\Instances\Oscillation\mods}
[00:11:06] [main/INFO]: Found mod file witherreincarnated-1.20.1-1.0.5.jar of type MOD with provider {mods folder locator at C:\Users\Matthew Acuna\curseforge\minecraft\Instances\Oscillation\mods}
[00:11:06] [main/WARN]: Mod file C:\Users\Matthew Acuna\curseforge\minecraft\Install\libraries\net\minecraftforge\fmlcore\1.20.1-47.4.10\fmlcore-1.20.1-47.4.10.jar is missing mods.toml file
[00:11:06] [main/WARN]: Mod file C:\Users\Matthew Acuna\curseforge\minecraft\Install\libraries\net\minecraftforge\javafmllanguage\1.20.1-47.4.10\javafmllanguage-1.20.1-47.4.10.jar is missing mods.toml file
[00:11:06] [main/WARN]: Mod file C:\Users\Matthew Acuna\curseforge\minecraft\Install\libraries\net\minecraftforge\lowcodelanguage\1.20.1-47.4.10\lowcodelanguage-1.20.1-47.4.10.jar is missing mods.toml file
[00:11:06] [main/WARN]: Mod file C:\Users\Matthew Acuna\curseforge\minecraft\Install\libraries\net\minecraftforge\mclanguage\1.20.1-47.4.10\mclanguage-1.20.1-47.4.10.jar is missing mods.toml file
[00:11:06] [main/INFO]: Found mod file fmlcore-1.20.1-47.4.10.jar of type LIBRARY with provider net.minecraftforge.fml.loading.moddiscovery.MinecraftLocator@7159139f
[00:11:06] [main/INFO]: Found mod file javafmllanguage-1.20.1-47.4.10.jar of type LANGPROVIDER with provider net.minecraftforge.fml.loading.moddiscovery.MinecraftLocator@7159139f
[00:11:06] [main/INFO]: Found mod file lowcodelanguage-1.20.1-47.4.10.jar of type LANGPROVIDER with provider net.minecraftforge.fml.loading.moddiscovery.MinecraftLocator@7159139f
[00:11:06] [main/INFO]: Found mod file mclanguage-1.20.1-47.4.10.jar of type LANGPROVIDER with provider net.minecraftforge.fml.loading.moddiscovery.MinecraftLocator@7159139f
[00:11:06] [main/INFO]: Found mod file client-1.20.1-20230612.114412-srg.jar of type MOD with provider net.minecraftforge.fml.loading.moddiscovery.MinecraftLocator@7159139f
[00:11:06] [main/INFO]: Found mod file forge-1.20.1-47.4.10-universal.jar of type MOD with provider net.minecraftforge.fml.loading.moddiscovery.MinecraftLocator@7159139f
[00:11:07] [main/INFO]: Found 58 dependencies adding them to mods collection
[00:11:07] [main/INFO]: Found mod file fabric-transfer-api-v1-3.3.5+631c9cd677.jar of type MOD with provider net.minecraftforge.fml.loading.moddiscovery.JarInJarDependencyLocator@c755b2
[00:11:07] [main/INFO]: Found mod file fabric-dimensions-v1-2.1.54+8005d10d77.jar of type MOD with provider net.minecraftforge.fml.loading.moddiscovery.JarInJarDependencyLocator@c755b2
[00:11:07] [main/INFO]: Found mod file fabric-renderer-api-v1-3.2.1+cf68abbe77.jar of type MOD with provider net.minecraftforge.fml.loading.moddiscovery.JarInJarDependencyLocator@c755b2
[00:11:07] [main/INFO]: Found mod file fabric-item-api-v1-2.1.28+4d0bbcfa77.jar of type MOD with provider net.minecraftforge.fml.loading.moddiscovery.JarInJarDependencyLocator@c755b2
[00:11:07] [main/INFO]: Found mod file mixinextras-forge-0.5.4.jar of type GAMELIBRARY with provider net.minecraftforge.fml.loading.moddiscovery.JarInJarDependencyLocator@c755b2
[00:11:07] [main/INFO]: Found mod file fabric-model-loading-api-v1-1.0.3+6274ab9d77.jar of type MOD with provider net.minecraftforge.fml.loading.moddiscovery.JarInJarDependencyLocator@c755b2
[00:11:07] [main/INFO]: Found mod file fabric-rendering-fluids-v1-3.0.28+4ac5e37a77.jar of type MOD with provider net.minecraftforge.fml.loading.moddiscovery.JarInJarDependencyLocator@c755b2
[00:11:07] [main/INFO]: Found mod file fabric-screen-handler-api-v1-1.3.30+561530ec77.jar of type MOD with provider net.minecraftforge.fml.loading.moddiscovery.JarInJarDependencyLocator@c755b2
[00:11:07] [main/INFO]: Found mod file fabric-models-v0-0.4.2+7c3892a477.jar of type MOD with provider net.minecraftforge.fml.loading.moddiscovery.JarInJarDependencyLocator@c755b2
[00:11:07] [main/INFO]: Found mod file fabric-resource-loader-v0-0.11.10+bcd08ed377.jar of type MOD with provider net.minecraftforge.fml.loading.moddiscovery.JarInJarDependencyLocator@c755b2
[00:11:07] [main/INFO]: Found mod file mclib-20.jar of type GAMELIBRARY with provider net.minecraftforge.fml.loading.moddiscovery.JarInJarDependencyLocator@c755b2
[00:11:07] [main/INFO]: Found mod file thermal_core-1.20.1-11.0.6.24.jar of type MOD with provider net.minecraftforge.fml.loading.moddiscovery.JarInJarDependencyLocator@c755b2
[00:11:07] [main/INFO]: Found mod file fabric-rendering-v1-3.0.8+66e9a48f77.jar of type MOD with provider net.minecraftforge.fml.loading.moddiscovery.JarInJarDependencyLocator@c755b2
[00:11:07] [main/INFO]: Found mod file fabric-renderer-indigo-1.5.2+b5b2da4177.jar of type MOD with provider net.minecraftforge.fml.loading.moddiscovery.JarInJarDependencyLocator@c755b2
[00:11:07] [main/INFO]: Found mod file fabric-loader-2.6.0+0.15.0+1.20.1-full.jar of type LANGPROVIDER with provider net.minecraftforge.fml.loading.moddiscovery.JarInJarDependencyLocator@c755b2
[00:11:07] [main/INFO]: Found mod file fabric-convention-tags-v1-1.5.5+fa3d1c0177.jar of type MOD with provider net.minecraftforge.fml.loading.moddiscovery.JarInJarDependencyLocator@c755b2
[00:11:07] [main/INFO]: Found mod file fabric-mining-level-api-v1-2.1.50+561530ec77.jar of type MOD with provider net.minecraftforge.fml.loading.moddiscovery.JarInJarDependencyLocator@c755b2
[00:11:07] [main/INFO]: Found mod file fabric-command-api-v1-1.2.34+f71b366f77.jar of type MOD with provider net.minecraftforge.fml.loading.moddiscovery.JarInJarDependencyLocator@c755b2
[00:11:07] [main/INFO]: Found mod file fabric-block-view-api-v2-1.0.1+0767707077.jar of type MOD with provider net.minecraftforge.fml.loading.moddiscovery.JarInJarDependencyLocator@c755b2
[00:11:07] [main/INFO]: Found mod file fabric-command-api-v2-2.2.13+561530ec77.jar of type MOD with provider net.minecraftforge.fml.loading.moddiscovery.JarInJarDependencyLocator@c755b2
[00:11:07] [main/INFO]: Found mod file fabric-data-attachment-api-v1-1.0.0+30ef839e77.jar of type MOD with provider net.minecraftforge.fml.loading.moddiscovery.JarInJarDependencyLocator@c755b2
[00:11:07] [main/INFO]: Found mod file fabric-screen-api-v1-2.0.8+45a670a577.jar of type MOD with provider net.minecraftforge.fml.loading.moddiscovery.JarInJarDependencyLocator@c755b2
[00:11:07] [main/INFO]: Found mod file MixinExtras-0.5.4.jar of type GAMELIBRARY with provider net.minecraftforge.fml.loading.moddiscovery.JarInJarDependencyLocator@c755b2
[00:11:07] [main/INFO]: Found mod file fabric-particles-v1-1.1.2+78e1ecb877.jar of type MOD with provider net.minecraftforge.fml.loading.moddiscovery.JarInJarDependencyLocator@c755b2
[00:11:07] [main/INFO]: Found mod file waterconfig-gamelib-1.0.0.2.jar of type GAMELIBRARY with provider net.minecraftforge.fml.loading.moddiscovery.JarInJarDependencyLocator@c755b2
[00:11:07] [main/INFO]: Found mod file fabric-api-0.92.2+1.11.12+1.20.1.jar of type MOD with provider net.minecraftforge.fml.loading.moddiscovery.JarInJarDependencyLocator@c755b2
[00:11:07] [main/INFO]: Found mod file fabric-content-registries-v0-4.0.11+a670df1e77.jar of type MOD with provider net.minecraftforge.fml.loading.moddiscovery.JarInJarDependencyLocator@c755b2
[00:11:07] [main/INFO]: Found mod file fabric-transitive-access-wideners-v1-4.3.1+1880499877.jar of type MOD with provider net.minecraftforge.fml.loading.moddiscovery.JarInJarDependencyLocator@c755b2
[00:11:07] [main/INFO]: Found mod file h2-mvstore-2.3.232.jar of type GAMELIBRARY with provider net.minecraftforge.fml.loading.moddiscovery.JarInJarDependencyLocator@c755b2
[00:11:07] [main/INFO]: Found mod file threadly-7.0.jar of type GAMELIBRARY with provider net.minecraftforge.fml.loading.moddiscovery.JarInJarDependencyLocator@c755b2
[00:11:07] [main/INFO]: Found mod file fabric-game-rule-api-v1-1.0.40+683d4da877.jar of type MOD with provider net.minecraftforge.fml.loading.moddiscovery.JarInJarDependencyLocator@c755b2
[00:11:07] [main/INFO]: Found mod file fabric-api-base-0.4.31+ef105b4977.jar of type MOD with provider net.minecraftforge.fml.loading.moddiscovery.JarInJarDependencyLocator@c755b2
[00:11:07] [main/INFO]: Found mod file fabric-api-lookup-api-v1-1.6.36+67f9824077.jar of type MOD with provider net.minecraftforge.fml.loading.moddiscovery.JarInJarDependencyLocator@c755b2
[00:11:07] [main/INFO]: Found mod file fabric-blockrenderlayer-v1-1.1.41+1d0da21e77.jar of type MOD with provider net.minecraftforge.fml.loading.moddiscovery.JarInJarDependencyLocator@c755b2
[00:11:07] [main/INFO]: Found mod file mixinsquared-forge-0.3.6-beta.1.jar of type GAMELIBRARY with provider net.minecraftforge.fml.loading.moddiscovery.JarInJarDependencyLocator@c755b2
[00:11:07] [main/INFO]: Found mod file MixinSquared-0.3.6-beta.1.jar of type GAMELIBRARY with provider net.minecraftforge.fml.loading.moddiscovery.JarInJarDependencyLocator@c755b2
[00:11:07] [main/INFO]: Found mod file fabric-block-api-v1-1.0.11+0e6cb7f777.jar of type MOD with provider net.minecraftforge.fml.loading.moddiscovery.JarInJarDependencyLocator@c755b2
[00:11:07] [main/INFO]: Found mod file fabric-resource-conditions-api-v1-2.3.8+9e342fc177.jar of type MOD with provider net.minecraftforge.fml.loading.moddiscovery.JarInJarDependencyLocator@c755b2
[00:11:07] [main/INFO]: Found mod file fabric-item-group-api-v1-4.0.12+c9161c2d77.jar of type MOD with provider net.minecraftforge.fml.loading.moddiscovery.JarInJarDependencyLocator@c755b2
[00:11:07] [main/INFO]: Found mod file fabric-biome-api-v1-13.0.13+dc36698e77.jar of type MOD with provider net.minecraftforge.fml.loading.moddiscovery.JarInJarDependencyLocator@c755b2
[00:11:07] [main/INFO]: Found mod file fabric-entity-events-v1-1.6.0+4ca7515277.jar of type MOD with provider net.minecraftforge.fml.loading.moddiscovery.JarInJarDependencyLocator@c755b2
[00:11:07] [main/INFO]: Found mod file kaleido-config-0.3.3+1.3.2.jar of type GAMELIBRARY with provider net.minecraftforge.fml.loading.moddiscovery.JarInJarDependencyLocator@c755b2
[00:11:07] [main/INFO]: Found mod file fabric-registry-sync-v0-2.3.3+1c0ea72177.jar of type MOD with provider net.minecraftforge.fml.loading.moddiscovery.JarInJarDependencyLocator@c755b2
[00:11:07] [main/INFO]: Found mod file ae2addonlib-1.0.4-1.20.1.jar of type MOD with provider net.minecraftforge.fml.loading.moddiscovery.JarInJarDependencyLocator@c755b2
[00:11:07] [main/INFO]: Found mod file fabric-recipe-api-v1-1.0.21+514a076577.jar of type MOD with provider net.minecraftforge.fml.loading.moddiscovery.JarInJarDependencyLocator@c755b2
[00:11:07] [main/INFO]: Found mod file fabric-loot-api-v2-1.2.1+eb28f93e77.jar of type MOD with provider net.minecraftforge.fml.loading.moddiscovery.JarInJarDependencyLocator@c755b2
[00:11:07] [main/INFO]: Found mod file fabric-object-builder-api-v1-11.1.3+4bd998fa77.jar of type MOD with provider net.minecraftforge.fml.loading.moddiscovery.JarInJarDependencyLocator@c755b2
[00:11:07] [main/INFO]: Found mod file asyncutil-0.1.0.jar of type GAMELIBRARY with provider net.minecraftforge.fml.loading.moddiscovery.JarInJarDependencyLocator@c755b2
[00:11:07] [main/INFO]: Found mod file fabric-rendering-data-attachment-v1-0.3.37+a6081afc77.jar of type MOD with provider net.minecraftforge.fml.loading.moddiscovery.JarInJarDependencyLocator@c755b2
[00:11:07] [main/INFO]: Found mod file fabric-networking-api-v1-1.3.11+503a202477.jar of type MOD with provider net.minecraftforge.fml.loading.moddiscovery.JarInJarDependencyLocator@c755b2
[00:11:07] [main/INFO]: Found mod file fabric-sound-api-v1-1.0.13+4f23bd8477.jar of type MOD with provider net.minecraftforge.fml.loading.moddiscovery.JarInJarDependencyLocator@c755b2
[00:11:07] [main/INFO]: Found mod file fabric-message-api-v1-5.1.9+52cc178c77.jar of type MOD with provider net.minecraftforge.fml.loading.moddiscovery.JarInJarDependencyLocator@c755b2
[00:11:07] [main/INFO]: Found mod file exp4j-0.4.8.jar of type GAMELIBRARY with provider net.minecraftforge.fml.loading.moddiscovery.JarInJarDependencyLocator@c755b2
[00:11:07] [main/INFO]: Found mod file fabric-lifecycle-events-v1-2.2.22+afab492177.jar of type MOD with provider net.minecraftforge.fml.loading.moddiscovery.JarInJarDependencyLocator@c755b2
[00:11:07] [main/INFO]: Found mod file fabric-data-generation-api-v1-12.3.4+369cb3a477.jar of type MOD with provider net.minecraftforge.fml.loading.moddiscovery.JarInJarDependencyLocator@c755b2
[00:11:07] [main/INFO]: Found mod file fabric-events-interaction-v0-0.6.2+0d0bd5a777.jar of type MOD with provider net.minecraftforge.fml.loading.moddiscovery.JarInJarDependencyLocator@c755b2
[00:11:07] [main/INFO]: Found mod file fabric-key-binding-api-v1-1.0.37+561530ec77.jar of type MOD with provider net.minecraftforge.fml.loading.moddiscovery.JarInJarDependencyLocator@c755b2
[00:11:07] [main/INFO]: Found mod file fabric-client-tags-api-v1-1.1.2+5d6761b877.jar of type MOD with provider net.minecraftforge.fml.loading.moddiscovery.JarInJarDependencyLocator@c755b2
[00:11:10] [main/INFO]: Compatibility level set to JAVA_17
[00:11:10] [main/ERROR]: Mixin config fabric-item-api-v1.client.mixins.json does not specify "minVersion" property
[00:11:10] [main/ERROR]: Mixin config fabric-data-attachment-api-v1.mixins.json does not specify "minVersion" property
[00:11:10] [main/ERROR]: Mixin config fabric-data-attachment-api-v1.client.mixins.json does not specify "minVersion" property
[00:11:10] [main/ERROR]: Mixin config fabric-item-group-api-v1.mixins.json does not specify "minVersion" property
[00:11:10] [main/ERROR]: Mixin config fabric-item-group-api-v1.client.mixins.json does not specify "minVersion" property
[00:11:10] [main/INFO]: Propagating FML mod list to Fabric Loader
[00:11:10] [main/INFO]: Launching target 'forgeclient' with arguments [--version, forge-47.4.10, --gameDir, C:\Users\Matthew Acuna\curseforge\minecraft\Instances\Oscillation, --assetsDir, C:\Users\Matthew Acuna\curseforge\minecraft\Install\assets, --uuid, 12ee603945cc4234b0ccb07321a7a151, --username, SporiumCorium, --assetIndex, 5, --accessToken, ????????, --clientId, YTk5OGFkNWEtYzc3Ny00OGNmLTkxMWEtY2M1M2RkOTIwOTFk, --xuid, 2535436647454664, --userType, msa, --versionType, release, --width, 1024, --height, 768, --quickPlayPath, C:\Users\Matthew Acuna\curseforge\minecraft\Install\quickPlay\java\1786864259498.json]
[00:11:10] [main/INFO]: Loaded configuration file for Embeddium: 186 options available, 0 override(s) found
[00:11:10] [main/INFO]: Searching for graphics cards...
[00:11:11] [main/INFO]: Found graphics card: GraphicsAdapterInfo[vendor=AMD, name=AMD Radeon RX 6700 XT, version=DriverVersion=32.0.12019.1028]
[00:11:11] [main/INFO]: ========================================================
[00:11:11] [main/INFO]: [C2ME-Forge] BOOTING  v0.2.0-forge.3  build 2026-07-28T21:41:46  (#1785267706374)
[00:11:11] [main/INFO]: ========================================================
[00:11:11] [main/INFO]: Initializing com.ishland.c2me.base.mixin
[00:11:11] [main/INFO]: Initializing com.ishland.c2me.client.uncapvd.mixin
[00:11:11] [main/INFO]: Initializing com.ishland.c2me.fixes.chunkio.threading_issues.mixin
[00:11:11] [main/INFO]: Initializing com.ishland.c2me.fixes.general.threading_issues.mixin
[00:11:11] [main/INFO]: Initializing com.ishland.c2me.fixes.worldgen.threading_issues.mixin
[00:11:11] [main/INFO]: Initializing com.ishland.c2me.fixes.worldgen.vanilla_bugs.mixin
[00:11:11] [main/INFO]: Initializing com.ishland.c2me.notickvd.mixin
[00:11:11] [main/INFO]: Initializing com.ishland.c2me.opts.allocs.mixin
[00:11:11] [main/INFO]: Initializing com.ishland.c2me.opts.chunk_access.mixin
[00:11:11] [main/INFO]: Initializing com.ishland.c2me.opts.chunkio.mixin
[00:11:11] [main/INFO]: Initializing com.ishland.c2me.opts.math.mixin
[00:11:11] [main/INFO]: Initializing com.ishland.c2me.opts.scheduling.mixin
[00:11:11] [main/INFO]: Initializing com.ishland.c2me.opts.worldgen.general.mixin
[00:11:11] [main/INFO]: Initializing com.ishland.c2me.opts.worldgen.vanilla.mixin
[00:11:11] [main/INFO]: Initializing com.ishland.c2me.rewrites.chunk_serializer.mixin
[00:11:11] [main/INFO]: Initializing com.ishland.c2me.rewrites.chunkio.mixin
[00:11:11] [main/INFO]: Initializing com.ishland.c2me.threading.chunkio.mixin
[00:11:11] [main/INFO]: Initializing com.ishland.c2me.threading.lighting.mixin
[00:11:11] [main/INFO]: Initializing com.ishland.c2me.threading.worldgen.mixin
[00:11:11] [main/WARN]: Reference map 'coroutil.refmap.json' for coroutil.mixins.json could not be read. If this is a development environment you can ignore this message
[00:11:11] [main/INFO]: Packet Fixer forge 1.19.4-1.20.1 has been applied successfully.
[00:11:11] [main/INFO]: Config version: 6
[00:11:11] [main/INFO]: BadOptimizations config dump:
[00:11:11] [main/INFO]: enable_toast_optimizations: true
[00:11:11] [main/INFO]: ignore_mod_incompatibilities: false
[00:11:11] [main/INFO]: lightmap_time_change_needed_for_update: 80
[00:11:11] [main/INFO]: enable_lightmap_caching: true
[00:11:11] [main/INFO]: enable_particle_manager_optimization: true
[00:11:11] [main/INFO]: enable_entity_renderer_caching: true
[00:11:11] [main/INFO]: log_config: true
[00:11:11] [main/INFO]: enable_remove_redundant_fov_calculations: true
[00:11:11] [main/INFO]: config_version: 6
[00:11:11] [main/INFO]: enable_sky_angle_caching_in_worldrenderer: true
[00:11:11] [main/INFO]: enable_block_entity_renderer_caching: true
[00:11:11] [main/INFO]: skycolor_time_change_needed_for_update: 3
[00:11:11] [main/INFO]: enable_entity_flag_caching: true
[00:11:11] [main/INFO]: ignore_mod_cache_hooks: false
[00:11:11] [main/INFO]: enable_debug_renderer_disable_if_not_needed: true
[00:11:11] [main/INFO]: enable_sky_color_caching: true
[00:11:11] [main/INFO]: enable_remove_tutorial_if_not_demo: true
[00:11:11] [main/INFO]: show_f3_text: true
[00:11:12] [main/INFO]: Patching IForgeItemStack#getEnchantmentLevel
[00:11:12] [main/INFO]: Patching IForgeItemStack#getEnchantmentLevel
[00:11:12] [main/WARN]: Error loading class: net/caffeinemc/sodium/config/user/UserConfigCategories (java.lang.ClassNotFoundException: net.caffeinemc.sodium.config.user.UserConfigCategories)
[00:11:13] [main/WARN]: Error loading class: ca/spottedleaf/starlight/common/light/SWMRNibbleArray$SaveState (java.lang.ClassNotFoundException: ca.spottedleaf.starlight.common.light.SWMRNibbleArray$SaveState)
[00:11:13] [main/WARN]: Error loading class: uk/co/dotcode/asb/ModUtils (java.lang.ClassNotFoundException: uk.co.dotcode.asb.ModUtils)
[00:11:13] [main/WARN]: @Mixin target uk.co.dotcode.asb.ModUtils was not found mobtimizations.mixins.json:MixinArmorSetBonusesImmuneCheck
[00:11:13] [main/WARN]: Error loading class: dev/emi/emi/EmiUtil (java.lang.ClassNotFoundException: dev.emi.emi.EmiUtil)
[00:11:13] [main/WARN]: Error loading class: mezz/modnametooltip/TooltipEventHandler (java.lang.ClassNotFoundException: mezz.modnametooltip.TooltipEventHandler)
[00:11:13] [main/WARN]: Error loading class: me/shedaniel/rei/impl/client/ClientHelperImpl (java.lang.ClassNotFoundException: me.shedaniel.rei.impl.client.ClientHelperImpl)
[00:11:13] [main/WARN]: Error loading class: blusunrize/immersiveengineering/api/wires/GlobalWireNetwork (java.lang.ClassNotFoundException: blusunrize.immersiveengineering.api.wires.GlobalWireNetwork)
[00:11:13] [main/WARN]: @Mixin target blusunrize.immersiveengineering.api.wires.GlobalWireNetwork was not found mixins.epp.json:MixinGlobalWireNetwork
[00:11:13] [main/WARN]: Error loading class: dev/ftb/mods/ftbchunks/data/ClaimedChunkManagerImpl (java.lang.ClassNotFoundException: dev.ftb.mods.ftbchunks.data.ClaimedChunkManagerImpl)
[00:11:13] [main/WARN]: @Mixin target dev.ftb.mods.ftbchunks.data.ClaimedChunkManagerImpl was not found mixins.does_it_tick.json:ClaimedChunkManagerAccessor
[00:11:13] [main/INFO]: Class dev.uncandango.alltheleaks.leaks.common.mods.moonlight.UntrackedIssue001 will be loaded as it matches versions: 1.20-2.16.34 in [1.20-2.13.32,)
[00:11:13] [main/INFO]: Mixins added to allowed list: [main.FakeLevelManagerMixin]
[00:11:13] [main/INFO]: Class dev.uncandango.alltheleaks.leaks.common.mods.minecraft.UntrackedIssue002 will be loaded as it matches versions: 1.20.1 in 1.20.1
[00:11:13] [main/INFO]: Mixins added to allowed list: [main.EntityTickListMixin]
[00:11:13] [main/INFO]: Class dev.uncandango.alltheleaks.leaks.common.mods.minecraft.UntrackedIssue001 will be loaded as it matches versions: 1.20.1 in 1.20.1
[00:11:13] [main/INFO]: Class dev.uncandango.alltheleaks.leaks.common.mods.irons_spellbooks.UntrackedIssue001 will be loaded as it matches versions: 1.20.1-3.16.2 in [1.20.1-3.4.0,)
[00:11:13] [main/INFO]: Mixins added to allowed list: [main.ServerPlayerEventsMixin]
[00:11:13] [main/INFO]: Class dev.uncandango.alltheleaks.leaks.common.mods.forge.UntrackedIssue002 will be loaded as it matches versions: 47.4.10 in [47.2,)
[00:11:13] [main/INFO]: Mixins added to allowed list: [accessor.FakePlayerNetHandlerAccessor, accessor.ConnectionAccessor]
[00:11:13] [main/INFO]: Class dev.uncandango.alltheleaks.leaks.common.mods.forge.UntrackedIssue001 will be loaded as it matches versions: 47.4.10 in [47.2,)
[00:11:13] [main/INFO]: Mixins added to allowed list: [main.ServerPlayerMixin, main.PlayerListMixin, accessor.PlayerAdvancementsAccessor]
[00:11:13] [main/INFO]: Class dev.uncandango.alltheleaks.leaks.common.mods.forge.Issue39 will be loaded as it matches versions: 47.4.10 in [47.2,)
[00:11:13] [main/INFO]: Class dev.uncandango.alltheleaks.leaks.common.mods.forge.Issue10684 will be loaded as it matches versions: 47.4.10 in *
[00:11:13] [main/INFO]: Class dev.uncandango.alltheleaks.leaks.common.mods.fabric_networking_api_v1.UntrackedIssue001 will be loaded as it matches versions: 1.3.11+503a202477 in (,1.3.14)
[00:11:13] [main/INFO]: Mixins added to allowed list: [main.ServerPlayNetworkAddonMixin, main.ServerPlayNetworkHandlerMixinSquared]
[00:11:13] [main/INFO]: Class dev.uncandango.alltheleaks.leaks.common.mods.curios.UntrackedIssue001 will be loaded as it matches versions: 5.14.1+1.20.1 in [5.9.1,)
[00:11:13] [main/INFO]: Mixins added to allowed list: [main.CuriosEventHandlerMixin]
[00:11:13] [main/INFO]: Class dev.uncandango.alltheleaks.leaks.common.mods.citadel.UntrackedIssue001 will be loaded as it matches versions: 2.6.3 in [2.5.4,)
[00:11:13] [main/INFO]: Class dev.uncandango.alltheleaks.leaks.common.mods.architectury.UntrackedIssue001 will be loaded as it matches versions: 9.2.14 in [9.0.8,)
[00:11:13] [main/INFO]: Class dev.uncandango.alltheleaks.leaks.common.mods.ae2wtlib.UntrackedIssue001 will be loaded as it matches versions: 15.3.3-forge in [15.2.3,)
[00:11:13] [main/INFO]: Class dev.uncandango.alltheleaks.leaks.client.mods.mowziesmobs.UntrackedIssue002 will be loaded as it matches versions: 1.8.2 in [1.7.0,)
[00:11:13] [main/INFO]: Mixins added to allowed list: [main.MMModelAnimatorMixin, main.RenderUmvuthiMixin, main.RenderGeomancyBaseMixin]
[00:11:13] [main/INFO]: Class dev.uncandango.alltheleaks.leaks.client.mods.minecraft.UntrackedIssue001 will be loaded as it matches versions: 1.20.1 in 1.20.1
[00:11:13] [main/INFO]: Mixins added to allowed list: [main.ATLItemStackMixin, main.MinecraftMixin, main.SynchedEntityDataMixin]
[00:11:13] [main/INFO]: Class dev.uncandango.alltheleaks.leaks.client.mods.minecraft.EnderDragonLeak will be loaded as it matches versions: 1.20.1 in 1.20.1
[00:11:13] [main/INFO]: Mixins added to allowed list: [main.EnderDragonRendererMixin, accessor.EnderDragonRendererModelAccessor]
[00:11:13] [main/INFO]: Class dev.uncandango.alltheleaks.leaks.client.mods.jei.UntrackedIssue001 will be loaded as it matches versions: 15.20.0.112 in [15.8.2.24,)
[00:11:13] [main/INFO]: Mixins added to allowed list: [main.RecipeTransferButtonMixin, main.LazySortedRecipeLayoutListMixin]
[00:11:13] [main/INFO]: Class dev.uncandango.alltheleaks.leaks.client.mods.irons_spellbooks.UntrackedIssue002 will be loaded as it matches versions: 1.20.1-3.16.2 in [1.20.1-3.4.0,)
[00:11:13] [main/INFO]: Class dev.uncandango.alltheleaks.leaks.client.mods.irons_spellbooks.UntrackedIssue001 will be loaded as it matches versions: 1.20.1-3.16.2 in [1.20.1-3.4.0,)
[00:11:13] [main/INFO]: Class dev.uncandango.alltheleaks.leaks.client.mods.geckolib.UntrackedIssue001 will be loaded as it matches versions: 4.8.4 in [4.4.8,)
[00:11:13] [main/INFO]: Mixins added to allowed list: [main.GeoModelMixin, main.GeoArmorRendererMixin]
[00:11:13] [main/INFO]: Class dev.uncandango.alltheleaks.leaks.client.mods.ftblibrary.UntrackedIssue001 will be loaded as it matches versions: 2001.2.13 in [2001.2.2,)
[00:11:13] [main/INFO]: Mixins added to allowed list: [accessor.BaseScreenAccessor]
[00:11:13] [main/INFO]: Class dev.uncandango.alltheleaks.leaks.client.mods.cyclopscore.UntrackedIssue001 will be loaded as it matches versions: 1.22.1 in [1.19.1,)
[00:11:13] [main/INFO]: Mixins added to allowed list: [main.DelegatingDynamicItemAndBlockModelMixin]
[00:11:13] [main/INFO]: Class dev.uncandango.alltheleaks.leaks.client.mods.citadel.UntrackedIssue001 will be loaded as it matches versions: 2.6.3 in [2.5.4,)
[00:11:13] [main/INFO]: Mixins added to allowed list: [main.ModelAnimatorMixin]
[00:11:13] [main/INFO]: Class dev.uncandango.alltheleaks.leaks.client.mods.botania.UntrackedIssue001 will be loaded as it matches versions: 1.20.1-454-FORGE in *
[00:11:13] [main/INFO]: Class dev.uncandango.alltheleaks.leaks.client.mods.ae2wtlib.UntrackedIssue002 will be loaded as it matches versions: 15.3.3-forge in [15.2.3,)
[00:11:13] [main/INFO]: Mixins added to allowed list: [main.AE2wtlibForgeMixin, main.AE2WTLibCreativeTabMixin, main.AE2WTLibCreativeTabMixin$AE2wtlibAccessor]
[00:11:13] [main/INFO]: Class dev.uncandango.alltheleaks.leaks.client.mods.ae2wtlib.UntrackedIssue001 will be loaded as it matches versions: 15.3.3-forge in [15.2.3,)
[00:11:13] [main/INFO]: Class dev.uncandango.alltheleaks.fix.common.mods.kubejs.FixItemStackModification will be loaded as it matches versions: 2001.6.5-build.26 in *
[00:11:13] [main/INFO]: Mixins added to allowed list: [main.IngredientKJSMixin]
[00:11:13] [main/INFO]: Class dev.uncandango.alltheleaks.fix.common.mods.jei.FixItemStackCopy will be loaded as it matches versions: 15.20.0.112 in *
[00:11:13] [main/INFO]: Mixins added to allowed list: [main.SmithingCategoryExtensionMixin, main.NormalizedTypedItemStackMixin, main.IngredientSetMixin]
[00:11:13] [main/INFO]: Class dev.uncandango.alltheleaks.fix.common.mods.cyclopscore.FixCapabilityTags will be loaded as it matches versions: 1.22.1 in *
[00:11:13] [main/INFO]: Mixins added to allowed list: [main.FluidHandlerItemCapacityMixin]
[00:11:13] [main/INFO]: Class dev.uncandango.alltheleaks.fix.common.mods.cofh_core.FixItemStackCopy will be loaded as it matches versions: 11.0.2 in *
[00:11:13] [main/INFO]: Mixins added to allowed list: [main.IngredientWithCountMixin]
[00:11:13] [main/INFO]: Class dev.uncandango.alltheleaks.feature.common.mods.minecraft.MemoryMonitor will be loaded as it matches versions: 1.20.1 in 1.20.1
[00:11:13] [main/INFO]: Mixins added to allowed list: [main.PlayerMixin, main.ChunkAccessMixin, main.LevelMixin, main.MinecraftServerMixin]
[00:11:13] [main/INFO]: Class dev.uncandango.alltheleaks.feature.common.mods.minecraft.ClearLeakedLevelChunks will be loaded as it matches versions: 1.20.1 in 1.20.1
[00:11:13] [main/INFO]: Mixins added to allowed list: [accessor.LevelAccessor, main.RebindableTickingBlockEntityWrapperMixin, accessor.LevelChunkAccessor]
[00:11:13] [main/INFO]: Loaded config for: betterfpsdist.json
[00:11:13] [main/INFO]: Patching IForgeItemStack#getEnchantmentLevel
[00:11:13] [main/INFO]: Patching IForgeItemStack#getEnchantmentLevel
[00:11:14] [main/ERROR]: Could not read config chunksending.json from:C:\Users\Matthew Acuna\curseforge\minecraft\Instances\Oscillation\config\chunksending.json
java.lang.NullPointerException: Cannot invoke "com.google.gson.JsonElement.getAsBoolean()" because the return value of "com.google.gson.JsonObject.get(String)" is null
	at com.chunksending.config.CommonConfiguration.deserialize(CommonConfiguration.java:84) ~[chunksending-1.20.1-3.7.jar%23275!/:1.20.1-3.7]
	at com.cupboard.config.CupboardConfig.load(CupboardConfig.java:175) ~[cupboard-1.20.1-4.0.jar%23282!/:1.20.1-4.0]
	at com.cupboard.config.CupboardConfig.load(CupboardConfig.java:144) ~[cupboard-1.20.1-4.0.jar%23282!/:1.20.1-4.0]
	at com.cupboard.config.CupboardConfig.getCommonConfig(CupboardConfig.java:288) ~[cupboard-1.20.1-4.0.jar%23282!/:1.20.1-4.0]
	at com.chunksending.mixin.MixinConfig.shouldApplyMixin(MixinConfig.java:28) ~[chunksending-1.20.1-3.7.jar%23275!/:1.20.1-3.7]
	at org.spongepowered.asm.mixin.transformer.PluginHandle.shouldApplyMixin(PluginHandle.java:132) ~[mixin-0.8.5.jar:0.8.5+Jenkins-b310.git-155314e6e91465dad727e621a569906a410cd6f4]
	at org.spongepowered.asm.mixin.transformer.MixinInfo.shouldApplyMixin(MixinInfo.java:987) ~[mixin-0.8.5.jar:0.8.5+Jenkins-b310.git-155314e6e91465dad727e621a569906a410cd6f4]
	at org.spongepowered.asm.mixin.transformer.MixinInfo.readDeclaredTargets(MixinInfo.java:952) ~[mixin-0.8.5.jar:0.8.5+Jenkins-b310.git-155314e6e91465dad727e621a569906a410cd6f4]
	at org.spongepowered.asm.mixin.transformer.MixinInfo.<init>(MixinInfo.java:881) ~[mixin-0.8.5.jar:0.8.5+Jenkins-b310.git-155314e6e91465dad727e621a569906a410cd6f4]
	at org.spongepowered.asm.mixin.transformer.MixinConfig.prepareMixins(MixinConfig.java:850) ~[mixin-0.8.5.jar:0.8.5+Jenkins-b310.git-155314e6e91465dad727e621a569906a410cd6f4]
	at org.spongepowered.asm.mixin.transformer.MixinConfig.prepare(MixinConfig.java:775) ~[mixin-0.8.5.jar:0.8.5+Jenkins-b310.git-155314e6e91465dad727e621a569906a410cd6f4]
	at org.spongepowered.asm.mixin.transformer.MixinProcessor.prepareConfigs(MixinProcessor.java:539) ~[mixin-0.8.5.jar:0.8.5+Jenkins-b310.git-155314e6e91465dad727e621a569906a410cd6f4]
	at org.spongepowered.asm.mixin.transformer.MixinProcessor.select(MixinProcessor.java:462) ~[mixin-0.8.5.jar:0.8.5+Jenkins-b310.git-155314e6e91465dad727e621a569906a410cd6f4]
	at org.spongepowered.asm.mixin.transformer.MixinProcessor.checkSelect(MixinProcessor.java:438) ~[mixin-0.8.5.jar:0.8.5+Jenkins-b310.git-155314e6e91465dad727e621a569906a410cd6f4]
	at org.spongepowered.asm.mixin.transformer.MixinProcessor.applyMixins(MixinProcessor.java:290) ~[mixin-0.8.5.jar:0.8.5+Jenkins-b310.git-155314e6e91465dad727e621a569906a410cd6f4]
	at org.spongepowered.asm.mixin.transformer.MixinTransformer.transformClass(MixinTransformer.java:250) ~[mixin-0.8.5.jar:0.8.5+Jenkins-b310.git-155314e6e91465dad727e621a569906a410cd6f4]
	at org.spongepowered.asm.service.modlauncher.MixinTransformationHandler.processClass(MixinTransformationHandler.java:131) ~[mixin-0.8.5.jar:0.8.5+Jenkins-b310.git-155314e6e91465dad727e621a569906a410cd6f4]
	at org.spongepowered.asm.launch.MixinLaunchPluginLegacy.processClass(MixinLaunchPluginLegacy.java:131) ~[mixin-0.8.5.jar:0.8.5+Jenkins-b310.git-155314e6e91465dad727e621a569906a410cd6f4]
	at cpw.mods.modlauncher.serviceapi.ILaunchPluginService.processClassWithFlags(ILaunchPluginService.java:156) ~[modlauncher-10.0.9.jar:10.0.9+10.0.9+main.dcd20f30]
	at cpw.mods.modlauncher.LaunchPluginHandler.offerClassNodeToPlugins(LaunchPluginHandler.java:88) ~[modlauncher-10.0.9.jar:?]
	at cpw.mods.modlauncher.ClassTransformer.transform(ClassTransformer.java:120) ~[modlauncher-10.0.9.jar:?]
	at cpw.mods.modlauncher.TransformingClassLoader.maybeTransformClassBytes(TransformingClassLoader.java:50) ~[modlauncher-10.0.9.jar:?]
	at cpw.mods.cl.ModuleClassLoader.readerToClass(ModuleClassLoader.java:113) ~[securejarhandler-2.1.10.jar:?]
	at cpw.mods.cl.ModuleClassLoader.lambda$findClass$15(ModuleClassLoader.java:219) ~[securejarhandler-2.1.10.jar:?]
	at cpw.mods.cl.ModuleClassLoader.loadFromModule(ModuleClassLoader.java:229) ~[securejarhandler-2.1.10.jar:?]
	at cpw.mods.cl.ModuleClassLoader.findClass(ModuleClassLoader.java:219) ~[securejarhandler-2.1.10.jar:?]
	at java.lang.ClassLoader.loadClass(ClassLoader.java:637) ~[?:?]
	at java.lang.Class.forName(Class.java:545) ~[?:?]
	at net.minecraftforge.fml.earlydisplay.DisplayWindow.lambda$updateModuleReads$13(DisplayWindow.java:615) ~[fmlearlydisplay-1.20.1-47.4.10.jar:1.0]
	at java.util.Optional.map(Optional.java:260) ~[?:?]
	at net.minecraftforge.fml.earlydisplay.DisplayWindow.updateModuleReads(DisplayWindow.java:615) ~[fmlearlydisplay-1.20.1-47.4.10.jar:1.0]
	at net.minecraftforge.fml.loading.ImmediateWindowHandler.acceptGameLayer(ImmediateWindowHandler.java:71) ~[fmlloader-1.20.1-47.4.10.jar:1.0]
	at net.minecraftforge.fml.loading.FMLLoader.beforeStart(FMLLoader.java:216) ~[fmlloader-1.20.1-47.4.10.jar:1.0]
	at net.minecraftforge.fml.loading.targets.CommonLaunchHandler.launchService(CommonLaunchHandler.java:92) ~[fmlloader-1.20.1-47.4.10.jar:?]
	at cpw.mods.modlauncher.LaunchServiceHandlerDecorator.launch(LaunchServiceHandlerDecorator.java:30) ~[modlauncher-10.0.9.jar:?]
	at cpw.mods.modlauncher.LaunchServiceHandler.launch(LaunchServiceHandler.java:53) ~[modlauncher-10.0.9.jar:?]
	at cpw.mods.modlauncher.LaunchServiceHandler.launch(LaunchServiceHandler.java:71) ~[modlauncher-10.0.9.jar:?]
	at cpw.mods.modlauncher.Launcher.run(Launcher.java:108) ~[modlauncher-10.0.9.jar:?]
	at cpw.mods.modlauncher.Launcher.main(Launcher.java:78) ~[modlauncher-10.0.9.jar:?]
	at cpw.mods.modlauncher.BootstrapLaunchConsumer.accept(BootstrapLaunchConsumer.java:26) ~[modlauncher-10.0.9.jar:?]
	at cpw.mods.modlauncher.BootstrapLaunchConsumer.accept(BootstrapLaunchConsumer.java:23) ~[modlauncher-10.0.9.jar:?]
	at cpw.mods.bootstraplauncher.BootstrapLauncher.main(BootstrapLauncher.java:141) ~[bootstraplauncher-1.1.2.jar:?]
[00:11:14] [main/ERROR]: Could not read config chunksending.json from:C:\Users\Matthew Acuna\curseforge\minecraft\Instances\Oscillation\config\chunksending.json
java.lang.NullPointerException: Cannot invoke "com.google.gson.JsonElement.getAsBoolean()" because the return value of "com.google.gson.JsonObject.get(String)" is null
	at com.chunksending.config.CommonConfiguration.deserialize(CommonConfiguration.java:84) ~[chunksending-1.20.1-3.7.jar%23275!/:1.20.1-3.7]
	at com.cupboard.config.CupboardConfig.load(CupboardConfig.java:175) ~[cupboard-1.20.1-4.0.jar%23282!/:1.20.1-4.0]
	at com.cupboard.config.CupboardConfig.load(CupboardConfig.java:144) ~[cupboard-1.20.1-4.0.jar%23282!/:1.20.1-4.0]
	at com.cupboard.config.CupboardConfig.load(CupboardConfig.java:216) ~[cupboard-1.20.1-4.0.jar%23282!/:1.20.1-4.0]
	at com.cupboard.config.CupboardConfig.load(CupboardConfig.java:144) ~[cupboard-1.20.1-4.0.jar%23282!/:1.20.1-4.0]
	at com.cupboard.config.CupboardConfig.getCommonConfig(CupboardConfig.java:288) ~[cupboard-1.20.1-4.0.jar%23282!/:1.20.1-4.0]
	at com.chunksending.mixin.MixinConfig.shouldApplyMixin(MixinConfig.java:28) ~[chunksending-1.20.1-3.7.jar%23275!/:1.20.1-3.7]
	at org.spongepowered.asm.mixin.transformer.PluginHandle.shouldApplyMixin(PluginHandle.java:132) ~[mixin-0.8.5.jar:0.8.5+Jenkins-b310.git-155314e6e91465dad727e621a569906a410cd6f4]
	at org.spongepowered.asm.mixin.transformer.MixinInfo.shouldApplyMixin(MixinInfo.java:987) ~[mixin-0.8.5.jar:0.8.5+Jenkins-b310.git-155314e6e91465dad727e621a569906a410cd6f4]
	at org.spongepowered.asm.mixin.transformer.MixinInfo.readDeclaredTargets(MixinInfo.java:952) ~[mixin-0.8.5.jar:0.8.5+Jenkins-b310.git-155314e6e91465dad727e621a569906a410cd6f4]
	at org.spongepowered.asm.mixin.transformer.MixinInfo.<init>(MixinInfo.java:881) ~[mixin-0.8.5.jar:0.8.5+Jenkins-b310.git-155314e6e91465dad727e621a569906a410cd6f4]
	at org.spongepowered.asm.mixin.transformer.MixinConfig.prepareMixins(MixinConfig.java:850) ~[mixin-0.8.5.jar:0.8.5+Jenkins-b310.git-155314e6e91465dad727e621a569906a410cd6f4]
	at org.spongepowered.asm.mixin.transformer.MixinConfig.prepare(MixinConfig.java:775) ~[mixin-0.8.5.jar:0.8.5+Jenkins-b310.git-155314e6e91465dad727e621a569906a410cd6f4]
	at org.spongepowered.asm.mixin.transformer.MixinProcessor.prepareConfigs(MixinProcessor.java:539) ~[mixin-0.8.5.jar:0.8.5+Jenkins-b310.git-155314e6e91465dad727e621a569906a410cd6f4]
	at org.spongepowered.asm.mixin.transformer.MixinProcessor.select(MixinProcessor.java:462) ~[mixin-0.8.5.jar:0.8.5+Jenkins-b310.git-155314e6e91465dad727e621a569906a410cd6f4]
	at org.spongepowered.asm.mixin.transformer.MixinProcessor.checkSelect(MixinProcessor.java:438) ~[mixin-0.8.5.jar:0.8.5+Jenkins-b310.git-155314e6e91465dad727e621a569906a410cd6f4]
	at org.spongepowered.asm.mixin.transformer.MixinProcessor.applyMixins(MixinProcessor.java:290) ~[mixin-0.8.5.jar:0.8.5+Jenkins-b310.git-155314e6e91465dad727e621a569906a410cd6f4]
	at org.spongepowered.asm.mixin.transformer.MixinTransformer.transformClass(MixinTransformer.java:250) ~[mixin-0.8.5.jar:0.8.5+Jenkins-b310.git-155314e6e91465dad727e621a569906a410cd6f4]
	at org.spongepowered.asm.service.modlauncher.MixinTransformationHandler.processClass(MixinTransformationHandler.java:131) ~[mixin-0.8.5.jar:0.8.5+Jenkins-b310.git-155314e6e91465dad727e621a569906a410cd6f4]
	at org.spongepowered.asm.launch.MixinLaunchPluginLegacy.processClass(MixinLaunchPluginLegacy.java:131) ~[mixin-0.8.5.jar:0.8.5+Jenkins-b310.git-155314e6e91465dad727e621a569906a410cd6f4]
	at cpw.mods.modlauncher.serviceapi.ILaunchPluginService.processClassWithFlags(ILaunchPluginService.java:156) ~[modlauncher-10.0.9.jar:10.0.9+10.0.9+main.dcd20f30]
	at cpw.mods.modlauncher.LaunchPluginHandler.offerClassNodeToPlugins(LaunchPluginHandler.java:88) ~[modlauncher-10.0.9.jar:?]
	at cpw.mods.modlauncher.ClassTransformer.transform(ClassTransformer.java:120) ~[modlauncher-10.0.9.jar:?]
	at cpw.mods.modlauncher.TransformingClassLoader.maybeTransformClassBytes(TransformingClassLoader.java:50) ~[modlauncher-10.0.9.jar:?]
	at cpw.mods.cl.ModuleClassLoader.readerToClass(ModuleClassLoader.java:113) ~[securejarhandler-2.1.10.jar:?]
	at cpw.mods.cl.ModuleClassLoader.lambda$findClass$15(ModuleClassLoader.java:219) ~[securejarhandler-2.1.10.jar:?]
	at cpw.mods.cl.ModuleClassLoader.loadFromModule(ModuleClassLoader.java:229) ~[securejarhandler-2.1.10.jar:?]
	at cpw.mods.cl.ModuleClassLoader.findClass(ModuleClassLoader.java:219) ~[securejarhandler-2.1.10.jar:?]
	at java.lang.ClassLoader.loadClass(ClassLoader.java:637) ~[?:?]
	at java.lang.Class.forName(Class.java:545) ~[?:?]
	at net.minecraftforge.fml.earlydisplay.DisplayWindow.lambda$updateModuleReads$13(DisplayWindow.java:615) ~[fmlearlydisplay-1.20.1-47.4.10.jar:1.0]
	at java.util.Optional.map(Optional.java:260) ~[?:?]
	at net.minecraftforge.fml.earlydisplay.DisplayWindow.updateModuleReads(DisplayWindow.java:615) ~[fmlearlydisplay-1.20.1-47.4.10.jar:1.0]
	at net.minecraftforge.fml.loading.ImmediateWindowHandler.acceptGameLayer(ImmediateWindowHandler.java:71) ~[fmlloader-1.20.1-47.4.10.jar:1.0]
	at net.minecraftforge.fml.loading.FMLLoader.beforeStart(FMLLoader.java:216) ~[fmlloader-1.20.1-47.4.10.jar:1.0]
	at net.minecraftforge.fml.loading.targets.CommonLaunchHandler.launchService(CommonLaunchHandler.java:92) ~[fmlloader-1.20.1-47.4.10.jar:?]
	at cpw.mods.modlauncher.LaunchServiceHandlerDecorator.launch(LaunchServiceHandlerDecorator.java:30) ~[modlauncher-10.0.9.jar:?]
	at cpw.mods.modlauncher.LaunchServiceHandler.launch(LaunchServiceHandler.java:53) ~[modlauncher-10.0.9.jar:?]
	at cpw.mods.modlauncher.LaunchServiceHandler.launch(LaunchServiceHandler.java:71) ~[modlauncher-10.0.9.jar:?]
	at cpw.mods.modlauncher.Launcher.run(Launcher.java:108) ~[modlauncher-10.0.9.jar:?]
	at cpw.mods.modlauncher.Launcher.main(Launcher.java:78) ~[modlauncher-10.0.9.jar:?]
	at cpw.mods.modlauncher.BootstrapLaunchConsumer.accept(BootstrapLaunchConsumer.java:26) ~[modlauncher-10.0.9.jar:?]
	at cpw.mods.modlauncher.BootstrapLaunchConsumer.accept(BootstrapLaunchConsumer.java:23) ~[modlauncher-10.0.9.jar:?]
	at cpw.mods.bootstraplauncher.BootstrapLauncher.main(BootstrapLauncher.java:141) ~[bootstraplauncher-1.1.2.jar:?]
[00:11:14] [main/ERROR]: Could not read config chunksending.json from:C:\Users\Matthew Acuna\curseforge\minecraft\Instances\Oscillation\config\chunksending.json
java.lang.NullPointerException: Cannot invoke "com.google.gson.JsonElement.getAsBoolean()" because the return value of "com.google.gson.JsonObject.get(String)" is null
	at com.chunksending.config.CommonConfiguration.deserialize(CommonConfiguration.java:84) ~[chunksending-1.20.1-3.7.jar%23275!/:1.20.1-3.7]
	at com.cupboard.config.CupboardConfig.load(CupboardConfig.java:175) ~[cupboard-1.20.1-4.0.jar%23282!/:1.20.1-4.0]
	at com.cupboard.config.CupboardConfig.load(CupboardConfig.java:144) ~[cupboard-1.20.1-4.0.jar%23282!/:1.20.1-4.0]
	at com.cupboard.config.CupboardConfig.load(CupboardConfig.java:216) ~[cupboard-1.20.1-4.0.jar%23282!/:1.20.1-4.0]
	at com.cupboard.config.CupboardConfig.load(CupboardConfig.java:144) ~[cupboard-1.20.1-4.0.jar%23282!/:1.20.1-4.0]
	at com.cupboard.config.CupboardConfig.load(CupboardConfig.java:216) ~[cupboard-1.20.1-4.0.jar%23282!/:1.20.1-4.0]
	at com.cupboard.config.CupboardConfig.load(CupboardConfig.java:144) ~[cupboard-1.20.1-4.0.jar%23282!/:1.20.1-4.0]
	at com.cupboard.config.CupboardConfig.getCommonConfig(CupboardConfig.java:288) ~[cupboard-1.20.1-4.0.jar%23282!/:1.20.1-4.0]
	at com.chunksending.mixin.MixinConfig.shouldApplyMixin(MixinConfig.java:28) ~[chunksending-1.20.1-3.7.jar%23275!/:1.20.1-3.7]
	at org.spongepowered.asm.mixin.transformer.PluginHandle.shouldApplyMixin(PluginHandle.java:132) ~[mixin-0.8.5.jar:0.8.5+Jenkins-b310.git-155314e6e91465dad727e621a569906a410cd6f4]
	at org.spongepowered.asm.mixin.transformer.MixinInfo.shouldApplyMixin(MixinInfo.java:987) ~[mixin-0.8.5.jar:0.8.5+Jenkins-b310.git-155314e6e91465dad727e621a569906a410cd6f4]
	at org.spongepowered.asm.mixin.transformer.MixinInfo.readDeclaredTargets(MixinInfo.java:952) ~[mixin-0.8.5.jar:0.8.5+Jenkins-b310.git-155314e6e91465dad727e621a569906a410cd6f4]
	at org.spongepowered.asm.mixin.transformer.MixinInfo.<init>(MixinInfo.java:881) ~[mixin-0.8.5.jar:0.8.5+Jenkins-b310.git-155314e6e91465dad727e621a569906a410cd6f4]
	at org.spongepowered.asm.mixin.transformer.MixinConfig.prepareMixins(MixinConfig.java:850) ~[mixin-0.8.5.jar:0.8.5+Jenkins-b310.git-155314e6e91465dad727e621a569906a410cd6f4]
	at org.spongepowered.asm.mixin.transformer.MixinConfig.prepare(MixinConfig.java:775) ~[mixin-0.8.5.jar:0.8.5+Jenkins-b310.git-155314e6e91465dad727e621a569906a410cd6f4]
	at org.spongepowered.asm.mixin.transformer.MixinProcessor.prepareConfigs(MixinProcessor.java:539) ~[mixin-0.8.5.jar:0.8.5+Jenkins-b310.git-155314e6e91465dad727e621a569906a410cd6f4]
	at org.spongepowered.asm.mixin.transformer.MixinProcessor.select(MixinProcessor.java:462) ~[mixin-0.8.5.jar:0.8.5+Jenkins-b310.git-155314e6e91465dad727e621a569906a410cd6f4]
	at org.spongepowered.asm.mixin.transformer.MixinProcessor.checkSelect(MixinProcessor.java:438) ~[mixin-0.8.5.jar:0.8.5+Jenkins-b310.git-155314e6e91465dad727e621a569906a410cd6f4]
	at org.spongepowered.asm.mixin.transformer.MixinProcessor.applyMixins(MixinProcessor.java:290) ~[mixin-0.8.5.jar:0.8.5+Jenkins-b310.git-155314e6e91465dad727e621a569906a410cd6f4]
	at org.spongepowered.asm.mixin.transformer.MixinTransformer.transformClass(MixinTransformer.java:250) ~[mixin-0.8.5.jar:0.8.5+Jenkins-b310.git-155314e6e91465dad727e621a569906a410cd6f4]
	at org.spongepowered.asm.service.modlauncher.MixinTransformationHandler.processClass(MixinTransformationHandler.java:131) ~[mixin-0.8.5.jar:0.8.5+Jenkins-b310.git-155314e6e91465dad727e621a569906a410cd6f4]
	at org.spongepowered.asm.launch.MixinLaunchPluginLegacy.processClass(MixinLaunchPluginLegacy.java:131) ~[mixin-0.8.5.jar:0.8.5+Jenkins-b310.git-155314e6e91465dad727e621a569906a410cd6f4]
	at cpw.mods.modlauncher.serviceapi.ILaunchPluginService.processClassWithFlags(ILaunchPluginService.java:156) ~[modlauncher-10.0.9.jar:10.0.9+10.0.9+main.dcd20f30]
	at cpw.mods.modlauncher.LaunchPluginHandler.offerClassNodeToPlugins(LaunchPluginHandler.java:88) ~[modlauncher-10.0.9.jar:?]
	at cpw.mods.modlauncher.ClassTransformer.transform(ClassTransformer.java:120) ~[modlauncher-10.0.9.jar:?]
	at cpw.mods.modlauncher.TransformingClassLoader.maybeTransformClassBytes(TransformingClassLoader.java:50) ~[modlauncher-10.0.9.jar:?]
	at cpw.mods.cl.ModuleClassLoader.readerToClass(ModuleClassLoader.java:113) ~[securejarhandler-2.1.10.jar:?]
	at cpw.mods.cl.ModuleClassLoader.lambda$findClass$15(ModuleClassLoader.java:219) ~[securejarhandler-2.1.10.jar:?]
	at cpw.mods.cl.ModuleClassLoader.loadFromModule(ModuleClassLoader.java:229) ~[securejarhandler-2.1.10.jar:?]
	at cpw.mods.cl.ModuleClassLoader.findClass(ModuleClassLoader.java:219) ~[securejarhandler-2.1.10.jar:?]
	at java.lang.ClassLoader.loadClass(ClassLoader.java:637) ~[?:?]
	at java.lang.Class.forName(Class.java:545) ~[?:?]
	at net.minecraftforge.fml.earlydisplay.DisplayWindow.lambda$updateModuleReads$13(DisplayWindow.java:615) ~[fmlearlydisplay-1.20.1-47.4.10.jar:1.0]
	at java.util.Optional.map(Optional.java:260) ~[?:?]
	at net.minecraftforge.fml.earlydisplay.DisplayWindow.updateModuleReads(DisplayWindow.java:615) ~[fmlearlydisplay-1.20.1-47.4.10.jar:1.0]
	at net.minecraftforge.fml.loading.ImmediateWindowHandler.acceptGameLayer(ImmediateWindowHandler.java:71) ~[fmlloader-1.20.1-47.4.10.jar:1.0]
	at net.minecraftforge.fml.loading.FMLLoader.beforeStart(FMLLoader.java:216) ~[fmlloader-1.20.1-47.4.10.jar:1.0]
	at net.minecraftforge.fml.loading.targets.CommonLaunchHandler.launchService(CommonLaunchHandler.java:92) ~[fmlloader-1.20.1-47.4.10.jar:?]
	at cpw.mods.modlauncher.LaunchServiceHandlerDecorator.launch(LaunchServiceHandlerDecorator.java:30) ~[modlauncher-10.0.9.jar:?]
	at cpw.mods.modlauncher.LaunchServiceHandler.launch(LaunchServiceHandler.java:53) ~[modlauncher-10.0.9.jar:?]
	at cpw.mods.modlauncher.LaunchServiceHandler.launch(LaunchServiceHandler.java:71) ~[modlauncher-10.0.9.jar:?]
	at cpw.mods.modlauncher.Launcher.run(Launcher.java:108) ~[modlauncher-10.0.9.jar:?]
	at cpw.mods.modlauncher.Launcher.main(Launcher.java:78) ~[modlauncher-10.0.9.jar:?]
	at cpw.mods.modlauncher.BootstrapLaunchConsumer.accept(BootstrapLaunchConsumer.java:26) ~[modlauncher-10.0.9.jar:?]
	at cpw.mods.modlauncher.BootstrapLaunchConsumer.accept(BootstrapLaunchConsumer.java:23) ~[modlauncher-10.0.9.jar:?]
	at cpw.mods.bootstraplauncher.BootstrapLauncher.main(BootstrapLauncher.java:141) ~[bootstraplauncher-1.1.2.jar:?]
[00:11:14] [main/WARN]: Error loading class: net/caffeinemc/sodium/config/user/UserConfigCategories (java.lang.ClassNotFoundException: net.caffeinemc.sodium.config.user.UserConfigCategories)
[00:11:14] [main/WARN]: Error loading class: net/caffeinemc/sodium/config/user/UserConfigCategories (java.lang.ClassNotFoundException: net.caffeinemc.sodium.config.user.UserConfigCategories)
[00:11:14] [main/INFO]: Initializing MixinExtras via com.llamalad7.mixinextras.service.MixinExtrasServiceImpl(version=0.5.4).
[00:11:15] [main/INFO]: Smooth Boot (Reloaded) config initialized
[00:11:16] [main/WARN]: Invalid registry value type detected for PerfOS counters. Should be REG_DWORD. Ignoring: HKEY_LOCAL_MACHINE\SYSTEM\CurrentControlSet\Services\PerfOS\Performance\Disable Performance Counters.
[00:11:19] [main/INFO]: Patching EffectRenderingInventoryScreen#renderEffects
[00:11:19] [main/INFO]: Patching EffectRenderingInventoryScreen#renderEffects
[00:11:21] [pool-4-thread-1/INFO]: Patching IForgeItemStack#getEnchantmentLevel
[00:11:21] [pool-4-thread-1/INFO]: Patching IForgeItemStack#getEnchantmentLevel
[00:11:23] [Datafixer Bootstrap/INFO]: 188 Datafixer optimizations took 155 milliseconds
[00:11:25] [pool-4-thread-1/WARN]: Mixin alexscaves.mixins.json:SwampHutPieceMixin has multiple constructors, (Lnet/minecraft/world/level/levelgen/structure/pieces/StructurePieceType;IIIIIILnet/minecraft/core/Direction;)V was selected

[00:11:25] [pool-4-thread-1/WARN]: Unable to find class com.simibubi.create.foundation.ponder.PonderWorld. Integration with PonderJS disabled.
[00:11:26] [Render thread/WARN]: Static binding violation: PRIVATE @Overwrite method m_166786_ in embeddium.mixins.json:features.render.immediate.buffer_builder.sorting.BufferBuilderMixin cannot reduce visibiliy of PUBLIC target method, visibility will be upgraded.
[00:11:26] [Render thread/WARN]: Assets URL 'union:/C:/Users/Matthew%20Acuna/curseforge/minecraft/Install/libraries/net/minecraft/client/1.20.1-20230612.114412/client-1.20.1-20230612.114412-srg.jar%23338!/assets/.mcassetsroot' uses unexpected schema
[00:11:26] [Render thread/WARN]: Assets URL 'union:/C:/Users/Matthew%20Acuna/curseforge/minecraft/Install/libraries/net/minecraft/client/1.20.1-20230612.114412/client-1.20.1-20230612.114412-srg.jar%23338!/data/.mcassetsroot' uses unexpected schema
[00:11:26] [Render thread/INFO]: Environment: authHost='https://authserver.mojang.com', accountsHost='https://api.mojang.com', sessionHost='https://sessionserver.mojang.com', servicesHost='https://api.minecraftservices.com', name='PROD'
[00:11:27] [Render thread/INFO]: Setting user: SporiumCorium
[00:11:27] [Render thread/INFO]: BeforeConstant is searching for constants in method with descriptor (Lnet/minecraft/network/chat/Component;Lnet/minecraft/client/GuiMessageTag;)V
[00:11:27] [Render thread/INFO]:   BeforeConstant found STRING constant: value = , stringValue = null
[00:11:27] [Render thread/INFO]:     BeforeConstant found a matching constant TYPE at ordinal 0
[00:11:27] [Render thread/INFO]:       BeforeConstant found LdcInsn 
[00:11:27] [Render thread/INFO]:   BeforeConstant found STRING constant: value = \\r, stringValue = null
[00:11:27] [Render thread/INFO]:     BeforeConstant found a matching constant TYPE at ordinal 1
[00:11:27] [Render thread/INFO]:       BeforeConstant found LdcInsn \\r
[00:11:27] [Render thread/INFO]:   BeforeConstant found STRING constant: value = 
, stringValue = null
[00:11:27] [Render thread/INFO]:     BeforeConstant found a matching constant TYPE at ordinal 2
[00:11:27] [Render thread/INFO]:       BeforeConstant found LdcInsn 

[00:11:27] [Render thread/INFO]:   BeforeConstant found STRING constant: value = \\n, stringValue = null
[00:11:27] [Render thread/INFO]:     BeforeConstant found a matching constant TYPE at ordinal 3
[00:11:27] [Render thread/INFO]:       BeforeConstant found LdcInsn \\n
[00:11:27] [Render thread/INFO]:   BeforeConstant found CLASS constant: value = Ljava/lang/String;, typeValue = null
[00:11:27] [Render thread/INFO]:   BeforeConstant found STRING constant: value = [{}] [CHAT] {}, stringValue = null
[00:11:27] [Render thread/INFO]:     BeforeConstant found a matching constant TYPE at ordinal 4
[00:11:27] [Render thread/INFO]:       BeforeConstant found LdcInsn [{}] [CHAT] {}
[00:11:27] [Render thread/INFO]:   BeforeConstant found STRING constant: value = [CHAT] {}, stringValue = null
[00:11:27] [Render thread/INFO]:     BeforeConstant found a matching constant TYPE at ordinal 5
[00:11:27] [Render thread/INFO]:       BeforeConstant found LdcInsn [CHAT] {}
[00:11:27] [Render thread/INFO]: Added resource packs: []
[00:11:27] [Render thread/INFO]: Backend library: LWJGL version 3.3.1 build 7
[00:11:27] [Render thread/INFO]: Loaded client.properties
[00:11:27] [Render thread/INFO]: OpenGL Vendor: ATI Technologies Inc.
[00:11:27] [Render thread/INFO]: OpenGL Renderer: AMD Radeon RX 6700 XT
[00:11:27] [Render thread/INFO]: OpenGL Version: 4.6.0 Core Profile Context 24.10.1.241007
[00:11:28] [modloading-worker-0/INFO]: Scanning classes for industrialforegoing
[00:11:28] [modloading-worker-0/WARN]: Static binding violation: PRIVATE @Overwrite method m_109501_ in embeddium.mixins.json:core.render.world.WorldRendererMixin cannot reduce visibiliy of PUBLIC target method, visibility will be upgraded.
[00:11:28] [modloading-worker-0/WARN]: @Redirect conflict. Skipping forge-badoptimizations.mixins.json:MixinWorldRenderer->@Redirect::getSkyAngle(Lnet/minecraft/client/multiplayer/ClientLevel;F)F with priority 700, already redirected by citadel.mixins.json:client.LevelRendererMixin->@Redirect::citadel_getTimeOfDay(Lnet/minecraft/client/multiplayer/ClientLevel;F)F with priority 1000
[00:11:28] [modloading-worker-0/INFO]: Found FeaturePluginInstance for class PatchouliPlugin for plugin patchouli
[00:11:28] [modloading-worker-0/INFO]: Found FeaturePluginInstance for class CuriosPlugin for plugin curios
[00:11:28] [modloading-worker-0/INFO]: Constructed class PatchouliPlugin for plugin patchouli for mod industrialforegoing
[00:11:28] [modloading-worker-0/INFO]: Constructed class CuriosPlugin for plugin curios for mod industrialforegoing
[00:11:28] [modloading-worker-0/INFO]: Executing phase CONSTRUCTION for plugin class PatchouliPlugin
[00:11:28] [modloading-worker-0/INFO]: Executing phase CONSTRUCTION for plugin class CuriosPlugin
[00:11:28] [modloading-worker-0/INFO]: Executing phase PRE_INIT for plugin class PatchouliPlugin
[00:11:28] [modloading-worker-0/INFO]: Executing phase PRE_INIT for plugin class CuriosPlugin
[00:11:28] [modloading-worker-0/INFO]: [C2ME-Forge] Mod constructed — scaffold online (port of C2ME 0.2.0+alpha.11.18 for 1.20.1).
[00:11:28] [modloading-worker-0/INFO]: Loaded config for: cupboard.json
[00:11:28] [modloading-worker-0/WARN]: @Inject(@At("INVOKE")) Shift.BY=5 on attributeslib.mixins.json:client.ClientPacketListenerMixin::handler$bbi000$apoth_postAttrChangedEvent exceeds the maximum allowed value: 0. Increase the value of maxShiftBy to suppress this warning.
[00:11:28] [modloading-worker-0/INFO]: forge loader environment detected
[00:11:29] [modloading-worker-0/INFO]: Registering S2C receiver with id architectury:sync_ids
[00:11:29] [modloading-worker-0/INFO]: Registering C2S receiver with id architectury:sync_ids
[00:11:29] [modloading-worker-0/INFO]: Registering S2C receiver with id ftblibrary:edit_nbt
[00:11:29] [modloading-worker-0/INFO]: Registering C2S receiver with id ftblibrary:edit_nbt_response
[00:11:29] [modloading-worker-0/INFO]: Registering S2C receiver with id ftblibrary:sync_known_server_registries
[00:11:29] [modloading-worker-0/INFO]: Registering S2C receiver with id ftblibrary:edit_config
[00:11:29] [modloading-worker-0/INFO]: Registering S2C receiver with id ftbteams:sync_teams
[00:11:29] [modloading-worker-0/INFO]: Registering S2C receiver with id ftbteams:sync_message_history
[00:11:29] [modloading-worker-0/INFO]: Registering C2S receiver with id ftbteams:open_gui
[00:11:29] [modloading-worker-0/INFO]: Registering S2C receiver with id ftbteams:open_my_team_gui
[00:11:29] [modloading-worker-0/INFO]: Registering C2S receiver with id ftbteams:update_settings
[00:11:29] [modloading-worker-0/INFO]: Registering S2C receiver with id ftbteams:update_settings_response
[00:11:29] [modloading-worker-0/INFO]: Registering C2S receiver with id ftbteams:send_message
[00:11:29] [modloading-worker-0/INFO]: Registering S2C receiver with id ftbteams:send_message_response
[00:11:29] [modloading-worker-0/INFO]: Registering S2C receiver with id ftbteams:update_presence
[00:11:29] [modloading-worker-0/INFO]: Registering C2S receiver with id ftbteams:create_party
[00:11:29] [modloading-worker-0/INFO]: Registering C2S receiver with id ftbteams:player_gui_operation
[00:11:29] [modloading-worker-0/INFO]: Executing phase INIT for plugin class PatchouliPlugin
[00:11:29] [modloading-worker-0/INFO]: Executing phase INIT for plugin class CuriosPlugin
[00:11:29] [modloading-worker-0/INFO]: Loaded common.properties
[00:11:29] [modloading-worker-0/INFO]: Loaded dev.properties
[00:11:29] [modloading-worker-0/INFO]: Looking for KubeJS plugins...
[00:11:29] [modloading-worker-0/INFO]: Found plugin source kubejs
[00:11:29] [modloading-worker-0/WARN]: Modified mixin "dev.uncandango.alltheleaks.mixin.core.main.GeoModelMixin". Check debug logs for more information.
[00:11:29] [modloading-worker-0/WARN]: Plugin dev.latvian.mods.kubejs.integration.forge.gamestages.GameStagesIntegration does not have required mod gamestages loaded, skipping
[00:11:29] [modloading-worker-0/INFO]: Done in 57.57 ms
[00:11:29] [modloading-worker-0/INFO]: Executing phase POST_INIT for plugin class PatchouliPlugin
[00:11:29] [modloading-worker-0/INFO]: Executing phase POST_INIT for plugin class CuriosPlugin
[00:11:29] [modloading-worker-0/INFO]: Chloride is here, lets make your experience taste-able
[00:11:29] [modloading-worker-0/INFO]: [Indigo] Registering Indigo renderer!
[00:11:30] [modloading-worker-0/INFO]: Forge mod loading, version 47.4.10, for MC 1.20.1 with MCP 20230612.114412
[00:11:30] [modloading-worker-0/INFO]: MinecraftForge v47.4.10 Initialized
[00:11:30] [modloading-worker-0/INFO]: Registered azurelib config for auto-sync function
[00:11:30] [modloading-worker-0/INFO]: Loading Rhino Minecraft remapper...
[00:11:30] [modloading-worker-0/INFO]: Rhino properties loaded.
[00:11:30] [modloading-worker-0/INFO]: Loading mappings for 1.20.1
[00:11:30] [modloading-worker-0/INFO]: Sending ConfigManager...
[00:11:30] [modloading-worker-0/INFO]: Sending ConfigManager took 18.86 ms
[00:11:30] [modloading-worker-0/INFO]: Done in 0.124 s
[00:11:30] [modloading-worker-0/INFO]: Scanning classes for titanium
[00:11:30] [modloading-worker-0/INFO]: Initialize Pehkui compat...
[00:11:31] [modloading-worker-0/INFO]: Registering S2C receiver with id ftbquests:sync_quests
[00:11:31] [modloading-worker-0/INFO]: Registering S2C receiver with id ftbquests:sync_team_data
[00:11:31] [modloading-worker-0/INFO]: Registering S2C receiver with id ftbquests:update_task_progress
[00:11:31] [modloading-worker-0/INFO]: Registering C2S receiver with id ftbquests:submit_task
[00:11:31] [modloading-worker-0/INFO]: Registering C2S receiver with id ftbquests:claim_reward
[00:11:31] [modloading-worker-0/INFO]: Registering S2C receiver with id ftbquests:claim_reward_response
[00:11:31] [modloading-worker-0/INFO]: Registering S2C receiver with id ftbquests:sync_editing_mode
[00:11:31] [modloading-worker-0/INFO]: Registering C2S receiver with id ftbquests:get_emergency_items
[00:11:31] [modloading-worker-0/INFO]: Registering S2C receiver with id ftbquests:create_other_team_data
[00:11:31] [modloading-worker-0/INFO]: Registering C2S receiver with id ftbquests:claim_all_rewards
[00:11:31] [modloading-worker-0/INFO]: Registering C2S receiver with id ftbquests:claim_choice_reward
[00:11:31] [modloading-worker-0/INFO]: Registering S2C receiver with id ftbquests:display_completion_toast
[00:11:31] [modloading-worker-0/INFO]: Registering S2C receiver with id ftbquests:display_reward_toast
[00:11:31] [modloading-worker-0/INFO]: Registering S2C receiver with id ftbquests:display_item_reward_toast
[00:11:31] [modloading-worker-0/INFO]: Registering S2C receiver with id ftbquests:custom_reward_toast
[00:11:31] [modloading-worker-0/INFO]: Registering C2S receiver with id ftbquests:toggle_pinned
[00:11:31] [modloading-worker-0/INFO]: Registering S2C receiver with id ftbquests:toggle_pinned_response
[00:11:31] [modloading-worker-0/INFO]: Registering C2S receiver with id ftbquests:toggle_chapter_pinned
[00:11:31] [modloading-worker-0/INFO]: Registering S2C receiver with id ftbquests:toggle_chapter_pinned_response
[00:11:31] [modloading-worker-0/INFO]: Registering C2S receiver with id ftbquests:toggle_editing_mode
[00:11:31] [modloading-worker-0/INFO]: Registering C2S receiver with id ftbquests:force_save
[00:11:31] [modloading-worker-0/INFO]: Registering S2C receiver with id ftbquests:update_team_data
[00:11:31] [modloading-worker-0/INFO]: Registering C2S receiver with id ftbquests:set_custom_image
[00:11:31] [modloading-worker-0/INFO]: Registering S2C receiver with id ftbquests:object_started
[00:11:31] [modloading-worker-0/INFO]: Registering S2C receiver with id ftbquests:object_completed
[00:11:31] [modloading-worker-0/INFO]: Registering S2C receiver with id ftbquests:object_started_reset
[00:11:31] [modloading-worker-0/INFO]: Registering S2C receiver with id ftbquests:object_completed_reset
[00:11:31] [modloading-worker-0/INFO]: Registering S2C receiver with id ftbquests:sync_lock
[00:11:31] [modloading-worker-0/INFO]: Registering S2C receiver with id ftbquests:reset_reward
[00:11:31] [modloading-worker-0/INFO]: Registering S2C receiver with id ftbquests:team_data_changed
[00:11:31] [modloading-worker-0/INFO]: Registering S2C receiver with id ftbquests:task_screen_config_req
[00:11:31] [modloading-worker-0/INFO]: Registering C2S receiver with id ftbquests:task_screen_config_resp
[00:11:31] [modloading-worker-0/INFO]: Registering C2S receiver with id ftbquests:give_item_to_player
[00:11:31] [modloading-worker-0/INFO]: Registering C2S receiver with id ftbquests:reorder_item
[00:11:31] [modloading-worker-0/INFO]: Registering C2S receiver with id ftbquests:change_progress
[00:11:31] [modloading-worker-0/INFO]: Registering C2S receiver with id ftbquests:create_object
[00:11:31] [modloading-worker-0/INFO]: Registering S2C receiver with id ftbquests:create_object_response
[00:11:31] [modloading-worker-0/INFO]: Registering C2S receiver with id ftbquests:create_task_at
[00:11:31] [modloading-worker-0/INFO]: Registering C2S receiver with id ftbquests:delete_object
[00:11:31] [modloading-worker-0/INFO]: Registering S2C receiver with id ftbquests:delete_object_response
[00:11:31] [modloading-worker-0/INFO]: Registering C2S receiver with id ftbquests:edit_object
[00:11:31] [modloading-worker-0/INFO]: Registering S2C receiver with id ftbquests:edit_object_response
[00:11:31] [modloading-worker-0/INFO]: Registering C2S receiver with id ftbquests:move_chapter
[00:11:31] [modloading-worker-0/INFO]: Registering S2C receiver with id ftbquests:move_chapter_response
[00:11:31] [modloading-worker-0/INFO]: Registering C2S receiver with id ftbquests:move_quest
[00:11:31] [modloading-worker-0/INFO]: Registering S2C receiver with id ftbquests:move_quest_response
[00:11:31] [modloading-worker-0/INFO]: Registering C2S receiver with id ftbquests:change_chapter_group
[00:11:31] [modloading-worker-0/INFO]: Registering S2C receiver with id ftbquests:change_chapter_group_response
[00:11:31] [modloading-worker-0/INFO]: Registering C2S receiver with id ftbquests:move_chapter_group
[00:11:31] [modloading-worker-0/INFO]: Registering S2C receiver with id ftbquests:move_chapter_group_response
[00:11:31] [modloading-worker-0/INFO]: Registering S2C receiver with id ftbquests:sync_reward_blocking
[00:11:31] [modloading-worker-0/INFO]: Registering C2S receiver with id ftbquests:copy_quest
[00:11:31] [modloading-worker-0/INFO]: Registering C2S receiver with id ftbquests:copy_chapter_image
[00:11:31] [modloading-worker-0/INFO]: Registering C2S receiver with id ftbquests:sync_structures_request
[00:11:31] [modloading-worker-0/INFO]: Registering S2C receiver with id ftbquests:sync_structures_response
[00:11:31] [modloading-worker-0/INFO]: Registering C2S receiver with id ftbquests:request_team_data
[00:11:31] [modloading-worker-0/INFO]: Registering S2C receiver with id ftbquests:sync_editor_permission
[00:11:31] [modloading-worker-0/INFO]: Registering S2C receiver with id ftbquests:open_quest_book
[00:11:31] [modloading-worker-0/INFO]: Registering S2C receiver with id ftbquests:clear_display_cache
[00:11:31] [modloading-worker-0/INFO]: Registering S2C receiver with id ftbquests:reorder_item_response
[00:11:31] [modloading-worker-0/INFO]: Registering S2C receiver with id ftbquests:clear_repeat_cooldown
[00:11:32] [modloading-worker-0/INFO]: example.js#5: Hello, World! (Loaded startup scripts)
[00:11:32] [modloading-worker-0/INFO]: Loaded script startup_scripts:example.js in 0.193 s
[00:11:32] [modloading-worker-0/INFO]: Loaded 1/1 KubeJS startup scripts in 1.756 s with 0 errors and 0 warnings
[00:11:32] [modloading-worker-0/INFO]: example.js#5: Hello, World! (Loaded client scripts)
[00:11:32] [modloading-worker-0/INFO]: Loaded script client_scripts:example.js in 0.0 s
[00:11:32] [modloading-worker-0/INFO]: Loaded 1/1 KubeJS client scripts in 0.02 s with 0 errors and 0 warnings
[00:11:32] [modloading-worker-0/INFO]: Registering C2S receiver with id kubejs:send_data_from_client
[00:11:32] [modloading-worker-0/INFO]: Registering S2C receiver with id kubejs:send_data_from_server
[00:11:32] [modloading-worker-0/INFO]: Registering S2C receiver with id kubejs:paint
[00:11:32] [modloading-worker-0/INFO]: Registering S2C receiver with id kubejs:add_stage
[00:11:32] [modloading-worker-0/INFO]: Registering S2C receiver with id kubejs:remove_stage
[00:11:32] [modloading-worker-0/INFO]: Registering S2C receiver with id kubejs:sync_stages
[00:11:32] [modloading-worker-0/INFO]: Registering C2S receiver with id kubejs:first_click
[00:11:32] [modloading-worker-0/INFO]: Registering S2C receiver with id kubejs:toast
[00:11:32] [modloading-worker-0/INFO]: Registering S2C receiver with id kubejs:reload_startup_scripts
[00:11:32] [modloading-worker-0/INFO]: Registering S2C receiver with id kubejs:display_server_errors
[00:11:32] [modloading-worker-0/INFO]: Registering S2C receiver with id kubejs:display_client_errors
[00:11:37] [Render thread/ERROR]: Injection error: LVT in net/minecraft/world/entity/npc/VillagerTrades$EmeraldsForVillagerTypeItem::m_213663_(Lnet/minecraft/world/entity/Entity;Lnet/minecraft/util/RandomSource;)Lnet/minecraft/world/item/trading/MerchantOffer; has incompatible changes at opcode 34 in callback fabric-object-builder-v1.mixins.json:TradeOffersTypeAwareBuyForOneEmeraldFactoryMixin->@Inject::failOnNullItem(Lnet/minecraft/world/entity/Entity;Lnet/minecraft/util/RandomSource;Lorg/spongepowered/asm/mixin/injection/callback/CallbackInfoReturnable;Lnet/minecraft/world/item/ItemStack;)V.
 Expected: [Lnet/minecraft/world/item/ItemStack;]
    Found: [Lnet/minecraft/world/item/Item;]
Available: [Lnet/minecraft/world/item/Item;, Lnet/minecraft/world/item/ItemStack;]
[00:11:39] [Render thread/INFO]: Registering C2S receiver with id ae2wtlib:cycle_terminal
[00:11:39] [Render thread/INFO]: Registering C2S receiver with id ae2wtlib:pick_block
[00:11:39] [Render thread/INFO]: Registering C2S receiver with id ae2wtlib:terminal_settings
[00:11:40] [Render thread/INFO]: Initialized block sets in 15ms
[00:11:41] [Render thread/WARN]: defineId called for: class com.github.alexmodguy.alexscaves.server.entity.living.TremorzillaEntity from class com.github.alexmodguy.alexscaves.server.entity.living.LicowitchEntity
[00:11:42] [Render thread/INFO]: Registering CHLORIDE built-in packs
[00:11:42] [Render thread/INFO]: loaded in block colorizer
[00:11:42] [Render thread/INFO]: loaded in item colorizer
[00:11:44] [Worker-Main-1/WARN]: Failed to compress event log file: C:\Users\Matthew Acuna\curseforge\minecraft\Instances\Oscillation\logs\telemetry\20260815-2.json
java.io.IOException: Compressed target file already exists: C:\Users\Matthew Acuna\curseforge\minecraft\Instances\Oscillation\logs\telemetry\20260815-2.json.gz
	at net.minecraft.util.eventlog.EventLogDirectory.m_260828_(EventLogDirectory.java:87) ~[client-1.20.1-20230612.114412-srg.jar%23338!/:?]
	at net.minecraft.util.eventlog.EventLogDirectory$RawFile.m_260857_(EventLogDirectory.java:202) ~[client-1.20.1-20230612.114412-srg.jar%23338!/:?]
	at net.minecraft.util.eventlog.EventLogDirectory$FileList.m_261127_(EventLogDirectory.java:155) ~[client-1.20.1-20230612.114412-srg.jar%23338!/:?]
	at net.minecraft.client.telemetry.TelemetryLogManager.m_261065_(TelemetryLogManager.java:36) ~[client-1.20.1-20230612.114412-srg.jar%23338!/:?]
	at java.util.concurrent.CompletableFuture$AsyncSupply.run(CompletableFuture.java:1768) ~[?:?]
	at java.util.concurrent.CompletableFuture$AsyncSupply.exec(CompletableFuture.java:1760) ~[?:?]
	at java.util.concurrent.ForkJoinTask.doExec(ForkJoinTask.java:373) ~[?:?]
	at java.util.concurrent.ForkJoinPool$WorkQueue.topLevelExec(ForkJoinPool.java:1182) ~[?:?]
	at java.util.concurrent.ForkJoinPool.scan(ForkJoinPool.java:1655) ~[?:?]
	at java.util.concurrent.ForkJoinPool.runWorker(ForkJoinPool.java:1622) ~[?:?]
	at java.util.concurrent.ForkJoinWorkerThread.run(ForkJoinWorkerThread.java:165) ~[?:?]
[00:11:44] [Render thread/INFO]: Reloading ResourceManager: vanilla, mod_resources, Moonlight Mods Dynamic Assets, fabric, KubeJS Resource Pack [assets]
[00:11:44] [Worker-Main-1/INFO]: Starting runtime resource generation for pack type CLIENT_RESOURCES with generators from mods [moonlight]: [net.mehvahdjukaar.moonlight.core.MoonlightClient$MLDynamicClientResources@3cb69a0f]
[00:11:44] [Worker-Main-1/INFO]: Generating runtime assets for pack Moonlight Mods Dynamic Assets (moonlight)
[00:11:44] [Render thread/INFO]: Client resource reload complete!
[00:11:44] [Worker-Main-1/INFO]: Generated runtime CLIENT_RESOURCES for pack Moonlight Mods Dynamic Assets (moonlight) in: 5 ms (multithreaded)
[00:11:44] [Worker-Main-1/INFO]: Finished runtime resources generation for 1 packs in a total of 6 ms
[00:11:44] [modloading-worker-0/WARN]: Configuration file C:\Users\Matthew Acuna\curseforge\minecraft\Instances\Oscillation\config\witherreincarnated\client.toml is not correct. Correcting
[00:11:44] [modloading-worker-0/WARN]: Incorrect key PREFERENCE.Music Volume (default: 1 was corrected from SimpleCommentedConfig:{} to its default, null. 
[00:11:44] [modloading-worker-0/WARN]: Incorrect key PREFERENCE.Camera Shake Intensity (default: 1 was corrected from SimpleCommentedConfig:{} to its default, null. 
[00:11:44] [modloading-worker-0/WARN]: Incorrect key PREFERENCE.Distant Fire Opacity (default: 0 was corrected from SimpleCommentedConfig:{} to its default, null. 
[00:11:44] [modloading-worker-0/WARN]: Incorrect key PREFERENCE.Wither Shine Opacity (default: 0 was corrected from SimpleCommentedConfig:{} to its default, null. 
[00:11:44] [modloading-worker-0/WARN]: Incorrect key PERFORMANCE.Distant Fire Detail (default: 1 was corrected from SimpleCommentedConfig:{} to its default, null. 
[00:11:44] [modloading-worker-0/WARN]: Incorrect key PERFORMANCE.Wither Shine Detail (default: 1 was corrected from SimpleCommentedConfig:{} to its default, null. 
[00:11:44] [modloading-worker-0/WARN]: Incorrect key PERFORMANCE.Wither Death Flare Detail (default: 1 was corrected from SimpleCommentedConfig:{} to its default, null. 
[00:11:44] [Worker-Main-15/INFO]: Found unifont_all_no_pua-15.0.06.hex, loading
[00:11:44] [Worker-Main-3/WARN]: Bedrock particle facing_camera_mode 'direction_z' is not yet implemented, falling back to rotate_xyz
[00:11:44] [Worker-Main-3/WARN]: Bedrock particle facing_camera_mode 'lookat_xyz' is not yet implemented, falling back to rotate_xyz
[00:11:44] [Worker-Main-4/WARN]: Unknown geometry json version found for model block_factorys_bosses:geo/item/undying_tentacle.geo.json. Last known version: 1.21.20 Some features may not work as expected.
[00:11:44] [Worker-Main-3/WARN]: Bedrock particle facing_camera_mode 'direction_z' is not yet implemented, falling back to rotate_xyz
[00:11:44] [Worker-Main-3/WARN]: Bedrock particle facing_camera_mode 'lookat_xyz' is not yet implemented, falling back to rotate_xyz
[00:11:44] [Worker-Main-3/WARN]: Bedrock particle facing_camera_mode 'lookat_xyz' is not yet implemented, falling back to rotate_xyz
[00:11:44] [Worker-Main-3/WARN]: Bedrock particle facing_camera_mode 'lookat_xyz' is not yet implemented, falling back to rotate_xyz
[00:11:44] [Worker-Main-3/WARN]: Bedrock particle facing_camera_mode 'lookat_direction' is not yet implemented, falling back to rotate_xyz
[00:11:44] [Worker-Main-3/WARN]: Bedrock particle facing_camera_mode 'direction_y' is not yet implemented, falling back to rotate_xyz
[00:11:44] [Worker-Main-3/WARN]: Bedrock particle facing_camera_mode 'direction_y' is not yet implemented, falling back to rotate_xyz
[00:11:44] [Worker-Main-3/WARN]: Bedrock particle facing_camera_mode 'lookat_xyz' is not yet implemented, falling back to rotate_xyz
[00:11:44] [Worker-Main-3/WARN]: Bedrock particle facing_camera_mode 'lookat_xyz' is not yet implemented, falling back to rotate_xyz
[00:11:44] [Worker-Main-3/WARN]: Bedrock particle facing_camera_mode 'emitter_transform_xz' is not yet implemented, falling back to rotate_xyz
[00:11:45] [Worker-Main-13/ERROR]: Invalid path in pack: the_deep_void:models/block/pusSackNew.json, ignoring
[00:11:45] [Worker-Main-3/WARN]: Bedrock particle facing_camera_mode 'rotate_y' is not yet implemented, falling back to rotate_xyz
[00:11:45] [Worker-Main-3/WARN]: Bedrock particle facing_camera_mode 'emitter_transform_xz' is not yet implemented, falling back to rotate_xyz
[00:11:45] [Worker-Main-3/WARN]: Bedrock particle facing_camera_mode 'emitter_transform_xz' is not yet implemented, falling back to rotate_xyz
[00:11:45] [Worker-Main-3/WARN]: Bedrock particle facing_camera_mode 'direction_z' is not yet implemented, falling back to rotate_xyz
[00:11:45] [Worker-Main-3/WARN]: Bedrock particle facing_camera_mode 'lookat_xyz' is not yet implemented, falling back to rotate_xyz
[00:11:45] [Worker-Main-3/WARN]: Bedrock particle facing_camera_mode 'emitter_transform_xz' is not yet implemented, falling back to rotate_xyz
[00:11:45] [Worker-Main-3/WARN]: Bedrock particle facing_camera_mode 'rotate_y' is not yet implemented, falling back to rotate_xyz
[00:11:45] [Worker-Main-3/WARN]: Bedrock particle facing_camera_mode 'rotate_y' is not yet implemented, falling back to rotate_xyz
[00:11:45] [Worker-Main-3/WARN]: Bedrock particle facing_camera_mode 'rotate_y' is not yet implemented, falling back to rotate_xyz
[00:11:45] [Worker-Main-8/WARN]: File alexscaves:sounds/block/purple_soda/purple_soda_swim_3.ogg does not exist, cannot add it to event alexscaves:purple_soda_swim
[00:11:45] [Worker-Main-8/WARN]: File alexscaves:sounds/block/purple_soda/purple_soda_swim_4.ogg does not exist, cannot add it to event alexscaves:purple_soda_swim
[00:11:45] [Worker-Main-8/WARN]: File alexscaves:sounds/mob/luxtructosaurus/luxtructosaurus_snort_0.ogg does not exist, cannot add it to event alexscaves:luxtructosaurus_snort
[00:11:45] [Worker-Main-8/WARN]: File alexscaves:sounds/mob/luxtructosaurus/luxtructosaurus_snort_1.ogg does not exist, cannot add it to event alexscaves:luxtructosaurus_snort
[00:11:45] [Worker-Main-8/WARN]: File alexscaves:sounds/mob/luxtructosaurus/luxtructosaurus_snort_2.ogg does not exist, cannot add it to event alexscaves:luxtructosaurus_snort
[00:11:45] [Worker-Main-8/WARN]: File alexscaves:sounds/mob/luxtructosaurus/luxtructosaurus_breathe_0.ogg does not exist, cannot add it to event alexscaves:luxtructosaurus_breathe
[00:11:45] [Worker-Main-8/WARN]: File alexscaves:sounds/mob/luxtructosaurus/luxtructosaurus_breathe_1.ogg does not exist, cannot add it to event alexscaves:luxtructosaurus_breathe
[00:11:45] [Worker-Main-8/WARN]: File alexscaves:sounds/mob/luxtructosaurus/luxtructosaurus_breathe_2.ogg does not exist, cannot add it to event alexscaves:luxtructosaurus_breathe
[00:11:45] [Worker-Main-3/WARN]: Bedrock particle facing_camera_mode 'rotate_y' is not yet implemented, falling back to rotate_xyz
[00:11:45] [Worker-Main-3/WARN]: Bedrock particle facing_camera_mode 'direction_y' is not yet implemented, falling back to rotate_xyz
[00:11:45] [Worker-Main-3/WARN]: Bedrock particle facing_camera_mode 'lookat_xyz' is not yet implemented, falling back to rotate_xyz
[00:11:45] [Worker-Main-3/WARN]: Bedrock particle facing_camera_mode 'direction_z' is not yet implemented, falling back to rotate_xyz
[00:11:45] [Worker-Main-3/WARN]: Bedrock particle facing_camera_mode 'lookat_xyz' is not yet implemented, falling back to rotate_xyz
[00:11:45] [modloading-worker-0/WARN]: Configuration file C:\Users\Matthew Acuna\curseforge\minecraft\Instances\Oscillation\config\otherverse.toml is not correct. Correcting
[00:11:45] [modloading-worker-0/WARN]: Incorrect key Pact Magic Settings.binding_cost was corrected from 3.0 to its default, 3.0. 
[00:11:45] [modloading-worker-0/WARN]: Incorrect key Pact Magic Settings.binding_attack_cutoff_hostile was corrected from 20.0 to its default, 20.0. 
[00:11:45] [modloading-worker-0/WARN]: Incorrect key Pact Magic Settings.binding_attack_cutoff_any was corrected from 100.0 to its default, 100.0. 
[00:11:45] [modloading-worker-0/INFO]: Executing phase CONFIG_LOAD for plugin class PatchouliPlugin
[00:11:45] [modloading-worker-0/INFO]: Executing phase CONFIG_LOAD for plugin class CuriosPlugin
[00:11:45] [modloading-worker-0/INFO]: Executing phase CONFIG_LOAD for plugin class PatchouliPlugin
[00:11:45] [modloading-worker-0/INFO]: Executing phase CONFIG_LOAD for plugin class CuriosPlugin
[00:11:45] [modloading-worker-0/INFO]: Executing phase CONFIG_LOAD for plugin class PatchouliPlugin
[00:11:45] [modloading-worker-0/INFO]: Executing phase CONFIG_LOAD for plugin class CuriosPlugin
[00:11:45] [modloading-worker-0/INFO]: Executing phase CONFIG_LOAD for plugin class PatchouliPlugin
[00:11:45] [modloading-worker-0/INFO]: Executing phase CONFIG_LOAD for plugin class CuriosPlugin
[00:11:45] [Thread-4/INFO]: Executing phase CONFIG_RELOAD for plugin class PatchouliPlugin
[00:11:45] [Thread-4/INFO]: Executing phase CONFIG_RELOAD for plugin class CuriosPlugin
[00:11:45] [modloading-worker-0/INFO]: Executing phase CONFIG_LOAD for plugin class PatchouliPlugin
[00:11:45] [modloading-worker-0/INFO]: Executing phase CONFIG_LOAD for plugin class CuriosPlugin
[00:11:45] [Worker-Main-8/ERROR]: Invalid path in pack: eidolon:textures/item/incense_palette_Sammy.png, ignoring
[00:11:45] [Worker-Main-1/ERROR]: Failed to load model mowziesmobs:models/block/black_pink_grottol.json
com.google.gson.JsonParseException: for LLibrary bug not putting particle into textures set is not valid resource location
	at net.minecraft.client.renderer.block.model.BlockModel$Deserializer.m_111503_(BlockModel.java:356) ~[client-1.20.1-20230612.114412-srg.jar%23338!/:?]
	at net.minecraft.client.renderer.block.model.BlockModel$Deserializer.m_111509_(BlockModel.java:343) ~[client-1.20.1-20230612.114412-srg.jar%23338!/:?]
	at net.minecraft.client.renderer.block.model.BlockModel$Deserializer.deserialize(BlockModel.java:307) ~[client-1.20.1-20230612.114412-srg.jar%23338!/:?]
	at net.minecraftforge.client.model.ExtendedBlockModelDeserializer.deserialize(ExtendedBlockModelDeserializer.java:53) ~[forge-1.20.1-47.4.10-universal.jar%23343!/:?]
	at net.minecraftforge.client.model.ExtendedBlockModelDeserializer.deserialize(ExtendedBlockModelDeserializer.java:38) ~[forge-1.20.1-47.4.10-universal.jar%23343!/:?]
	at com.google.gson.internal.bind.TreeTypeAdapter.read(TreeTypeAdapter.java:76) ~[gson-2.10.jar%23107!/:?]
	at net.minecraft.util.GsonHelper.m_13780_(GsonHelper.java:524) ~[client-1.20.1-20230612.114412-srg.jar%23338!/:?]
	at net.minecraft.util.GsonHelper.m_263475_(GsonHelper.java:531) ~[client-1.20.1-20230612.114412-srg.jar%23338!/:?]
	at net.minecraft.util.GsonHelper.m_13776_(GsonHelper.java:581) ~[client-1.20.1-20230612.114412-srg.jar%23338!/:?]
	at net.minecraft.client.renderer.block.model.BlockModel.m_111461_(BlockModel.java:74) ~[client-1.20.1-20230612.114412-srg.jar%23338!/:?]
	at net.minecraft.client.resources.model.ModelManager.m_246478_(ModelManager.java:110) ~[client-1.20.1-20230612.114412-srg.jar%23338!/:?]
	at java.util.concurrent.CompletableFuture$AsyncSupply.run(CompletableFuture.java:1768) ~[?:?]
	at java.util.concurrent.CompletableFuture$AsyncSupply.exec(CompletableFuture.java:1760) ~[?:?]
	at java.util.concurrent.ForkJoinTask.doExec(ForkJoinTask.java:373) ~[?:?]
	at java.util.concurrent.ForkJoinPool$WorkQueue.topLevelExec(ForkJoinPool.java:1182) ~[?:?]
	at java.util.concurrent.ForkJoinPool.scan(ForkJoinPool.java:1655) ~[?:?]
	at java.util.concurrent.ForkJoinPool.runWorker(ForkJoinPool.java:1622) ~[?:?]
	at java.util.concurrent.ForkJoinWorkerThread.run(ForkJoinWorkerThread.java:165) ~[?:?]
[00:11:46] [Worker-Main-6/INFO]: Executing phase COMMON_SETUP for plugin class PatchouliPlugin
[00:11:46] [Worker-Main-6/INFO]: Executing phase COMMON_SETUP for plugin class CuriosPlugin
[00:11:46] [Worker-Main-1/ERROR]: Failed to load model mowziesmobs:models/block/diamond_grottol.json
com.google.gson.JsonParseException: for LLibrary bug not putting particle into textures set is not valid resource location
	at net.minecraft.client.renderer.block.model.BlockModel$Deserializer.m_111503_(BlockModel.java:356) ~[client-1.20.1-20230612.114412-srg.jar%23338!/:?]
	at net.minecraft.client.renderer.block.model.BlockModel$Deserializer.m_111509_(BlockModel.java:343) ~[client-1.20.1-20230612.114412-srg.jar%23338!/:?]
	at net.minecraft.client.renderer.block.model.BlockModel$Deserializer.deserialize(BlockModel.java:307) ~[client-1.20.1-20230612.114412-srg.jar%23338!/:?]
	at net.minecraftforge.client.model.ExtendedBlockModelDeserializer.deserialize(ExtendedBlockModelDeserializer.java:53) ~[forge-1.20.1-47.4.10-universal.jar%23343!/:?]
	at net.minecraftforge.client.model.ExtendedBlockModelDeserializer.deserialize(ExtendedBlockModelDeserializer.java:38) ~[forge-1.20.1-47.4.10-universal.jar%23343!/:?]
	at com.google.gson.internal.bind.TreeTypeAdapter.read(TreeTypeAdapter.java:76) ~[gson-2.10.jar%23107!/:?]
	at net.minecraft.util.GsonHelper.m_13780_(GsonHelper.java:524) ~[client-1.20.1-20230612.114412-srg.jar%23338!/:?]
	at net.minecraft.util.GsonHelper.m_263475_(GsonHelper.java:531) ~[client-1.20.1-20230612.114412-srg.jar%23338!/:?]
	at net.minecraft.util.GsonHelper.m_13776_(GsonHelper.java:581) ~[client-1.20.1-20230612.114412-srg.jar%23338!/:?]
	at net.minecraft.client.renderer.block.model.BlockModel.m_111461_(BlockModel.java:74) ~[client-1.20.1-20230612.114412-srg.jar%23338!/:?]
	at net.minecraft.client.resources.model.ModelManager.m_246478_(ModelManager.java:110) ~[client-1.20.1-20230612.114412-srg.jar%23338!/:?]
	at java.util.concurrent.CompletableFuture$AsyncSupply.run(CompletableFuture.java:1768) ~[?:?]
	at java.util.concurrent.CompletableFuture$AsyncSupply.exec(CompletableFuture.java:1760) ~[?:?]
	at java.util.concurrent.ForkJoinTask.doExec(ForkJoinTask.java:373) ~[?:?]
	at java.util.concurrent.ForkJoinPool$WorkQueue.topLevelExec(ForkJoinPool.java:1182) ~[?:?]
	at java.util.concurrent.ForkJoinPool.scan(ForkJoinPool.java:1655) ~[?:?]
	at java.util.concurrent.ForkJoinPool.runWorker(ForkJoinPool.java:1622) ~[?:?]
	at java.util.concurrent.ForkJoinWorkerThread.run(ForkJoinWorkerThread.java:165) ~[?:?]
[00:11:46] [Worker-Main-17/INFO]: Disabling config ioSystem.gcFreeChunkSerializer: Incompatible with architectury@9.2.14 (*) (defined in c2me)
[00:11:46] [Worker-Main-16/ERROR]: Failed to load model the_deep_void:models/custom/bone_helix_new.json
com.google.gson.JsonParseException: Invalid rotation -10.0 found, only -45/-22.5/0/22.5/45 allowed
	at net.minecraft.client.renderer.block.model.BlockElement$Deserializer.m_111342_(BlockElement.java:112) ~[client-1.20.1-20230612.114412-srg.jar%23338!/:?]
	at net.minecraft.client.renderer.block.model.BlockElement$Deserializer.m_111332_(BlockElement.java:101) ~[client-1.20.1-20230612.114412-srg.jar%23338!/:?]
	at net.minecraft.client.renderer.block.model.BlockElement$Deserializer.deserialize(BlockElement.java:82) ~[client-1.20.1-20230612.114412-srg.jar%23338!/:?]
	at net.minecraft.client.renderer.block.model.BlockElement$Deserializer.deserialize(BlockElement.java:74) ~[client-1.20.1-20230612.114412-srg.jar%23338!/:?]
	at com.google.gson.internal.bind.TreeTypeAdapter.read(TreeTypeAdapter.java:76) ~[gson-2.10.jar%23107!/:?]
	at com.google.gson.Gson.fromJson(Gson.java:1214) ~[gson-2.10.jar%23107!/:?]
	at com.google.gson.Gson.fromJson(Gson.java:1319) ~[gson-2.10.jar%23107!/:?]
	at com.google.gson.Gson.fromJson(Gson.java:1290) ~[gson-2.10.jar%23107!/:?]
	at com.google.gson.internal.bind.TreeTypeAdapter$GsonContextImpl.deserialize(TreeTypeAdapter.java:179) ~[gson-2.10.jar%23107!/:?]
	at net.minecraft.client.renderer.block.model.BlockModel$Deserializer.m_111506_(BlockModel.java:376) ~[client-1.20.1-20230612.114412-srg.jar%23338!/:?]
	at net.minecraft.client.renderer.block.model.BlockModel$Deserializer.deserialize(BlockModel.java:305) ~[client-1.20.1-20230612.114412-srg.jar%23338!/:?]
	at net.minecraftforge.client.model.ExtendedBlockModelDeserializer.deserialize(ExtendedBlockModelDeserializer.java:53) ~[forge-1.20.1-47.4.10-universal.jar%23343!/:?]
	at net.minecraftforge.client.model.ExtendedBlockModelDeserializer.deserialize(ExtendedBlockModelDeserializer.java:38) ~[forge-1.20.1-47.4.10-universal.jar%23343!/:?]
	at com.google.gson.internal.bind.TreeTypeAdapter.read(TreeTypeAdapter.java:76) ~[gson-2.10.jar%23107!/:?]
	at net.minecraft.util.GsonHelper.m_13780_(GsonHelper.java:524) ~[client-1.20.1-20230612.114412-srg.jar%23338!/:?]
	at net.minecraft.util.GsonHelper.m_263475_(GsonHelper.java:531) ~[client-1.20.1-20230612.114412-srg.jar%23338!/:?]
	at net.minecraft.util.GsonHelper.m_13776_(GsonHelper.java:581) ~[client-1.20.1-20230612.114412-srg.jar%23338!/:?]
	at net.minecraft.client.renderer.block.model.BlockModel.m_111461_(BlockModel.java:74) ~[client-1.20.1-20230612.114412-srg.jar%23338!/:?]
	at net.minecraft.client.resources.model.ModelManager.m_246478_(ModelManager.java:110) ~[client-1.20.1-20230612.114412-srg.jar%23338!/:?]
	at java.util.concurrent.CompletableFuture$AsyncSupply.run(CompletableFuture.java:1768) ~[?:?]
	at java.util.concurrent.CompletableFuture$AsyncSupply.exec(CompletableFuture.java:1760) ~[?:?]
	at java.util.concurrent.ForkJoinTask.doExec(ForkJoinTask.java:373) ~[?:?]
	at java.util.concurrent.ForkJoinPool$WorkQueue.topLevelExec(ForkJoinPool.java:1182) ~[?:?]
	at java.util.concurrent.ForkJoinPool.scan(ForkJoinPool.java:1655) ~[?:?]
	at java.util.concurrent.ForkJoinPool.runWorker(ForkJoinPool.java:1622) ~[?:?]
	at java.util.concurrent.ForkJoinWorkerThread.run(ForkJoinWorkerThread.java:165) ~[?:?]
[00:11:46] [Worker-Main-13/ERROR]: Failed to load model the_deep_void:models/custom/bone_helix.json
com.google.gson.JsonParseException: Invalid rotation -17.5 found, only -45/-22.5/0/22.5/45 allowed
	at net.minecraft.client.renderer.block.model.BlockElement$Deserializer.m_111342_(BlockElement.java:112) ~[client-1.20.1-20230612.114412-srg.jar%23338!/:?]
	at net.minecraft.client.renderer.block.model.BlockElement$Deserializer.m_111332_(BlockElement.java:101) ~[client-1.20.1-20230612.114412-srg.jar%23338!/:?]
	at net.minecraft.client.renderer.block.model.BlockElement$Deserializer.deserialize(BlockElement.java:82) ~[client-1.20.1-20230612.114412-srg.jar%23338!/:?]
	at net.minecraft.client.renderer.block.model.BlockElement$Deserializer.deserialize(BlockElement.java:74) ~[client-1.20.1-20230612.114412-srg.jar%23338!/:?]
	at com.google.gson.internal.bind.TreeTypeAdapter.read(TreeTypeAdapter.java:76) ~[gson-2.10.jar%23107!/:?]
	at com.google.gson.Gson.fromJson(Gson.java:1214) ~[gson-2.10.jar%23107!/:?]
	at com.google.gson.Gson.fromJson(Gson.java:1319) ~[gson-2.10.jar%23107!/:?]
	at com.google.gson.Gson.fromJson(Gson.java:1290) ~[gson-2.10.jar%23107!/:?]
	at com.google.gson.internal.bind.TreeTypeAdapter$GsonContextImpl.deserialize(TreeTypeAdapter.java:179) ~[gson-2.10.jar%23107!/:?]
	at net.minecraft.client.renderer.block.model.BlockModel$Deserializer.m_111506_(BlockModel.java:376) ~[client-1.20.1-20230612.114412-srg.jar%23338!/:?]
	at net.minecraft.client.renderer.block.model.BlockModel$Deserializer.deserialize(BlockModel.java:305) ~[client-1.20.1-20230612.114412-srg.jar%23338!/:?]
	at net.minecraftforge.client.model.ExtendedBlockModelDeserializer.deserialize(ExtendedBlockModelDeserializer.java:53) ~[forge-1.20.1-47.4.10-universal.jar%23343!/:?]
	at net.minecraftforge.client.model.ExtendedBlockModelDeserializer.deserialize(ExtendedBlockModelDeserializer.java:38) ~[forge-1.20.1-47.4.10-universal.jar%23343!/:?]
	at com.google.gson.internal.bind.TreeTypeAdapter.read(TreeTypeAdapter.java:76) ~[gson-2.10.jar%23107!/:?]
	at net.minecraft.util.GsonHelper.m_13780_(GsonHelper.java:524) ~[client-1.20.1-20230612.114412-srg.jar%23338!/:?]
	at net.minecraft.util.GsonHelper.m_263475_(GsonHelper.java:531) ~[client-1.20.1-20230612.114412-srg.jar%23338!/:?]
	at net.minecraft.util.GsonHelper.m_13776_(GsonHelper.java:581) ~[client-1.20.1-20230612.114412-srg.jar%23338!/:?]
	at net.minecraft.client.renderer.block.model.BlockModel.m_111461_(BlockModel.java:74) ~[client-1.20.1-20230612.114412-srg.jar%23338!/:?]
	at net.minecraft.client.resources.model.ModelManager.m_246478_(ModelManager.java:110) ~[client-1.20.1-20230612.114412-srg.jar%23338!/:?]
	at java.util.concurrent.CompletableFuture$AsyncSupply.run(CompletableFuture.java:1768) ~[?:?]
	at java.util.concurrent.CompletableFuture$AsyncSupply.exec(CompletableFuture.java:1760) ~[?:?]
	at java.util.concurrent.ForkJoinTask.doExec(ForkJoinTask.java:373) ~[?:?]
	at java.util.concurrent.ForkJoinPool$WorkQueue.topLevelExec(ForkJoinPool.java:1182) ~[?:?]
	at java.util.concurrent.ForkJoinPool.scan(ForkJoinPool.java:1655) ~[?:?]
	at java.util.concurrent.ForkJoinPool.runWorker(ForkJoinPool.java:1622) ~[?:?]
	at java.util.concurrent.ForkJoinWorkerThread.run(ForkJoinWorkerThread.java:165) ~[?:?]
[00:11:46] [Worker-Main-13/ERROR]: Failed to load model the_deep_void:models/custom/falsehydrahead.json
com.google.gson.JsonSyntaxException: Missing axis, expected to find a string
	at net.minecraft.util.GsonHelper.m_13906_(GsonHelper.java:127) ~[client-1.20.1-20230612.114412-srg.jar%23338!/:?]
	at net.minecraft.client.renderer.block.model.BlockElement$Deserializer.m_111344_(BlockElement.java:119) ~[client-1.20.1-20230612.114412-srg.jar%23338!/:?]
	at net.minecraft.client.renderer.block.model.BlockElement$Deserializer.m_111332_(BlockElement.java:100) ~[client-1.20.1-20230612.114412-srg.jar%23338!/:?]
	at net.minecraft.client.renderer.block.model.BlockElement$Deserializer.deserialize(BlockElement.java:82) ~[client-1.20.1-20230612.114412-srg.jar%23338!/:?]
	at net.minecraft.client.renderer.block.model.BlockElement$Deserializer.deserialize(BlockElement.java:74) ~[client-1.20.1-20230612.114412-srg.jar%23338!/:?]
	at com.google.gson.internal.bind.TreeTypeAdapter.read(TreeTypeAdapter.java:76) ~[gson-2.10.jar%23107!/:?]
	at com.google.gson.Gson.fromJson(Gson.java:1214) ~[gson-2.10.jar%23107!/:?]
	at com.google.gson.Gson.fromJson(Gson.java:1319) ~[gson-2.10.jar%23107!/:?]
	at com.google.gson.Gson.fromJson(Gson.java:1290) ~[gson-2.10.jar%23107!/:?]
	at com.google.gson.internal.bind.TreeTypeAdapter$GsonContextImpl.deserialize(TreeTypeAdapter.java:179) ~[gson-2.10.jar%23107!/:?]
	at net.minecraft.client.renderer.block.model.BlockModel$Deserializer.m_111506_(BlockModel.java:376) ~[client-1.20.1-20230612.114412-srg.jar%23338!/:?]
	at net.minecraft.client.renderer.block.model.BlockModel$Deserializer.deserialize(BlockModel.java:305) ~[client-1.20.1-20230612.114412-srg.jar%23338!/:?]
	at net.minecraftforge.client.model.ExtendedBlockModelDeserializer.deserialize(ExtendedBlockModelDeserializer.java:53) ~[forge-1.20.1-47.4.10-universal.jar%23343!/:?]
	at net.minecraftforge.client.model.ExtendedBlockModelDeserializer.deserialize(ExtendedBlockModelDeserializer.java:38) ~[forge-1.20.1-47.4.10-universal.jar%23343!/:?]
	at com.google.gson.internal.bind.TreeTypeAdapter.read(TreeTypeAdapter.java:76) ~[gson-2.10.jar%23107!/:?]
	at net.minecraft.util.GsonHelper.m_13780_(GsonHelper.java:524) ~[client-1.20.1-20230612.114412-srg.jar%23338!/:?]
	at net.minecraft.util.GsonHelper.m_263475_(GsonHelper.java:531) ~[client-1.20.1-20230612.114412-srg.jar%23338!/:?]
	at net.minecraft.util.GsonHelper.m_13776_(GsonHelper.java:581) ~[client-1.20.1-20230612.114412-srg.jar%23338!/:?]
	at net.minecraft.client.renderer.block.model.BlockModel.m_111461_(BlockModel.java:74) ~[client-1.20.1-20230612.114412-srg.jar%23338!/:?]
	at net.minecraft.client.resources.model.ModelManager.m_246478_(ModelManager.java:110) ~[client-1.20.1-20230612.114412-srg.jar%23338!/:?]
	at java.util.concurrent.CompletableFuture$AsyncSupply.run(CompletableFuture.java:1768) ~[?:?]
	at java.util.concurrent.CompletableFuture$AsyncSupply.exec(CompletableFuture.java:1760) ~[?:?]
	at java.util.concurrent.ForkJoinTask.doExec(ForkJoinTask.java:373) ~[?:?]
	at java.util.concurrent.ForkJoinPool$WorkQueue.topLevelExec(ForkJoinPool.java:1182) ~[?:?]
	at java.util.concurrent.ForkJoinPool.scan(ForkJoinPool.java:1655) ~[?:?]
	at java.util.concurrent.ForkJoinPool.runWorker(ForkJoinPool.java:1622) ~[?:?]
	at java.util.concurrent.ForkJoinWorkerThread.run(ForkJoinWorkerThread.java:165) ~[?:?]
[00:11:46] [Worker-Main-2/INFO]: Version 10.4.16 initializing...
[00:11:46] [Worker-Main-17/INFO]: flushConfig: saving c2me.toml with 9 top-level entries (20 visited keys)
[00:11:46] [Worker-Main-16/INFO]: Registered packet handler.
[00:11:46] [Worker-Main-16/INFO]: chunksending mod initialized
[00:11:46] [Forge Version Check/INFO]: [cyclopscore] Starting version check at https://raw.githubusercontent.com/CyclopsMC/Versions/master/forge_update/cyclops-core.json
[00:11:47] [Worker-Main-2/INFO]: Fake player readout: UUID = 46e82cd0-d480-3d48-800a-77431ede078e, name = [Mekanism]
[00:11:47] [Worker-Main-2/INFO]: Mod loaded.
[00:11:47] [Worker-Main-14/WARN]: Unused frames in sprite irons_spellbooks:item/upgrade_orb_ender: [1, 5, 6, 7]
[00:11:47] [Worker-Main-11/WARN]: Unused frames in sprite irons_spellbooks:item/energized_core_energy: [11]
[00:11:47] [Worker-Main-8/WARN]: Texture obscure_api:icons/generic with size 110x44 limits mip level from 4 to 1
[00:11:47] [Worker-Main-10/INFO]: Registered packet handler.
[00:11:47] [Forge Version Check/INFO]: [cyclopscore] Found status: UP_TO_DATE Current: 1.22.1 Target: null
[00:11:47] [Forge Version Check/INFO]: [controlling] Starting version check at https://updates.blamejared.com/get?n=controlling&gv=1.20.1
[00:11:47] [Render thread/INFO]: Setup Alex's Caves compat...
[00:11:47] [Worker-Main-9/WARN]: Exception loading blockstate definition: 'fdbosses:blockstates/no_entity_spawn_block.json' missing model for variant: 'fdbosses:no_entity_spawn_block#'
[00:11:47] [Worker-Main-9/WARN]: Exception loading blockstate definition: 'industrialforegoing:blockstates/machine_frame_pity.json' missing model for variant: 'industrialforegoing:machine_frame_pity#'
[00:11:47] [Worker-Main-9/WARN]: Exception loading blockstate definition: 'industrialforegoing:blockstates/machine_frame_simple.json' missing model for variant: 'industrialforegoing:machine_frame_simple#'
[00:11:47] [Worker-Main-9/WARN]: Exception loading blockstate definition: 'industrialforegoing:blockstates/machine_frame_advanced.json' missing model for variant: 'industrialforegoing:machine_frame_advanced#'
[00:11:47] [Worker-Main-9/WARN]: Exception loading blockstate definition: 'industrialforegoing:blockstates/machine_frame_supreme.json' missing model for variant: 'industrialforegoing:machine_frame_supreme#'
[00:11:47] [Worker-Main-9/WARN]: Exception loading blockstate definition: 'industrialforegoing:blockstates/latex.json' missing model for variant: 'industrialforegoing:latex#level=12'
[00:11:47] [Worker-Main-9/WARN]: Exception loading blockstate definition: 'industrialforegoing:blockstates/latex.json' missing model for variant: 'industrialforegoing:latex#level=11'
[00:11:47] [Worker-Main-9/WARN]: Exception loading blockstate definition: 'industrialforegoing:blockstates/latex.json' missing model for variant: 'industrialforegoing:latex#level=14'
[00:11:47] [Worker-Main-9/WARN]: Exception loading blockstate definition: 'industrialforegoing:blockstates/latex.json' missing model for variant: 'industrialforegoing:latex#level=13'
[00:11:47] [Worker-Main-9/WARN]: Exception loading blockstate definition: 'industrialforegoing:blockstates/latex.json' missing model for variant: 'industrialforegoing:latex#level=6'
[00:11:47] [Worker-Main-9/WARN]: Exception loading blockstate definition: 'industrialforegoing:blockstates/latex.json' missing model for variant: 'industrialforegoing:latex#level=7'
[00:11:47] [Worker-Main-9/WARN]: Exception loading blockstate definition: 'industrialforegoing:blockstates/latex.json' missing model for variant: 'industrialforegoing:latex#level=8'
[00:11:47] [Worker-Main-9/WARN]: Exception loading blockstate definition: 'industrialforegoing:blockstates/latex.json' missing model for variant: 'industrialforegoing:latex#level=10'
[00:11:47] [Worker-Main-9/WARN]: Exception loading blockstate definition: 'industrialforegoing:blockstates/latex.json' missing model for variant: 'industrialforegoing:latex#level=9'
[00:11:47] [Worker-Main-9/WARN]: Exception loading blockstate definition: 'industrialforegoing:blockstates/latex.json' missing model for variant: 'industrialforegoing:latex#level=2'
[00:11:47] [Worker-Main-9/WARN]: Exception loading blockstate definition: 'industrialforegoing:blockstates/latex.json' missing model for variant: 'industrialforegoing:latex#level=3'
[00:11:47] [Worker-Main-9/WARN]: Exception loading blockstate definition: 'industrialforegoing:blockstates/latex.json' missing model for variant: 'industrialforegoing:latex#level=4'
[00:11:47] [Worker-Main-9/WARN]: Exception loading blockstate definition: 'industrialforegoing:blockstates/latex.json' missing model for variant: 'industrialforegoing:latex#level=5'
[00:11:47] [Worker-Main-9/WARN]: Exception loading blockstate definition: 'industrialforegoing:blockstates/latex.json' missing model for variant: 'industrialforegoing:latex#level=15'
[00:11:47] [Worker-Main-9/WARN]: Exception loading blockstate definition: 'industrialforegoing:blockstates/latex.json' missing model for variant: 'industrialforegoing:latex#level=0'
[00:11:47] [Worker-Main-9/WARN]: Exception loading blockstate definition: 'industrialforegoing:blockstates/latex.json' missing model for variant: 'industrialforegoing:latex#level=1'
[00:11:47] [Worker-Main-9/WARN]: Exception loading blockstate definition: 'industrialforegoing:blockstates/meat.json' missing model for variant: 'industrialforegoing:meat#level=2'
[00:11:47] [Worker-Main-9/WARN]: Exception loading blockstate definition: 'industrialforegoing:blockstates/meat.json' missing model for variant: 'industrialforegoing:meat#level=1'
[00:11:47] [Worker-Main-9/WARN]: Exception loading blockstate definition: 'industrialforegoing:blockstates/meat.json' missing model for variant: 'industrialforegoing:meat#level=0'
[00:11:47] [Worker-Main-9/WARN]: Exception loading blockstate definition: 'industrialforegoing:blockstates/meat.json' missing model for variant: 'industrialforegoing:meat#level=6'
[00:11:47] [Worker-Main-9/WARN]: Exception loading blockstate definition: 'industrialforegoing:blockstates/meat.json' missing model for variant: 'industrialforegoing:meat#level=5'
[00:11:47] [Worker-Main-9/WARN]: Exception loading blockstate definition: 'industrialforegoing:blockstates/meat.json' missing model for variant: 'industrialforegoing:meat#level=4'
[00:11:47] [Worker-Main-9/WARN]: Exception loading blockstate definition: 'industrialforegoing:blockstates/meat.json' missing model for variant: 'industrialforegoing:meat#level=3'
[00:11:47] [Worker-Main-9/WARN]: Exception loading blockstate definition: 'industrialforegoing:blockstates/meat.json' missing model for variant: 'industrialforegoing:meat#level=12'
[00:11:47] [Worker-Main-9/WARN]: Exception loading blockstate definition: 'industrialforegoing:blockstates/meat.json' missing model for variant: 'industrialforegoing:meat#level=9'
[00:11:47] [Worker-Main-9/WARN]: Exception loading blockstate definition: 'industrialforegoing:blockstates/meat.json' missing model for variant: 'industrialforegoing:meat#level=13'
[00:11:47] [Worker-Main-9/WARN]: Exception loading blockstate definition: 'industrialforegoing:blockstates/meat.json' missing model for variant: 'industrialforegoing:meat#level=8'
[00:11:47] [Worker-Main-9/WARN]: Exception loading blockstate definition: 'industrialforegoing:blockstates/meat.json' missing model for variant: 'industrialforegoing:meat#level=14'
[00:11:47] [Worker-Main-9/WARN]: Exception loading blockstate definition: 'industrialforegoing:blockstates/meat.json' missing model for variant: 'industrialforegoing:meat#level=7'
[00:11:47] [Worker-Main-9/WARN]: Exception loading blockstate definition: 'industrialforegoing:blockstates/meat.json' missing model for variant: 'industrialforegoing:meat#level=15'
[00:11:47] [Worker-Main-9/WARN]: Exception loading blockstate definition: 'industrialforegoing:blockstates/meat.json' missing model for variant: 'industrialforegoing:meat#level=10'
[00:11:47] [Worker-Main-9/WARN]: Exception loading blockstate definition: 'industrialforegoing:blockstates/meat.json' missing model for variant: 'industrialforegoing:meat#level=11'
[00:11:47] [Worker-Main-9/WARN]: Exception loading blockstate definition: 'industrialforegoing:blockstates/sewage.json' missing model for variant: 'industrialforegoing:sewage#level=2'
[00:11:47] [Worker-Main-9/WARN]: Exception loading blockstate definition: 'industrialforegoing:blockstates/sewage.json' missing model for variant: 'industrialforegoing:sewage#level=3'
[00:11:47] [Worker-Main-9/WARN]: Exception loading blockstate definition: 'industrialforegoing:blockstates/sewage.json' missing model for variant: 'industrialforegoing:sewage#level=4'
[00:11:47] [Worker-Main-9/WARN]: Exception loading blockstate definition: 'industrialforegoing:blockstates/sewage.json' missing model for variant: 'industrialforegoing:sewage#level=5'
[00:11:47] [Worker-Main-9/WARN]: Exception loading blockstate definition: 'industrialforegoing:blockstates/sewage.json' missing model for variant: 'industrialforegoing:sewage#level=15'
[00:11:47] [Worker-Main-9/WARN]: Exception loading blockstate definition: 'industrialforegoing:blockstates/sewage.json' missing model for variant: 'industrialforegoing:sewage#level=0'
[00:11:47] [Worker-Main-9/WARN]: Exception loading blockstate definition: 'industrialforegoing:blockstates/sewage.json' missing model for variant: 'industrialforegoing:sewage#level=1'
[00:11:47] [Worker-Main-9/WARN]: Exception loading blockstate definition: 'industrialforegoing:blockstates/sewage.json' missing model for variant: 'industrialforegoing:sewage#level=12'
[00:11:47] [Worker-Main-9/WARN]: Exception loading blockstate definition: 'industrialforegoing:blockstates/sewage.json' missing model for variant: 'industrialforegoing:sewage#level=11'
[00:11:47] [Worker-Main-9/WARN]: Exception loading blockstate definition: 'industrialforegoing:blockstates/sewage.json' missing model for variant: 'industrialforegoing:sewage#level=14'
[00:11:47] [Worker-Main-9/WARN]: Exception loading blockstate definition: 'industrialforegoing:blockstates/sewage.json' missing model for variant: 'industrialforegoing:sewage#level=13'
[00:11:47] [Worker-Main-9/WARN]: Exception loading blockstate definition: 'industrialforegoing:blockstates/sewage.json' missing model for variant: 'industrialforegoing:sewage#level=6'
[00:11:47] [Worker-Main-9/WARN]: Exception loading blockstate definition: 'industrialforegoing:blockstates/sewage.json' missing model for variant: 'industrialforegoing:sewage#level=7'
[00:11:47] [Worker-Main-9/WARN]: Exception loading blockstate definition: 'industrialforegoing:blockstates/sewage.json' missing model for variant: 'industrialforegoing:sewage#level=8'
[00:11:47] [Worker-Main-9/WARN]: Exception loading blockstate definition: 'industrialforegoing:blockstates/sewage.json' missing model for variant: 'industrialforegoing:sewage#level=10'
[00:11:47] [Worker-Main-9/WARN]: Exception loading blockstate definition: 'industrialforegoing:blockstates/sewage.json' missing model for variant: 'industrialforegoing:sewage#level=9'
[00:11:47] [Worker-Main-9/WARN]: Exception loading blockstate definition: 'industrialforegoing:blockstates/essence.json' missing model for variant: 'industrialforegoing:essence#level=13'
[00:11:47] [Worker-Main-9/WARN]: Exception loading blockstate definition: 'industrialforegoing:blockstates/essence.json' missing model for variant: 'industrialforegoing:essence#level=14'
[00:11:47] [Worker-Main-9/WARN]: Exception loading blockstate definition: 'industrialforegoing:blockstates/essence.json' missing model for variant: 'industrialforegoing:essence#level=15'
[00:11:47] [Worker-Main-9/WARN]: Exception loading blockstate definition: 'industrialforegoing:blockstates/essence.json' missing model for variant: 'industrialforegoing:essence#level=3'
[00:11:47] [Worker-Main-9/WARN]: Exception loading blockstate definition: 'industrialforegoing:blockstates/essence.json' missing model for variant: 'industrialforegoing:essence#level=2'
[00:11:47] [Worker-Main-9/WARN]: Exception loading blockstate definition: 'industrialforegoing:blockstates/essence.json' missing model for variant: 'industrialforegoing:essence#level=1'
[00:11:47] [Worker-Main-9/WARN]: Exception loading blockstate definition: 'industrialforegoing:blockstates/essence.json' missing model for variant: 'industrialforegoing:essence#level=0'
[00:11:47] [Worker-Main-9/WARN]: Exception loading blockstate definition: 'industrialforegoing:blockstates/essence.json' missing model for variant: 'industrialforegoing:essence#level=9'
[00:11:47] [Worker-Main-9/WARN]: Exception loading blockstate definition: 'industrialforegoing:blockstates/essence.json' missing model for variant: 'industrialforegoing:essence#level=8'
[00:11:47] [Worker-Main-9/WARN]: Exception loading blockstate definition: 'industrialforegoing:blockstates/essence.json' missing model for variant: 'industrialforegoing:essence#level=7'
[00:11:47] [Worker-Main-9/WARN]: Exception loading blockstate definition: 'industrialforegoing:blockstates/essence.json' missing model for variant: 'industrialforegoing:essence#level=6'
[00:11:47] [Worker-Main-9/WARN]: Exception loading blockstate definition: 'industrialforegoing:blockstates/essence.json' missing model for variant: 'industrialforegoing:essence#level=5'
[00:11:47] [Worker-Main-9/WARN]: Exception loading blockstate definition: 'industrialforegoing:blockstates/essence.json' missing model for variant: 'industrialforegoing:essence#level=4'
[00:11:47] [Worker-Main-9/WARN]: Exception loading blockstate definition: 'industrialforegoing:blockstates/essence.json' missing model for variant: 'industrialforegoing:essence#level=10'
[00:11:47] [Worker-Main-9/WARN]: Exception loading blockstate definition: 'industrialforegoing:blockstates/essence.json' missing model for variant: 'industrialforegoing:essence#level=11'
[00:11:47] [Worker-Main-9/WARN]: Exception loading blockstate definition: 'industrialforegoing:blockstates/essence.json' missing model for variant: 'industrialforegoing:essence#level=12'
[00:11:47] [Worker-Main-9/WARN]: Exception loading blockstate definition: 'industrialforegoing:blockstates/sludge.json' missing model for variant: 'industrialforegoing:sludge#level=5'
[00:11:47] [Worker-Main-9/WARN]: Exception loading blockstate definition: 'industrialforegoing:blockstates/sludge.json' missing model for variant: 'industrialforegoing:sludge#level=4'
[00:11:47] [Worker-Main-9/WARN]: Exception loading blockstate definition: 'industrialforegoing:blockstates/sludge.json' missing model for variant: 'industrialforegoing:sludge#level=3'
[00:11:47] [Worker-Main-9/WARN]: Exception loading blockstate definition: 'industrialforegoing:blockstates/sludge.json' missing model for variant: 'industrialforegoing:sludge#level=2'
[00:11:47] [Worker-Main-9/WARN]: Exception loading blockstate definition: 'industrialforegoing:blockstates/sludge.json' missing model for variant: 'industrialforegoing:sludge#level=9'
[00:11:47] [Worker-Main-9/WARN]: Exception loading blockstate definition: 'industrialforegoing:blockstates/sludge.json' missing model for variant: 'industrialforegoing:sludge#level=8'
[00:11:47] [Worker-Main-9/WARN]: Exception loading blockstate definition: 'industrialforegoing:blockstates/sludge.json' missing model for variant: 'industrialforegoing:sludge#level=7'
[00:11:47] [Worker-Main-9/WARN]: Exception loading blockstate definition: 'industrialforegoing:blockstates/sludge.json' missing model for variant: 'industrialforegoing:sludge#level=6'
[00:11:47] [Worker-Main-9/WARN]: Exception loading blockstate definition: 'industrialforegoing:blockstates/sludge.json' missing model for variant: 'industrialforegoing:sludge#level=1'
[00:11:47] [Worker-Main-9/WARN]: Exception loading blockstate definition: 'industrialforegoing:blockstates/sludge.json' missing model for variant: 'industrialforegoing:sludge#level=0'
[00:11:47] [Worker-Main-9/WARN]: Exception loading blockstate definition: 'industrialforegoing:blockstates/sludge.json' missing model for variant: 'industrialforegoing:sludge#level=10'
[00:11:47] [Worker-Main-9/WARN]: Exception loading blockstate definition: 'industrialforegoing:blockstates/sludge.json' missing model for variant: 'industrialforegoing:sludge#level=15'
[00:11:47] [Worker-Main-9/WARN]: Exception loading blockstate definition: 'industrialforegoing:blockstates/sludge.json' missing model for variant: 'industrialforegoing:sludge#level=11'
[00:11:47] [Worker-Main-9/WARN]: Exception loading blockstate definition: 'industrialforegoing:blockstates/sludge.json' missing model for variant: 'industrialforegoing:sludge#level=12'
[00:11:47] [Worker-Main-9/WARN]: Exception loading blockstate definition: 'industrialforegoing:blockstates/sludge.json' missing model for variant: 'industrialforegoing:sludge#level=13'
[00:11:47] [Worker-Main-9/WARN]: Exception loading blockstate definition: 'industrialforegoing:blockstates/sludge.json' missing model for variant: 'industrialforegoing:sludge#level=14'
[00:11:47] [Worker-Main-9/WARN]: Exception loading blockstate definition: 'industrialforegoing:blockstates/pink_slime.json' missing model for variant: 'industrialforegoing:pink_slime#level=9'
[00:11:47] [Worker-Main-9/WARN]: Exception loading blockstate definition: 'industrialforegoing:blockstates/pink_slime.json' missing model for variant: 'industrialforegoing:pink_slime#level=8'
[00:11:47] [Worker-Main-9/WARN]: Exception loading blockstate definition: 'industrialforegoing:blockstates/pink_slime.json' missing model for variant: 'industrialforegoing:pink_slime#level=7'
[00:11:47] [Worker-Main-9/WARN]: Exception loading blockstate definition: 'industrialforegoing:blockstates/pink_slime.json' missing model for variant: 'industrialforegoing:pink_slime#level=6'
[00:11:47] [Worker-Main-9/WARN]: Exception loading blockstate definition: 'industrialforegoing:blockstates/pink_slime.json' missing model for variant: 'industrialforegoing:pink_slime#level=5'
[00:11:47] [Worker-Main-9/WARN]: Exception loading blockstate definition: 'industrialforegoing:blockstates/pink_slime.json' missing model for variant: 'industrialforegoing:pink_slime#level=4'
[00:11:47] [Worker-Main-9/WARN]: Exception loading blockstate definition: 'industrialforegoing:blockstates/pink_slime.json' missing model for variant: 'industrialforegoing:pink_slime#level=3'
[00:11:47] [Worker-Main-9/WARN]: Exception loading blockstate definition: 'industrialforegoing:blockstates/pink_slime.json' missing model for variant: 'industrialforegoing:pink_slime#level=10'
[00:11:47] [Worker-Main-9/WARN]: Exception loading blockstate definition: 'industrialforegoing:blockstates/pink_slime.json' missing model for variant: 'industrialforegoing:pink_slime#level=11'
[00:11:47] [Worker-Main-9/WARN]: Exception loading blockstate definition: 'industrialforegoing:blockstates/pink_slime.json' missing model for variant: 'industrialforegoing:pink_slime#level=12'
[00:11:47] [Worker-Main-9/WARN]: Exception loading blockstate definition: 'industrialforegoing:blockstates/pink_slime.json' missing model for variant: 'industrialforegoing:pink_slime#level=13'
[00:11:47] [Worker-Main-9/WARN]: Exception loading blockstate definition: 'industrialforegoing:blockstates/pink_slime.json' missing model for variant: 'industrialforegoing:pink_slime#level=14'
[00:11:47] [Worker-Main-9/WARN]: Exception loading blockstate definition: 'industrialforegoing:blockstates/pink_slime.json' missing model for variant: 'industrialforegoing:pink_slime#level=15'
[00:11:47] [Worker-Main-9/WARN]: Exception loading blockstate definition: 'industrialforegoing:blockstates/pink_slime.json' missing model for variant: 'industrialforegoing:pink_slime#level=2'
[00:11:47] [Worker-Main-9/WARN]: Exception loading blockstate definition: 'industrialforegoing:blockstates/pink_slime.json' missing model for variant: 'industrialforegoing:pink_slime#level=1'
[00:11:47] [Worker-Main-9/WARN]: Exception loading blockstate definition: 'industrialforegoing:blockstates/pink_slime.json' missing model for variant: 'industrialforegoing:pink_slime#level=0'
[00:11:47] [Worker-Main-9/WARN]: Exception loading blockstate definition: 'industrialforegoing:blockstates/biofuel.json' missing model for variant: 'industrialforegoing:biofuel#level=5'
[00:11:47] [Worker-Main-9/WARN]: Exception loading blockstate definition: 'industrialforegoing:blockstates/biofuel.json' missing model for variant: 'industrialforegoing:biofuel#level=4'
[00:11:47] [Worker-Main-9/WARN]: Exception loading blockstate definition: 'industrialforegoing:blockstates/biofuel.json' missing model for variant: 'industrialforegoing:biofuel#level=3'
[00:11:47] [Worker-Main-9/WARN]: Exception loading blockstate definition: 'industrialforegoing:blockstates/biofuel.json' missing model for variant: 'industrialforegoing:biofuel#level=2'
[00:11:47] [Worker-Main-9/WARN]: Exception loading blockstate definition: 'industrialforegoing:blockstates/biofuel.json' missing model for variant: 'industrialforegoing:biofuel#level=9'
[00:11:47] [Worker-Main-9/WARN]: Exception loading blockstate definition: 'industrialforegoing:blockstates/biofuel.json' missing model for variant: 'industrialforegoing:biofuel#level=8'
[00:11:47] [Worker-Main-9/WARN]: Exception loading blockstate definition: 'industrialforegoing:blockstates/biofuel.json' missing model for variant: 'industrialforegoing:biofuel#level=7'
[00:11:47] [Worker-Main-9/WARN]: Exception loading blockstate definition: 'industrialforegoing:blockstates/biofuel.json' missing model for variant: 'industrialforegoing:biofuel#level=6'
[00:11:47] [Worker-Main-9/WARN]: Exception loading blockstate definition: 'industrialforegoing:blockstates/biofuel.json' missing model for variant: 'industrialforegoing:biofuel#level=15'
[00:11:47] [Worker-Main-9/WARN]: Exception loading blockstate definition: 'industrialforegoing:blockstates/biofuel.json' missing model for variant: 'industrialforegoing:biofuel#level=11'
[00:11:47] [Worker-Main-9/WARN]: Exception loading blockstate definition: 'industrialforegoing:blockstates/biofuel.json' missing model for variant: 'industrialforegoing:biofuel#level=12'
[00:11:47] [Worker-Main-9/WARN]: Exception loading blockstate definition: 'industrialforegoing:blockstates/biofuel.json' missing model for variant: 'industrialforegoing:biofuel#level=13'
[00:11:47] [Worker-Main-9/WARN]: Exception loading blockstate definition: 'industrialforegoing:blockstates/biofuel.json' missing model for variant: 'industrialforegoing:biofuel#level=14'
[00:11:47] [Worker-Main-9/WARN]: Exception loading blockstate definition: 'industrialforegoing:blockstates/biofuel.json' missing model for variant: 'industrialforegoing:biofuel#level=10'
[00:11:47] [Worker-Main-9/WARN]: Exception loading blockstate definition: 'industrialforegoing:blockstates/biofuel.json' missing model for variant: 'industrialforegoing:biofuel#level=1'
[00:11:47] [Worker-Main-9/WARN]: Exception loading blockstate definition: 'industrialforegoing:blockstates/biofuel.json' missing model for variant: 'industrialforegoing:biofuel#level=0'
[00:11:47] [Worker-Main-9/WARN]: Exception loading blockstate definition: 'industrialforegoing:blockstates/ether_gas.json' missing model for variant: 'industrialforegoing:ether_gas#level=7'
[00:11:47] [Worker-Main-9/WARN]: Exception loading blockstate definition: 'industrialforegoing:blockstates/ether_gas.json' missing model for variant: 'industrialforegoing:ether_gas#level=6'
[00:11:47] [Worker-Main-9/WARN]: Exception loading blockstate definition: 'industrialforegoing:blockstates/ether_gas.json' missing model for variant: 'industrialforegoing:ether_gas#level=5'
[00:11:47] [Worker-Main-9/WARN]: Exception loading blockstate definition: 'industrialforegoing:blockstates/ether_gas.json' missing model for variant: 'industrialforegoing:ether_gas#level=4'
[00:11:47] [Worker-Main-9/WARN]: Exception loading blockstate definition: 'industrialforegoing:blockstates/ether_gas.json' missing model for variant: 'industrialforegoing:ether_gas#level=9'
[00:11:47] [Worker-Main-9/WARN]: Exception loading blockstate definition: 'industrialforegoing:blockstates/ether_gas.json' missing model for variant: 'industrialforegoing:ether_gas#level=8'
[00:11:47] [Worker-Main-9/WARN]: Exception loading blockstate definition: 'industrialforegoing:blockstates/ether_gas.json' missing model for variant: 'industrialforegoing:ether_gas#level=15'
[00:11:47] [Worker-Main-9/WARN]: Exception loading blockstate definition: 'industrialforegoing:blockstates/ether_gas.json' missing model for variant: 'industrialforegoing:ether_gas#level=14'
[00:11:47] [Worker-Main-9/WARN]: Exception loading blockstate definition: 'industrialforegoing:blockstates/ether_gas.json' missing model for variant: 'industrialforegoing:ether_gas#level=13'
[00:11:47] [Worker-Main-9/WARN]: Exception loading blockstate definition: 'industrialforegoing:blockstates/ether_gas.json' missing model for variant: 'industrialforegoing:ether_gas#level=12'
[00:11:47] [Worker-Main-9/WARN]: Exception loading blockstate definition: 'industrialforegoing:blockstates/ether_gas.json' missing model for variant: 'industrialforegoing:ether_gas#level=11'
[00:11:47] [Worker-Main-9/WARN]: Exception loading blockstate definition: 'industrialforegoing:blockstates/ether_gas.json' missing model for variant: 'industrialforegoing:ether_gas#level=10'
[00:11:47] [Worker-Main-9/WARN]: Exception loading blockstate definition: 'industrialforegoing:blockstates/ether_gas.json' missing model for variant: 'industrialforegoing:ether_gas#level=3'
[00:11:47] [Worker-Main-9/WARN]: Exception loading blockstate definition: 'industrialforegoing:blockstates/ether_gas.json' missing model for variant: 'industrialforegoing:ether_gas#level=2'
[00:11:47] [Worker-Main-9/WARN]: Exception loading blockstate definition: 'industrialforegoing:blockstates/ether_gas.json' missing model for variant: 'industrialforegoing:ether_gas#level=1'
[00:11:47] [Worker-Main-9/WARN]: Exception loading blockstate definition: 'industrialforegoing:blockstates/ether_gas.json' missing model for variant: 'industrialforegoing:ether_gas#level=0'
[00:11:47] [Worker-Main-9/WARN]: Exception loading blockstate definition: 'industrialforegoing:blockstates/raw_ore_meat.json' missing model for variant: 'industrialforegoing:raw_ore_meat#level=10'
[00:11:47] [Worker-Main-9/WARN]: Exception loading blockstate definition: 'industrialforegoing:blockstates/raw_ore_meat.json' missing model for variant: 'industrialforegoing:raw_ore_meat#level=11'
[00:11:47] [Worker-Main-9/WARN]: Exception loading blockstate definition: 'industrialforegoing:blockstates/raw_ore_meat.json' missing model for variant: 'industrialforegoing:raw_ore_meat#level=9'
[00:11:47] [Worker-Main-9/WARN]: Exception loading blockstate definition: 'industrialforegoing:blockstates/raw_ore_meat.json' missing model for variant: 'industrialforegoing:raw_ore_meat#level=8'
[00:11:47] [Worker-Main-9/WARN]: Exception loading blockstate definition: 'industrialforegoing:blockstates/raw_ore_meat.json' missing model for variant: 'industrialforegoing:raw_ore_meat#level=7'
[00:11:47] [Worker-Main-9/WARN]: Exception loading blockstate definition: 'industrialforegoing:blockstates/raw_ore_meat.json' missing model for variant: 'industrialforegoing:raw_ore_meat#level=6'
[00:11:47] [Worker-Main-9/WARN]: Exception loading blockstate definition: 'industrialforegoing:blockstates/raw_ore_meat.json' missing model for variant: 'industrialforegoing:raw_ore_meat#level=5'
[00:11:47] [Worker-Main-9/WARN]: Exception loading blockstate definition: 'industrialforegoing:blockstates/raw_ore_meat.json' missing model for variant: 'industrialforegoing:raw_ore_meat#level=4'
[00:11:47] [Worker-Main-9/WARN]: Exception loading blockstate definition: 'industrialforegoing:blockstates/raw_ore_meat.json' missing model for variant: 'industrialforegoing:raw_ore_meat#level=3'
[00:11:47] [Worker-Main-9/WARN]: Exception loading blockstate definition: 'industrialforegoing:blockstates/raw_ore_meat.json' missing model for variant: 'industrialforegoing:raw_ore_meat#level=2'
[00:11:47] [Worker-Main-9/WARN]: Exception loading blockstate definition: 'industrialforegoing:blockstates/raw_ore_meat.json' missing model for variant: 'industrialforegoing:raw_ore_meat#level=1'
[00:11:47] [Worker-Main-9/WARN]: Exception loading blockstate definition: 'industrialforegoing:blockstates/raw_ore_meat.json' missing model for variant: 'industrialforegoing:raw_ore_meat#level=0'
[00:11:47] [Worker-Main-9/WARN]: Exception loading blockstate definition: 'industrialforegoing:blockstates/raw_ore_meat.json' missing model for variant: 'industrialforegoing:raw_ore_meat#level=12'
[00:11:47] [Worker-Main-9/WARN]: Exception loading blockstate definition: 'industrialforegoing:blockstates/raw_ore_meat.json' missing model for variant: 'industrialforegoing:raw_ore_meat#level=13'
[00:11:47] [Worker-Main-9/WARN]: Exception loading blockstate definition: 'industrialforegoing:blockstates/raw_ore_meat.json' missing model for variant: 'industrialforegoing:raw_ore_meat#level=14'
[00:11:47] [Worker-Main-9/WARN]: Exception loading blockstate definition: 'industrialforegoing:blockstates/raw_ore_meat.json' missing model for variant: 'industrialforegoing:raw_ore_meat#level=15'
[00:11:47] [Worker-Main-9/WARN]: Exception loading blockstate definition: 'industrialforegoing:blockstates/fermented_ore_meat.json' missing model for variant: 'industrialforegoing:fermented_ore_meat#level=14'
[00:11:47] [Worker-Main-9/WARN]: Exception loading blockstate definition: 'industrialforegoing:blockstates/fermented_ore_meat.json' missing model for variant: 'industrialforegoing:fermented_ore_meat#level=15'
[00:11:47] [Worker-Main-9/WARN]: Exception loading blockstate definition: 'industrialforegoing:blockstates/fermented_ore_meat.json' missing model for variant: 'industrialforegoing:fermented_ore_meat#level=12'
[00:11:47] [Worker-Main-9/WARN]: Exception loading blockstate definition: 'industrialforegoing:blockstates/fermented_ore_meat.json' missing model for variant: 'industrialforegoing:fermented_ore_meat#level=13'
[00:11:47] [Worker-Main-9/WARN]: Exception loading blockstate definition: 'industrialforegoing:blockstates/fermented_ore_meat.json' missing model for variant: 'industrialforegoing:fermented_ore_meat#level=1'
[00:11:47] [Worker-Main-9/WARN]: Exception loading blockstate definition: 'industrialforegoing:blockstates/fermented_ore_meat.json' missing model for variant: 'industrialforegoing:fermented_ore_meat#level=2'
[00:11:47] [Worker-Main-9/WARN]: Exception loading blockstate definition: 'industrialforegoing:blockstates/fermented_ore_meat.json' missing model for variant: 'industrialforegoing:fermented_ore_meat#level=0'
[00:11:47] [Worker-Main-9/WARN]: Exception loading blockstate definition: 'industrialforegoing:blockstates/fermented_ore_meat.json' missing model for variant: 'industrialforegoing:fermented_ore_meat#level=5'
[00:11:47] [Worker-Main-9/WARN]: Exception loading blockstate definition: 'industrialforegoing:blockstates/fermented_ore_meat.json' missing model for variant: 'industrialforegoing:fermented_ore_meat#level=6'
[00:11:47] [Worker-Main-9/WARN]: Exception loading blockstate definition: 'industrialforegoing:blockstates/fermented_ore_meat.json' missing model for variant: 'industrialforegoing:fermented_ore_meat#level=3'
[00:11:47] [Worker-Main-9/WARN]: Exception loading blockstate definition: 'industrialforegoing:blockstates/fermented_ore_meat.json' missing model for variant: 'industrialforegoing:fermented_ore_meat#level=4'
[00:11:47] [Worker-Main-9/WARN]: Exception loading blockstate definition: 'industrialforegoing:blockstates/fermented_ore_meat.json' missing model for variant: 'industrialforegoing:fermented_ore_meat#level=9'
[00:11:47] [Worker-Main-9/WARN]: Exception loading blockstate definition: 'industrialforegoing:blockstates/fermented_ore_meat.json' missing model for variant: 'industrialforegoing:fermented_ore_meat#level=10'
[00:11:47] [Worker-Main-9/WARN]: Exception loading blockstate definition: 'industrialforegoing:blockstates/fermented_ore_meat.json' missing model for variant: 'industrialforegoing:fermented_ore_meat#level=11'
[00:11:47] [Worker-Main-9/WARN]: Exception loading blockstate definition: 'industrialforegoing:blockstates/fermented_ore_meat.json' missing model for variant: 'industrialforegoing:fermented_ore_meat#level=7'
[00:11:47] [Worker-Main-9/WARN]: Exception loading blockstate definition: 'industrialforegoing:blockstates/fermented_ore_meat.json' missing model for variant: 'industrialforegoing:fermented_ore_meat#level=8'
[00:11:48] [Render thread/INFO]: Initialized color sets in 32ms
[00:11:48] [Render thread/ERROR]: Fabric API detected! This is not a Fabric mod, so please dont report related issues to MoonlightLib or its dependant. This can usually happen with connector or when having a mod that does NOT have a proper Forge native implementation. This can easily lead to poor compatibility and issues. Proceed ar your own risk. 
 Mods that bundled Fabric API: [net.minecraftforge.fml.loading.moddiscovery.ModInfo@4277127c]
[00:11:48] [Render thread/INFO]: Loading FD animations...
[00:11:48] [Render thread/INFO]: Loading animation: fdbosses:chesed_idle
[00:11:48] [Render thread/INFO]: Loading animation: fdbosses:chesed_boom_attack
[00:11:48] [Render thread/INFO]: Loading animation: fdbosses:chesed_attack
[00:11:48] [Render thread/INFO]: Loading animation: fdbosses:chesed_roll_up
[00:11:48] [Render thread/INFO]: Loading animation: fdbosses:chesed_roll_up_end
[00:11:48] [Render thread/INFO]: Loading animation: fdbosses:chesed_second_phase_prepare
[00:11:48] [Render thread/INFO]: Loading animation: fdbosses:chesed_second_phase_strike_walls
[00:11:48] [Render thread/INFO]: Loading animation: fdbosses:chesed_roll_up_just_end
[00:11:48] [Render thread/INFO]: Loading animation: fdbosses:chesed_roll
[00:11:48] [Render thread/INFO]: Loading animation: fdbosses:chesed_roll_roll
[00:11:48] [Render thread/INFO]: Loading animation: fdbosses:chesed_cast
[00:11:48] [Render thread/INFO]: Loading animation: fdbosses:chesed_earthquake_cast
[00:11:48] [Render thread/INFO]: Loading animation: fdbosses:chesed_rockfall_cast
[00:11:48] [Render thread/INFO]: Loading animation: fdbosses:electric_orb_idle
[00:11:48] [Render thread/INFO]: Loading animation: fdbosses:chesed_crystal_spawn
[00:11:48] [Render thread/INFO]: Loading animation: fdbosses:chesed_monolith_idle
[00:11:48] [Render thread/INFO]: Loading animation: fdbosses:chesed_monolith_turn_off
[00:11:48] [Render thread/INFO]: Loading animation: fdbosses:kinetic_field_spawn
[00:11:48] [Render thread/INFO]: Loading animation: fdbosses:chesed_appear
[00:11:48] [Render thread/INFO]: Loading animation: fdbosses:chesed_screen_appear
[00:11:48] [Render thread/INFO]: Loading animation: fdbosses:chesed_death
[00:11:48] [Render thread/INFO]: Loading animation: fdbosses:ray_reflector_activate
[00:11:48] [Render thread/INFO]: Loading animation: fdbosses:test_malkuth
[00:11:48] [Render thread/INFO]: Loading animation: fdbosses:malkuth_idle
[00:11:48] [Render thread/INFO]: Loading animation: fdbosses:malkuth_slash_fire
[00:11:48] [Render thread/INFO]: Loading animation: fdbosses:malkuth_slash_ice
[00:11:48] [Render thread/INFO]: Loading animation: fdbosses:malkuth_jump_forward_prepare
[00:11:48] [Render thread/INFO]: Loading animation: fdbosses:malkuth_jump_crush_attack_start
[00:11:48] [Render thread/INFO]: Loading animation: fdbosses:malkuth_jump_crush_attack_midair
[00:11:48] [Render thread/INFO]: Loading animation: fdbosses:malkuth_jump_crush_attack_end
[00:11:48] [Render thread/INFO]: Loading animation: fdbosses:malkuth_pull_and_punch
[00:11:48] [Render thread/INFO]: Loading animation: fdbosses:malkuth_screen_appear
[00:11:48] [Render thread/INFO]: Loading animation: fdbosses:malkuth_screen_idle
[00:11:48] [Render thread/INFO]: Loading animation: fdbosses:malkuth_crush_attack_attack
[00:11:48] [Render thread/INFO]: Loading animation: fdbosses:malkuth_cannon_shoot
[00:11:48] [Render thread/INFO]: Loading animation: fdbosses:malkuth_cannon_break
[00:11:48] [Render thread/INFO]: Loading animation: fdbosses:malkuth_cannon_repair
[00:11:48] [Render thread/INFO]: Loading animation: fdbosses:malkuth_cannon_summon
[00:11:48] [Render thread/INFO]: Loading animation: fdbosses:malkuth_jump_and_land
[00:11:48] [Render thread/INFO]: Loading animation: fdbosses:malkuth_jump_with_crush
[00:11:48] [Render thread/INFO]: Loading animation: fdbosses:malkuth_jump_crush_attack_full
[00:11:48] [Render thread/INFO]: Loading animation: fdbosses:malkuth_sword_forward
[00:11:48] [Render thread/INFO]: Loading animation: fdbosses:malkuth_carousel_slash_1
[00:11:48] [Render thread/INFO]: Loading animation: fdbosses:malkuth_giant_sword_attack
[00:11:48] [Render thread/INFO]: Loading animation: fdbosses:malkuth_single_earthquake_fire
[00:11:48] [Render thread/INFO]: Loading animation: fdbosses:malkuth_single_earthquake_ice
[00:11:48] [Render thread/INFO]: Loading animation: fdbosses:malkuth_summon_throw_side_stones
[00:11:48] [Render thread/INFO]: Loading animation: fdbosses:malkuth_jump_to_float
[00:11:48] [Render thread/INFO]: Loading animation: fdbosses:malkuth_float
[00:11:48] [Render thread/INFO]: Loading animation: fdbosses:malkuth_summon_fireballs
[00:11:48] [Render thread/INFO]: Loading animation: fdbosses:malkuth_crystal_summon
[00:11:48] [Render thread/INFO]: Loading animation: fdbosses:malkuth_summon_anim
[00:11:48] [Render thread/INFO]: Loading animation: fdbosses:malkuth_warrior_idle
[00:11:48] [Render thread/INFO]: Loading animation: fdbosses:malkuth_warrior_attack
[00:11:48] [Render thread/INFO]: Loading animation: fdbosses:malkuth_warrior_walk
[00:11:48] [Render thread/INFO]: Loading animation: fdbosses:malkuth_warrior_slam_earth
[00:11:48] [Render thread/INFO]: Loading animation: fdbosses:malkuth_warrior_die
[00:11:48] [Render thread/INFO]: Loading animation: fdbosses:malkuth_death
[00:11:48] [Render thread/INFO]: Loading animation: fdbosses:geburah_stomp
[00:11:48] [Render thread/INFO]: Loading animation: fdbosses:geburah_fire_all_cannons
[00:11:48] [Render thread/INFO]: Loading animation: fdbosses:justice_hammer_smack
[00:11:48] [Render thread/INFO]: Loading animation: fdbosses:geburah_tilt_left
[00:11:48] [Render thread/INFO]: Loading animation: fdbosses:geburah_tilt_right
[00:11:48] [Render thread/INFO]: Loading animation: fdbosses:judgement_bird_fly
[00:11:48] [Render thread/INFO]: Loading animation: fdbosses:judgement_bird_cast
[00:11:48] [Render thread/INFO]: Loading animation: fdbosses:geburah_bell_ring
[00:11:48] [Render thread/INFO]: Loading animation: fdbosses:geburah_appear
[00:11:48] [Render thread/INFO]: Loading animation: fdbosses:chesed_item_idle
[00:11:48] [Render thread/INFO]: Loading animation: fdbosses:chesed_item_use
[00:11:48] [Render thread/INFO]: Loading animation: fdbosses:malkuth_fist_flying
[00:11:48] [Render thread/INFO]: Loading animation: fdbosses:malkuth_fist_grab
[00:11:48] [Render thread/INFO]: Loading animation: fdbosses:divine_gear_idle
[00:11:48] [Render thread/INFO]: Loading animation: fdbosses:divine_gear_summon
[00:11:48] [Render thread/INFO]: Loading animation: fdbosses:divine_gear_death
[00:11:48] [Render thread/INFO]: Loading animation: fdbosses:divine_gear_item_idle
[00:11:48] [Render thread/INFO]: Loading animation: fdlib:testanim
[00:11:48] [Render thread/INFO]: FD Animations loaded!
[00:11:48] [Render thread/INFO]: Loading FD models...
[00:11:48] [Render thread/INFO]: Loading model: fdbosses:chesed
[00:11:48] [Forge Version Check/INFO]: [controlling] Found status: BETA Current: 12.0.2 Target: 12.0.2
[00:11:48] [Forge Version Check/INFO]: [commoncapabilities] Starting version check at https://raw.githubusercontent.com/CyclopsMC/Versions/master/forge_update/common-capabilities.json
[00:11:48] [Render thread/INFO]: Loading model: fdbosses:chesed
[00:11:48] [Render thread/INFO]: Loading model: fdbosses:chesed
[00:11:48] [Render thread/INFO]: Loading model: fdbosses:electric_orb
[00:11:48] [Render thread/INFO]: Loading model: fdbosses:chesed_crystal
[00:11:48] [Render thread/INFO]: Loading model: fdbosses:chesed_monolith
[00:11:48] [Render thread/INFO]: Loading model: fdbosses:chesed_kinetic_field
[00:11:48] [Render thread/INFO]: Loading model: fdbosses:boss_spawner
[00:11:48] [Render thread/INFO]: Loading model: fdbosses:boss_spawner
[00:11:48] [Render thread/INFO]: Loading model: fdbosses:chesed_ray_reflector
[00:11:48] [Render thread/INFO]: Loading model: fdbosses:wip
[00:11:48] [Render thread/INFO]: Loading model: fdbosses:malkuth
[00:11:48] [Render thread/INFO]: Loading model: fdbosses:malkuth_screen
[00:11:48] [Render thread/INFO]: Loading model: fdbosses:malkuth_sword
[00:11:48] [Render thread/INFO]: Loading model: fdbosses:malkuth_crush_attack
[00:11:48] [Render thread/INFO]: Loading model: fdbosses:malkuth_cannon
[00:11:48] [Render thread/INFO]: Loading model: fdbosses:malkuth_cannon_projectile
[00:11:48] [Render thread/INFO]: Loading model: fdbosses:malkuth_earthquake_part
[00:11:48] [Render thread/INFO]: Loading model: fdbosses:malkuth_boulder_ice
[00:11:48] [Render thread/INFO]: Loading model: fdbosses:malkuth_boulder_fire
[00:11:48] [Render thread/INFO]: Loading model: fdbosses:malkuth_platform
[00:11:48] [Render thread/INFO]: Loading model: fdbosses:malkuth_repair_crystal
[00:11:48] [Render thread/INFO]: Loading model: fdbosses:malkuth_boss_spawner
[00:11:48] [Render thread/INFO]: Loading model: fdbosses:malkuth_warrior
[00:11:48] [Render thread/INFO]: Loading model: fdbosses:geburah
[00:11:48] [Render thread/INFO]: Loading model: fdbosses:geburah_no_core
[00:11:48] [Render thread/INFO]: Loading model: fdbosses:judgement_ball
[00:11:48] [Render thread/INFO]: Loading model: fdbosses:judgement_ball
[00:11:48] [Render thread/INFO]: Loading model: fdbosses:justice_hammer
[00:11:48] [Render thread/INFO]: Loading model: fdbosses:judgement_bird
[00:11:48] [Render thread/INFO]: Loading model: fdbosses:judgement_bird
[00:11:48] [Render thread/INFO]: Loading model: fdbosses:geburah_bell
[00:11:48] [Render thread/INFO]: Loading model: fdbosses:justitia
[00:11:48] [Render thread/INFO]: Loading model: fdbosses:chesed_item
[00:11:48] [Render thread/INFO]: Loading model: fdbosses:malkuth_fist
[00:11:48] [Render thread/INFO]: Loading model: fdbosses:malkuth_fist
[00:11:48] [Render thread/INFO]: Loading model: fdbosses:malkuth_fist_flying
[00:11:48] [Render thread/INFO]: Loading model: fdbosses:divine_gear
[00:11:48] [Render thread/INFO]: Loading model: fdlib:test
[00:11:48] [Render thread/INFO]: Loading model: fdlib:test
[00:11:48] [Render thread/INFO]: FD Models loaded!
[00:11:48] [Render thread/WARN]: Failed to get VarHandle for class class com.github.alexthe666.citadel.server.world.CitadelServerData with field dataMap and type interface java.util.Map
[00:11:48] [Render thread/ERROR]: Failed to instantiate constructor.
java.lang.ExceptionInInitializerError: null
	at java.lang.Class.forName0(Native Method) ~[?:?]
	at java.lang.Class.forName(Class.java:375) ~[?:?]
	at dev.uncandango.alltheleaks.leaks.IssueManager.lambda$initiateIssues$3(IssueManager.java:166) ~[alltheleaks-1.1.1+1.20.1-forge.jar%23253!/:1.1.1+1.20.1-forge]
	at java.util.ArrayList.forEach(ArrayList.java:1511) ~[?:?]
	at dev.uncandango.alltheleaks.leaks.IssueManager.initiateIssues(IssueManager.java:164) ~[alltheleaks-1.1.1+1.20.1-forge.jar%23253!/:1.1.1+1.20.1-forge]
	at java.util.concurrent.CompletableFuture$AsyncRun.run(CompletableFuture.java:1804) ~[?:?]
	at net.minecraftforge.fml.DeferredWorkQueue.lambda$makeRunnable$2(DeferredWorkQueue.java:81) ~[fmlcore-1.20.1-47.4.10.jar%23339!/:?]
	at net.minecraftforge.fml.DeferredWorkQueue.makeRunnable(DeferredWorkQueue.java:76) ~[fmlcore-1.20.1-47.4.10.jar%23339!/:?]
	at net.minecraftforge.fml.DeferredWorkQueue.lambda$runTasks$0(DeferredWorkQueue.java:60) ~[fmlcore-1.20.1-47.4.10.jar%23339!/:?]
	at java.util.concurrent.ConcurrentLinkedDeque.forEach(ConcurrentLinkedDeque.java:1650) ~[?:?]
	at net.minecraftforge.fml.DeferredWorkQueue.runTasks(DeferredWorkQueue.java:60) ~[fmlcore-1.20.1-47.4.10.jar%23339!/:?]
	at net.minecraftforge.fml.core.ParallelTransition.lambda$finalActivityGenerator$2(ParallelTransition.java:35) ~[forge-1.20.1-47.4.10-universal.jar%23343!/:?]
	at java.util.concurrent.CompletableFuture$UniApply.tryFire(CompletableFuture.java:646) ~[?:?]
	at java.util.concurrent.CompletableFuture$Completion.run(CompletableFuture.java:482) ~[?:?]
	at net.minecraft.server.packs.resources.SimpleReloadInstance.m_143940_(SimpleReloadInstance.java:69) ~[client-1.20.1-20230612.114412-srg.jar%23338!/:?]
	at net.minecraft.util.thread.BlockableEventLoop.m_6367_(BlockableEventLoop.java:156) ~[client-1.20.1-20230612.114412-srg.jar%23338!/:?]
	at net.minecraft.util.thread.ReentrantBlockableEventLoop.m_6367_(ReentrantBlockableEventLoop.java:23) ~[client-1.20.1-20230612.114412-srg.jar%23338!/:?]
	at net.minecraft.util.thread.BlockableEventLoop.m_7245_(BlockableEventLoop.java:130) ~[client-1.20.1-20230612.114412-srg.jar%23338!/:?]
	at net.minecraft.util.thread.BlockableEventLoop.m_18699_(BlockableEventLoop.java:115) ~[client-1.20.1-20230612.114412-srg.jar%23338!/:?]
	at net.minecraft.client.Minecraft.m_91383_(Minecraft.java:1106) ~[client-1.20.1-20230612.114412-srg.jar%23338!/:?]
	at net.minecraft.client.Minecraft.m_91374_(Minecraft.java:718) ~[client-1.20.1-20230612.114412-srg.jar%23338!/:?]
	at net.minecraft.client.main.Main.main(Main.java:218) ~[forge-47.4.10.jar:?]
	at jdk.internal.reflect.NativeMethodAccessorImpl.invoke0(Native Method) ~[?:?]
	at jdk.internal.reflect.NativeMethodAccessorImpl.invoke(NativeMethodAccessorImpl.java:77) ~[?:?]
	at jdk.internal.reflect.DelegatingMethodAccessorImpl.invoke(DelegatingMethodAccessorImpl.java:43) ~[?:?]
	at java.lang.reflect.Method.invoke(Method.java:569) ~[?:?]
	at net.minecraftforge.fml.loading.targets.CommonLaunchHandler.runTarget(CommonLaunchHandler.java:111) ~[fmlloader-1.20.1-47.4.10.jar:?]
	at net.minecraftforge.fml.loading.targets.CommonLaunchHandler.clientService(CommonLaunchHandler.java:99) ~[fmlloader-1.20.1-47.4.10.jar:?]
	at net.minecraftforge.fml.loading.targets.CommonClientLaunchHandler.lambda$makeService$0(CommonClientLaunchHandler.java:25) ~[fmlloader-1.20.1-47.4.10.jar:?]
	at cpw.mods.modlauncher.LaunchServiceHandlerDecorator.launch(LaunchServiceHandlerDecorator.java:30) ~[modlauncher-10.0.9.jar:?]
	at cpw.mods.modlauncher.LaunchServiceHandler.launch(LaunchServiceHandler.java:53) ~[modlauncher-10.0.9.jar:?]
	at cpw.mods.modlauncher.LaunchServiceHandler.launch(LaunchServiceHandler.java:71) ~[modlauncher-10.0.9.jar:?]
	at cpw.mods.modlauncher.Launcher.run(Launcher.java:108) ~[modlauncher-10.0.9.jar:?]
	at cpw.mods.modlauncher.Launcher.main(Launcher.java:78) ~[modlauncher-10.0.9.jar:?]
	at cpw.mods.modlauncher.BootstrapLaunchConsumer.accept(BootstrapLaunchConsumer.java:26) ~[modlauncher-10.0.9.jar:?]
	at cpw.mods.modlauncher.BootstrapLaunchConsumer.accept(BootstrapLaunchConsumer.java:23) ~[modlauncher-10.0.9.jar:?]
	at cpw.mods.bootstraplauncher.BootstrapLauncher.main(BootstrapLauncher.java:141) ~[bootstraplauncher-1.1.2.jar:?]
Caused by: java.lang.RuntimeException: VarHandler is null
	at dev.uncandango.alltheleaks.utils.ReflectionHelper.getFieldFromClass(ReflectionHelper.java:132) ~[alltheleaks-1.1.1+1.20.1-forge.jar%23253!/:1.1.1+1.20.1-forge]
	at dev.uncandango.alltheleaks.leaks.common.mods.citadel.UntrackedIssue001.<clinit>(UntrackedIssue001.java:17) ~[alltheleaks-1.1.1+1.20.1-forge.jar%23253!/:1.1.1+1.20.1-forge]
	... 37 more
[00:11:48] [Forge Version Check/INFO]: [commoncapabilities] Found status: UP_TO_DATE Current: 2.9.11 Target: null
[00:11:48] [Forge Version Check/INFO]: [searchables] Starting version check at https://updates.blamejared.com/get?n=searchables&gv=1.20.1
[00:11:48] [Render thread/ERROR]: Failed to instantiate constructor.
java.lang.NoClassDefFoundError: io/redspace/ironsspellbooks/entity/mobs/dead_king_boss/DeadKingMusicManager
	at dev.uncandango.alltheleaks.leaks.client.mods.irons_spellbooks.UntrackedIssue002.<clinit>(UntrackedIssue002.java:20) ~[alltheleaks-1.1.1+1.20.1-forge.jar%23253!/:1.1.1+1.20.1-forge]
	at java.lang.Class.forName0(Native Method) ~[?:?]
	at java.lang.Class.forName(Class.java:375) ~[?:?]
	at dev.uncandango.alltheleaks.leaks.IssueManager.lambda$initiateIssues$3(IssueManager.java:166) ~[alltheleaks-1.1.1+1.20.1-forge.jar%23253!/:1.1.1+1.20.1-forge]
	at java.util.ArrayList.forEach(ArrayList.java:1511) ~[?:?]
	at dev.uncandango.alltheleaks.leaks.IssueManager.initiateIssues(IssueManager.java:164) ~[alltheleaks-1.1.1+1.20.1-forge.jar%23253!/:1.1.1+1.20.1-forge]
	at java.util.concurrent.CompletableFuture$AsyncRun.run(CompletableFuture.java:1804) ~[?:?]
	at net.minecraftforge.fml.DeferredWorkQueue.lambda$makeRunnable$2(DeferredWorkQueue.java:81) ~[fmlcore-1.20.1-47.4.10.jar%23339!/:?]
	at net.minecraftforge.fml.DeferredWorkQueue.makeRunnable(DeferredWorkQueue.java:76) ~[fmlcore-1.20.1-47.4.10.jar%23339!/:?]
	at net.minecraftforge.fml.DeferredWorkQueue.lambda$runTasks$0(DeferredWorkQueue.java:60) ~[fmlcore-1.20.1-47.4.10.jar%23339!/:?]
	at java.util.concurrent.ConcurrentLinkedDeque.forEach(ConcurrentLinkedDeque.java:1650) ~[?:?]
	at net.minecraftforge.fml.DeferredWorkQueue.runTasks(DeferredWorkQueue.java:60) ~[fmlcore-1.20.1-47.4.10.jar%23339!/:?]
	at net.minecraftforge.fml.core.ParallelTransition.lambda$finalActivityGenerator$2(ParallelTransition.java:35) ~[forge-1.20.1-47.4.10-universal.jar%23343!/:?]
	at java.util.concurrent.CompletableFuture$UniApply.tryFire(CompletableFuture.java:646) ~[?:?]
	at java.util.concurrent.CompletableFuture$Completion.run(CompletableFuture.java:482) ~[?:?]
	at net.minecraft.server.packs.resources.SimpleReloadInstance.m_143940_(SimpleReloadInstance.java:69) ~[client-1.20.1-20230612.114412-srg.jar%23338!/:?]
	at net.minecraft.util.thread.BlockableEventLoop.m_6367_(BlockableEventLoop.java:156) ~[client-1.20.1-20230612.114412-srg.jar%23338!/:?]
	at net.minecraft.util.thread.ReentrantBlockableEventLoop.m_6367_(ReentrantBlockableEventLoop.java:23) ~[client-1.20.1-20230612.114412-srg.jar%23338!/:?]
	at net.minecraft.util.thread.BlockableEventLoop.m_7245_(BlockableEventLoop.java:130) ~[client-1.20.1-20230612.114412-srg.jar%23338!/:?]
	at net.minecraft.util.thread.BlockableEventLoop.m_18699_(BlockableEventLoop.java:115) ~[client-1.20.1-20230612.114412-srg.jar%23338!/:?]
	at net.minecraft.client.Minecraft.m_91383_(Minecraft.java:1106) ~[client-1.20.1-20230612.114412-srg.jar%23338!/:?]
	at net.minecraft.client.Minecraft.m_91374_(Minecraft.java:718) ~[client-1.20.1-20230612.114412-srg.jar%23338!/:?]
	at net.minecraft.client.main.Main.main(Main.java:218) ~[forge-47.4.10.jar:?]
	at jdk.internal.reflect.NativeMethodAccessorImpl.invoke0(Native Method) ~[?:?]
	at jdk.internal.reflect.NativeMethodAccessorImpl.invoke(NativeMethodAccessorImpl.java:77) ~[?:?]
	at jdk.internal.reflect.DelegatingMethodAccessorImpl.invoke(DelegatingMethodAccessorImpl.java:43) ~[?:?]
	at java.lang.reflect.Method.invoke(Method.java:569) ~[?:?]
	at net.minecraftforge.fml.loading.targets.CommonLaunchHandler.runTarget(CommonLaunchHandler.java:111) ~[fmlloader-1.20.1-47.4.10.jar:?]
	at net.minecraftforge.fml.loading.targets.CommonLaunchHandler.clientService(CommonLaunchHandler.java:99) ~[fmlloader-1.20.1-47.4.10.jar:?]
	at net.minecraftforge.fml.loading.targets.CommonClientLaunchHandler.lambda$makeService$0(CommonClientLaunchHandler.java:25) ~[fmlloader-1.20.1-47.4.10.jar:?]
	at cpw.mods.modlauncher.LaunchServiceHandlerDecorator.launch(LaunchServiceHandlerDecorator.java:30) ~[modlauncher-10.0.9.jar:?]
	at cpw.mods.modlauncher.LaunchServiceHandler.launch(LaunchServiceHandler.java:53) ~[modlauncher-10.0.9.jar:?]
	at cpw.mods.modlauncher.LaunchServiceHandler.launch(LaunchServiceHandler.java:71) ~[modlauncher-10.0.9.jar:?]
	at cpw.mods.modlauncher.Launcher.run(Launcher.java:108) ~[modlauncher-10.0.9.jar:?]
	at cpw.mods.modlauncher.Launcher.main(Launcher.java:78) ~[modlauncher-10.0.9.jar:?]
	at cpw.mods.modlauncher.BootstrapLaunchConsumer.accept(BootstrapLaunchConsumer.java:26) ~[modlauncher-10.0.9.jar:?]
	at cpw.mods.modlauncher.BootstrapLaunchConsumer.accept(BootstrapLaunchConsumer.java:23) ~[modlauncher-10.0.9.jar:?]
	at cpw.mods.bootstraplauncher.BootstrapLauncher.main(BootstrapLauncher.java:141) ~[bootstraplauncher-1.1.2.jar:?]
Caused by: java.lang.ClassNotFoundException: io.redspace.ironsspellbooks.entity.mobs.dead_king_boss.DeadKingMusicManager
	at cpw.mods.cl.ModuleClassLoader.loadClass(ModuleClassLoader.java:141) ~[securejarhandler-2.1.10.jar:?]
	at java.lang.ClassLoader.loadClass(ClassLoader.java:525) ~[?:?]
	... 38 more
[00:11:48] [Render thread/WARN]: Failed to get VarHandle for class class io.redspace.ironsspellbooks.gui.overlays.SpellBarOverlay with field lastSelection and type class io.redspace.ironsspellbooks.api.magic.SpellSelectionManager
[00:11:48] [Render thread/ERROR]: Failed to instantiate constructor.
java.lang.ExceptionInInitializerError: null
	at java.lang.Class.forName0(Native Method) ~[?:?]
	at java.lang.Class.forName(Class.java:375) ~[?:?]
	at dev.uncandango.alltheleaks.leaks.IssueManager.lambda$initiateIssues$3(IssueManager.java:166) ~[alltheleaks-1.1.1+1.20.1-forge.jar%23253!/:1.1.1+1.20.1-forge]
	at java.util.ArrayList.forEach(ArrayList.java:1511) ~[?:?]
	at dev.uncandango.alltheleaks.leaks.IssueManager.initiateIssues(IssueManager.java:164) ~[alltheleaks-1.1.1+1.20.1-forge.jar%23253!/:1.1.1+1.20.1-forge]
	at java.util.concurrent.CompletableFuture$AsyncRun.run(CompletableFuture.java:1804) ~[?:?]
	at net.minecraftforge.fml.DeferredWorkQueue.lambda$makeRunnable$2(DeferredWorkQueue.java:81) ~[fmlcore-1.20.1-47.4.10.jar%23339!/:?]
	at net.minecraftforge.fml.DeferredWorkQueue.makeRunnable(DeferredWorkQueue.java:76) ~[fmlcore-1.20.1-47.4.10.jar%23339!/:?]
	at net.minecraftforge.fml.DeferredWorkQueue.lambda$runTasks$0(DeferredWorkQueue.java:60) ~[fmlcore-1.20.1-47.4.10.jar%23339!/:?]
	at java.util.concurrent.ConcurrentLinkedDeque.forEach(ConcurrentLinkedDeque.java:1650) ~[?:?]
	at net.minecraftforge.fml.DeferredWorkQueue.runTasks(DeferredWorkQueue.java:60) ~[fmlcore-1.20.1-47.4.10.jar%23339!/:?]
	at net.minecraftforge.fml.core.ParallelTransition.lambda$finalActivityGenerator$2(ParallelTransition.java:35) ~[forge-1.20.1-47.4.10-universal.jar%23343!/:?]
	at java.util.concurrent.CompletableFuture$UniApply.tryFire(CompletableFuture.java:646) ~[?:?]
	at java.util.concurrent.CompletableFuture$Completion.run(CompletableFuture.java:482) ~[?:?]
	at net.minecraft.server.packs.resources.SimpleReloadInstance.m_143940_(SimpleReloadInstance.java:69) ~[client-1.20.1-20230612.114412-srg.jar%23338!/:?]
	at net.minecraft.util.thread.BlockableEventLoop.m_6367_(BlockableEventLoop.java:156) ~[client-1.20.1-20230612.114412-srg.jar%23338!/:?]
	at net.minecraft.util.thread.ReentrantBlockableEventLoop.m_6367_(ReentrantBlockableEventLoop.java:23) ~[client-1.20.1-20230612.114412-srg.jar%23338!/:?]
	at net.minecraft.util.thread.BlockableEventLoop.m_7245_(BlockableEventLoop.java:130) ~[client-1.20.1-20230612.114412-srg.jar%23338!/:?]
	at net.minecraft.util.thread.BlockableEventLoop.m_18699_(BlockableEventLoop.java:115) ~[client-1.20.1-20230612.114412-srg.jar%23338!/:?]
	at net.minecraft.client.Minecraft.m_91383_(Minecraft.java:1106) ~[client-1.20.1-20230612.114412-srg.jar%23338!/:?]
	at net.minecraft.client.Minecraft.m_91374_(Minecraft.java:718) ~[client-1.20.1-20230612.114412-srg.jar%23338!/:?]
	at net.minecraft.client.main.Main.main(Main.java:218) ~[forge-47.4.10.jar:?]
	at jdk.internal.reflect.NativeMethodAccessorImpl.invoke0(Native Method) ~[?:?]
	at jdk.internal.reflect.NativeMethodAccessorImpl.invoke(NativeMethodAccessorImpl.java:77) ~[?:?]
	at jdk.internal.reflect.DelegatingMethodAccessorImpl.invoke(DelegatingMethodAccessorImpl.java:43) ~[?:?]
	at java.lang.reflect.Method.invoke(Method.java:569) ~[?:?]
	at net.minecraftforge.fml.loading.targets.CommonLaunchHandler.runTarget(CommonLaunchHandler.java:111) ~[fmlloader-1.20.1-47.4.10.jar:?]
	at net.minecraftforge.fml.loading.targets.CommonLaunchHandler.clientService(CommonLaunchHandler.java:99) ~[fmlloader-1.20.1-47.4.10.jar:?]
	at net.minecraftforge.fml.loading.targets.CommonClientLaunchHandler.lambda$makeService$0(CommonClientLaunchHandler.java:25) ~[fmlloader-1.20.1-47.4.10.jar:?]
	at cpw.mods.modlauncher.LaunchServiceHandlerDecorator.launch(LaunchServiceHandlerDecorator.java:30) ~[modlauncher-10.0.9.jar:?]
	at cpw.mods.modlauncher.LaunchServiceHandler.launch(LaunchServiceHandler.java:53) ~[modlauncher-10.0.9.jar:?]
	at cpw.mods.modlauncher.LaunchServiceHandler.launch(LaunchServiceHandler.java:71) ~[modlauncher-10.0.9.jar:?]
	at cpw.mods.modlauncher.Launcher.run(Launcher.java:108) ~[modlauncher-10.0.9.jar:?]
	at cpw.mods.modlauncher.Launcher.main(Launcher.java:78) ~[modlauncher-10.0.9.jar:?]
	at cpw.mods.modlauncher.BootstrapLaunchConsumer.accept(BootstrapLaunchConsumer.java:26) ~[modlauncher-10.0.9.jar:?]
	at cpw.mods.modlauncher.BootstrapLaunchConsumer.accept(BootstrapLaunchConsumer.java:23) ~[modlauncher-10.0.9.jar:?]
	at cpw.mods.bootstraplauncher.BootstrapLauncher.main(BootstrapLauncher.java:141) ~[bootstraplauncher-1.1.2.jar:?]
Caused by: java.lang.RuntimeException: VarHandler is null
	at dev.uncandango.alltheleaks.utils.ReflectionHelper.getFieldFromClass(ReflectionHelper.java:132) ~[alltheleaks-1.1.1+1.20.1-forge.jar%23253!/:1.1.1+1.20.1-forge]
	at dev.uncandango.alltheleaks.leaks.client.mods.irons_spellbooks.UntrackedIssue001.<clinit>(UntrackedIssue001.java:19) ~[alltheleaks-1.1.1+1.20.1-forge.jar%23253!/:1.1.1+1.20.1-forge]
	... 37 more
[00:11:48] [Forge Version Check/INFO]: [searchables] Found status: BETA Current: 1.0.3 Target: 1.0.3
[00:11:48] [Forge Version Check/INFO]: [mr_limesplatus_ending] Starting version check at https://api.modrinth.com/updates/MCnBYP0b/forge_updates.json
[00:11:48] [Placebo Patreon Trail Loader/INFO]: Loading patreon trails data...
[00:11:48] [Worker-Main-17/ERROR]: ACCESS_TOKEN eyJraWQiOiIwNDkxODEiLCJhbGciOiJSUzI1NiJ9.eyJ4dWlkIjoiMjUzNTQzNjY0NzQ1NDY2NCIsImFnZyI6IkFkdWx0Iiwic3ViIjoiZjM0Yzk3NTAtZDk0Zi00MTJmLTgzYTAtODgzODdiMjE2MjUxIiwiYXV0aCI6IlhCT1giLCJucyI6ImRlZmF1bHQiLCJyb2xlcyI6W10sImlzcyI6ImF1dGhlbnRpY2F0aW9uIiwiZmxhZ3MiOlsibXVsdGlwbGF5ZXIiXSwicHJvZmlsZXMiOnsibWMiOiIxMmVlNjAzOS00NWNjLTQyMzQtYjBjYy1iMDczMjFhN2ExNTEifSwicG1pZCI6IjA0Y2ZmNzE2LWUzMGUtNWUwNy05YWM5LTBkMzFhYTNmMTc4MyIsInBsYXRmb3JtIjoiUENfTEFVTkNIRVIiLCJ0aWQiOiJFOTlCMCIsInBmZCI6W3sidHlwZSI6Im1jIiwiaWQiOiIxMmVlNjAzOS00NWNjLTQyMzQtYjBjYy1iMDczMjFhN2ExNTEiLCJuYW1lIjoiU3Bvcml1bUNvcml1bSJ9XSwieGlkIjoiMjUzNTQzNjY0NzQ1NDY2NCIsIm5iZiI6MTc4Njg2NDIyNSwiZXhwIjoxNzg2OTUwNjI1LCJpYXQiOjE3ODY4NjQyMjUsImFpZCI6IjAwMDAwMDAwLTAwMDAtMDAwMC0wMDAwLTAwMDA0MDJiNTMyOCJ9.iKF6axgvSa_gfW_ubtRh4JsInPxhiyd1glc3_L-AwuC7fr4PhGimdqUJg4V_F2QZSmD9uAeHeVYbHFmeqBVzioTTt6GLpxQ4rf1WUdZNcj5phh3UHlAC5dm5bCPX5RNCXhissGac0GXGduOHWqRTh-ICMT8ylAZ7uRRQewg0YTwUKdeZbpCS4trTlgFUeWYb23pL6QPzUe2AlZBArKR0puVyMjmrBjn1jNwq9D-h4bkp0HrF9zNKjA70Vebi2kjSUhZ_EqQ2BymWllGFL0at87CXGPwgiC0KFRY5Bv1T8F2Zk7LGfZpYwxcz-gj17UelnVdRvMDlv4Q-4U3ztY4a9g
[00:11:48] [Worker-Main-17/ERROR]: UUID 12ee603945cc4234b0ccb07321a7a151
[00:11:48] [Placebo Patreon Wing Loader/INFO]: Loading patreon wing data...
[00:11:48] [Worker-Main-8/INFO]: LOADED CHLORIDE
[00:11:48] [Worker-Main-14/INFO]: Executing phase CLIENT_SETUP for plugin class PatchouliPlugin
[00:11:48] [Worker-Main-14/INFO]: Executing phase CLIENT_SETUP for plugin class CuriosPlugin
[00:11:48] [Placebo Patreon Trail Loader/INFO]: Loaded 51 patreon trails.
[00:11:48] [Placebo Patreon Wing Loader/INFO]: Loaded 44 patreon wings.
[00:11:48] [Worker-Main-11/INFO]: Initialized HolidayManager.
[00:11:48] [Worker-Main-8/INFO]: Registering S2C receiver with id ae2wtlib:update_wut
[00:11:48] [Worker-Main-8/INFO]: Registering S2C receiver with id ae2wtlib:update_restock
[00:11:48] [Worker-Main-8/INFO]: Registering S2C receiver with id ae2wtlib:restock_amounts
[00:11:48] [Forge Version Check/INFO]: [mr_limesplatus_ending] Found status: OUTDATED Current: 1-v1.1.0c Target: 1.1.0c+mod
[00:11:48] [Forge Version Check/INFO]: [biomancy] Starting version check at https://api.modrinth.com/updates/uAAuyU4M/forge_updates.json
[00:11:48] [Forge Version Check/INFO]: [biomancy] Found status: BETA_OUTDATED Current: 2.8.19.0 Target: 2.9.0.1-alpha.0
[00:11:48] [Forge Version Check/INFO]: [fastload] Starting version check at https://github.com/BumbleSoftware/Fastload/raw/Forge-1.20.1/updates.json
[00:11:49] [Forge Version Check/INFO]: [fastload] Found status: UP_TO_DATE Current: 3.4.0 Target: null
[00:11:49] [Forge Version Check/INFO]: [attributefix] Starting version check at https://updates.blamejared.com/get?n=attributefix&gv=1.20.1
[00:11:49] [Forge Version Check/INFO]: [attributefix] Found status: BETA Current: 21.0.5 Target: 21.0.5
[00:11:49] [Forge Version Check/INFO]: [forge] Starting version check at https://files.minecraftforge.net/net/minecraftforge/forge/promotions_slim.json
[00:11:49] [Forge Version Check/INFO]: [forge] Found status: UP_TO_DATE Current: 47.4.10 Target: null
[00:11:49] [Forge Version Check/INFO]: [cofh_core] Starting version check at https://raw.github.com/cofh/version/main/cofh_core/update.json
[00:11:49] [Worker-Main-9/WARN]: Unable to load model: 'advanced_ae:block/crafting/quantum_core_formed' referenced from: advanced_ae:quantum_core#formed=true,light_level=0,multiblocked=true,powered=true: java.io.FileNotFoundException: advanced_ae:models/block/crafting/quantum_core_formed.json
[00:11:49] [Worker-Main-9/WARN]: Exception loading blockstate definition: 'fdlib:blockstates/test.json' missing model for variant: 'fdlib:test#'
[00:11:49] [Worker-Main-9/WARN]: Exception loading blockstate definition: 'embers:blockstates/dwarven_mithril_crystal_seed.json' missing model for variant: 'embers:dwarven_mithril_crystal_seed#waterlogged=true'
[00:11:49] [Worker-Main-9/WARN]: Exception loading blockstate definition: 'embers:blockstates/dwarven_mithril_crystal_seed.json' missing model for variant: 'embers:dwarven_mithril_crystal_seed#waterlogged=false'
[00:11:49] [Worker-Main-9/WARN]: Unable to load model: 'fdbosses:no_entity_spawn_block#inventory' referenced from: fdbosses:no_entity_spawn_block#inventory: java.io.FileNotFoundException: fdbosses:models/item/no_entity_spawn_block.json
[00:11:49] [Worker-Main-9/WARN]: Unable to load model: 'industrialforegoing:transporter#inventory' referenced from: industrialforegoing:transporter#inventory: java.io.FileNotFoundException: industrialforegoing:models/item/transporter.json
[00:11:49] [Worker-Main-9/WARN]: Unable to load model: 'fdlib:test_multiblock#inventory' referenced from: fdlib:test_multiblock#inventory: java.io.FileNotFoundException: fdlib:models/item/test_multiblock.json
[00:11:49] [Worker-Main-9/WARN]: Unable to load model: 'embers:dwarven_mithril_crystal_seed#inventory' referenced from: embers:dwarven_mithril_crystal_seed#inventory: java.io.FileNotFoundException: embers:models/item/dwarven_mithril_crystal_seed.json
[00:11:49] [Worker-Main-9/WARN]: Unable to load model: 'embers:mithril_aspectus#inventory' referenced from: embers:mithril_aspectus#inventory: java.io.FileNotFoundException: embers:models/item/mithril_aspectus.json
[00:11:49] [Worker-Main-9/WARN]: Unable to load model: 'embers:mithril_nugget#inventory' referenced from: embers:mithril_nugget#inventory: java.io.FileNotFoundException: embers:models/item/mithril_nugget.json
[00:11:49] [Worker-Main-9/WARN]: Unable to load model: 'embers:mithril_plate#inventory' referenced from: embers:mithril_plate#inventory: java.io.FileNotFoundException: embers:models/item/mithril_plate.json
[00:11:49] [Worker-Main-9/WARN]: Unable to load model: 'irons_spellbooks:item/template_open_spell_book_model' referenced from: irons_spellbooks:item/template_open_spell_book_model: java.io.FileNotFoundException: irons_spellbooks:models/item/template_open_spell_book_model.json
[00:11:49] [Forge Version Check/INFO]: [cofh_core] Found status: AHEAD Current: 11.0.2 Target: null
[00:11:49] [Forge Version Check/INFO]: [thermal] Starting version check at https://raw.github.com/cofh/version/main/thermal/update.json
[00:11:49] [Forge Version Check/INFO]: [thermal] Found status: AHEAD Current: 11.0.6 Target: null
[00:11:49] [Forge Version Check/INFO]: [thermal_foundation] Starting version check at https://raw.github.com/cofh/version/main/thermal/update_foundation.json
[00:11:50] [Forge Version Check/INFO]: [thermal_foundation] Found status: AHEAD Current: 11.0.6 Target: null
[00:11:50] [Forge Version Check/INFO]: [thermal_expansion] Starting version check at https://raw.github.com/cofh/version/main/thermal/update_expansion.json
[00:11:50] [Forge Version Check/INFO]: [thermal_expansion] Found status: UP_TO_DATE Current: 11.0.1 Target: null
[00:11:50] [Forge Version Check/INFO]: [thermal_dynamics] Starting version check at https://raw.github.com/cofh/version/main/thermal/update_dynamics.json
[00:11:50] [Forge Version Check/INFO]: [thermal_dynamics] Found status: UP_TO_DATE Current: 11.0.1 Target: null
[00:11:50] [Forge Version Check/INFO]: [smoothboot] Starting version check at https://github.com/AbdElAziz333/SmoothBoot-Reloaded/raw/mc1.20.1/dev/updates.json
[00:11:50] [Forge Version Check/WARN]: Failed to process update information
com.google.gson.JsonSyntaxException: java.lang.IllegalStateException: Expected BEGIN_OBJECT but was STRING at line 9 column 1 path $
	at com.google.gson.Gson.fromJson(Gson.java:1226) ~[gson-2.10.jar%23107!/:?]
	at com.google.gson.Gson.fromJson(Gson.java:1124) ~[gson-2.10.jar%23107!/:?]
	at com.google.gson.Gson.fromJson(Gson.java:1034) ~[gson-2.10.jar%23107!/:?]
	at com.google.gson.Gson.fromJson(Gson.java:969) ~[gson-2.10.jar%23107!/:?]
	at net.minecraftforge.fml.VersionChecker$1.process(VersionChecker.java:186) ~[fmlcore-1.20.1-47.4.10.jar%23339!/:?]
	at java.lang.Iterable.forEach(Iterable.java:75) ~[?:?]
	at net.minecraftforge.fml.VersionChecker$1.run(VersionChecker.java:117) ~[fmlcore-1.20.1-47.4.10.jar%23339!/:?]
Caused by: java.lang.IllegalStateException: Expected BEGIN_OBJECT but was STRING at line 9 column 1 path $
	at com.google.gson.stream.JsonReader.beginObject(JsonReader.java:393) ~[gson-2.10.jar%23107!/:?]
	at com.google.gson.internal.bind.MapTypeAdapterFactory$Adapter.read(MapTypeAdapterFactory.java:182) ~[gson-2.10.jar%23107!/:?]
	at com.google.gson.internal.bind.MapTypeAdapterFactory$Adapter.read(MapTypeAdapterFactory.java:144) ~[gson-2.10.jar%23107!/:?]
	at com.google.gson.Gson.fromJson(Gson.java:1214) ~[gson-2.10.jar%23107!/:?]
	... 6 more
[00:11:50] [Forge Version Check/INFO]: [integrateddynamics] Starting version check at https://raw.githubusercontent.com/CyclopsMC/Versions/master/forge_update/integrated-dynamics.json
[00:11:50] [Forge Version Check/INFO]: [integrateddynamics] Found status: UP_TO_DATE Current: 1.30.8 Target: null
[00:11:50] [Forge Version Check/INFO]: [aquamirae] Starting version check at https://raw.githubusercontent.com/ObscuriaLithium/modding/main/versions/aquamirae.json
[00:11:50] [Forge Version Check/INFO]: [aquamirae] Found status: OUTDATED Current: 6.4.0 Target: 7.1.10
[00:11:52] [Worker-Main-9/WARN]: Missing textures in model block_factorys_bosses:crate#inventory:
    minecraft:textures/atlas/blocks.png:block_factorys_bosses:entity/crate
[00:11:52] [Worker-Main-9/WARN]: Missing textures in model block_factorys_bosses:loot_table_stick#inventory:
    minecraft:textures/atlas/blocks.png:minecraft:item/trial_key
[00:11:52] [Worker-Main-9/WARN]: Missing textures in model block_factorys_bosses:tp_stick#inventory:
    minecraft:textures/atlas/blocks.png:minecraft:item/breeze_rod
[00:11:52] [Worker-Main-9/WARN]: Missing textures in model block_factorys_bosses:loot_table_stick_rare#inventory:
    minecraft:textures/atlas/blocks.png:minecraft:item/ominous_trial_key
[00:11:52] [Worker-Main-9/INFO]: Loaded emissive block models in 169 ms
[00:11:53] [Worker-Main-9/INFO]: Got IMC []
[00:11:53] [Worker-Main-5/INFO]: Loaded values for 94 compatible attributes.
[00:11:53] [Worker-Main-5/INFO]: Loaded 94 values from config.
[00:11:53] [Worker-Main-5/INFO]: Saving config file. 94 entries.
[00:11:53] [Worker-Main-5/INFO]: Applying changes for 94 attributes.
[00:11:53] [Worker-Main-15/INFO]: Start loading plugin at mekanism.common.integration.lookingat.jade.MekanismJadePlugin
[00:11:53] [Worker-Main-15/INFO]: Start loading plugin at snownee.jade.addon.vanilla.VanillaPlugin
[00:11:53] [Worker-Main-15/INFO]: Start loading plugin at snownee.jade.addon.universal.UniversalPlugin
[00:11:53] [Worker-Main-15/INFO]: Start loading plugin at snownee.jade.addon.core.CorePlugin
[00:11:53] [Worker-Main-15/INFO]: Start loading plugin at appeng.integration.modules.jade.JadeModule
[00:11:53] [Worker-Main-15/INFO]: Start loading plugin at com.glodblock.github.extendedae.xmod.jade.JadePlugin
[00:11:53] [Worker-Main-15/INFO]: Start loading plugin at net.pedroksl.advanced_ae.xmod.jade.JadePlugin
[00:11:53] [Worker-Main-15/INFO]: Start loading plugin at org.cyclops.integrateddynamicscompat.modcompat.jade.JadeIntegratedDynamicsConfig
[00:11:56] [Render thread/INFO]: Added resource packs: []
[00:11:56] [Render thread/WARN]: Missing sound for event: minecraft:item.goat_horn.play
[00:11:56] [Render thread/WARN]: Missing sound for event: minecraft:entity.goat.screaming.horn_break
[00:11:56] [Render thread/WARN]: Missing sound for event: cataclysm:ignisshieldbreak
[00:11:56] [Render thread/WARN]: Missing sound for event: alexscaves:abyssal_chasm_ambience_mood
[00:11:56] [Render thread/WARN]: Missing sound for event: alexscaves:luxtructosaurus_breath
[00:11:56] [Render thread/WARN]: Missing sound for event: irons_spellbooks:entity.generic.swing_weird
[00:11:56] [Render thread/WARN]: Missing sound for event: irons_spellbooks:entity.dead_king.music.drum_loop
[00:11:56] [Render thread/INFO]: OpenAL initialized on device OpenAL Soft on Speakers (Realtek(R) Audio)
[00:11:56] [Render thread/INFO]: Sound engine started
[00:11:56] [Render thread/INFO]: Created: 4096x2048x4 minecraft:textures/atlas/blocks.png-atlas
[00:11:56] [Render thread/INFO]: Created: 512x256x4 minecraft:textures/atlas/signs.png-atlas
[00:11:56] [Render thread/INFO]: Created: 512x512x4 minecraft:textures/atlas/shield_patterns.png-atlas
[00:11:56] [Render thread/INFO]: Created: 512x512x4 minecraft:textures/atlas/banner_patterns.png-atlas
[00:11:56] [Render thread/INFO]: Created: 2048x2048x4 minecraft:textures/atlas/armor_trims.png-atlas
[00:11:56] [Render thread/INFO]: Created: 128x64x4 minecraft:textures/atlas/decorated_pot.png-atlas
[00:11:56] [Render thread/INFO]: Created: 256x256x4 minecraft:textures/atlas/chest.png-atlas
[00:11:56] [Render thread/INFO]: Created: 512x256x4 minecraft:textures/atlas/shulker_boxes.png-atlas
[00:11:56] [Render thread/INFO]: Created: 512x256x4 minecraft:textures/atlas/beds.png-atlas
[00:11:57] [Render thread/WARN]: Shader rendertype_entity_translucent_emissive could not find sampler named Sampler2 in the specified shader program.
[00:11:57] [Render thread/WARN]: Shader fdbosses:malkuth_boss_bar could not find sampler named Sampler0 in the specified shader program.
[00:11:57] [Render thread/WARN]: Shader fdbosses:malkuth_boss_bar could not find uniform named ColorModulator in the specified shader program.
[00:11:57] [Render thread/WARN]: Shader fdbosses:malkuth_boss_bar could not find uniform named sections in the specified shader program.
[00:11:57] [Render thread/WARN]: Shader fdbosses:malkuth_boss_bar could not find uniform named octaves in the specified shader program.
[00:11:57] [Render thread/WARN]: Shader fdbosses:chesed_item_overlay could not find sampler named Sampler0 in the specified shader program.
[00:11:57] [Render thread/WARN]: Shader fdbosses:chesed_item_overlay could not find uniform named ColorModulator in the specified shader program.
[00:11:57] [Render thread/WARN]: Shader eidolon:glowing_particle could not find sampler named Sampler2 in the specified shader program.
[00:11:57] [Render thread/WARN]: Shader eidolon:sprite_particle could not find sampler named Sampler2 in the specified shader program.
[00:11:57] [Render thread/WARN]: Shader cofh_core:particle_over could not find sampler named Sampler2 in the specified shader program.
[00:11:57] [Render thread/WARN]: Shader cofh_core:particle_add could not find sampler named Sampler2 in the specified shader program.
[00:11:57] [Render thread/WARN]: Shader cofh_core:particle_screen could not find sampler named Sampler2 in the specified shader program.
[00:11:57] [Render thread/WARN]: Shader alexscaves:rendertype_red_ghost could not find sampler named Sampler2 in the specified shader program.
[00:11:57] [Render thread/INFO]: registered internal shaders
[00:11:57] [Render thread/WARN]: Shader fdlib:noise could not find sampler named Sampler0 in the specified shader program.
[00:11:57] [Render thread/WARN]: Shader fdlib:noise could not find uniform named ColorModulator in the specified shader program.
[00:11:57] [Render thread/WARN]: Shader bumpy could not find uniform named OutSize in the specified shader program.
[00:11:57] [Render thread/INFO]: Created: 4096x2048x0 minecraft:textures/atlas/particles.png-atlas
[00:11:57] [Render thread/INFO]: Created: 512x256x0 minecraft:textures/atlas/paintings.png-atlas
[00:11:57] [Render thread/INFO]: Created: 512x256x0 minecraft:textures/atlas/mob_effects.png-atlas
[00:11:57] [Render thread/INFO]: Created: 16x16x0 otherverse:textures/atlas/hallows.png-atlas
[00:11:57] [Render thread/INFO]: BookContentResourceListenerLoader preloaded 1956 jsons
[00:11:57] [Render thread/INFO]: Created: 256x256x0 jei:textures/atlas/gui.png-atlas
[00:11:57] [Render thread/INFO]: Created: 512x256x0 mekanism:textures/atlas/robit.png-atlas
[00:11:57] [Render thread/INFO]: Data driven guides: []
[00:11:57] [Render thread/INFO]: Created: 128x64x0 guideme:textures/atlas/gui.png-atlas
[00:11:57] [Render thread/INFO]: Created: 256x256x0 moonlight:textures/atlas/map_markers.png-atlas
[00:11:57] [Render thread/INFO]: Initializing shaders...
[00:11:57] [Render thread/INFO]: Finished shader initialization.
[00:11:57] [Render thread/INFO]: Initializing shaders...
[00:11:57] [Render thread/WARN]: Shader fdbosses:spherical_distortion_field could not find uniform named ScreenSize in the specified shader program.
[00:11:57] [Render thread/WARN]: Shader fdbosses:spherical_distortion_field could not find uniform named InSize in the specified shader program.
[00:11:57] [Render thread/WARN]: Shader fdlib:impact_frame could not find uniform named InSize in the specified shader program.
[00:11:57] [Render thread/WARN]: Shader fdlib:chromatic_abberation could not find uniform named InSize in the specified shader program.
[00:11:57] [Render thread/WARN]: Shader fdlib:shattered_screen could not find uniform named InSize in the specified shader program.
[00:11:57] [Render thread/INFO]: Finished shader initialization.
[00:11:57] [Render thread/INFO]: Loaded config for: smoothchunk.json
[00:12:10] [Render thread/INFO]: Registering CHLORIDE built-in packs
[00:12:10] [Render thread/INFO]: Injecting existing registry data into this CLIENT instance
[00:12:12] [Render thread/INFO]: example.js#5: Hello, World! (Loaded server scripts)
[00:12:12] [Render thread/INFO]: Loaded script server_scripts:example.js in 0.0 s
[00:12:12] [Render thread/INFO]: Loaded 1/1 KubeJS server scripts in 0.008 s with 0 errors and 0 warnings
[00:12:12] [Render thread/INFO]: Scripts loaded
[00:12:12] [Render thread/INFO]: Starting runtime resource generation for pack type SERVER_DATA with generators from mods [moonlight]: []
[00:12:12] [Render thread/INFO]: Finished runtime resources generation for 1 packs in a total of 0 ms
[00:12:13] [Render thread/INFO]: Scanning class appeng.server.testplots.TestPlots for plots
[00:12:13] [Render thread/INFO]: Scanning class appeng.server.testplots.AutoCraftingTestPlots for plots
[00:12:13] [Render thread/INFO]: Scanning class appeng.server.testplots.InscriberTestPlots for plots
[00:12:13] [Render thread/INFO]: Scanning class appeng.server.testplots.P2PTestPlots for plots
[00:12:13] [Render thread/INFO]: Scanning class appeng.server.testplots.ItemP2PTestPlots for plots
[00:12:13] [Render thread/INFO]: Scanning class appeng.server.testplots.MemoryCardTestPlots for plots
[00:12:13] [Render thread/INFO]: Scanning class appeng.server.testplots.PatternProviderLockModePlots for plots
[00:12:13] [Render thread/INFO]: Scanning class appeng.server.testplots.PatternProviderPlots for plots
[00:12:13] [Render thread/INFO]: Scanning class appeng.server.testplots.SpatialTestPlots for plots
[00:12:13] [Render thread/INFO]: Scanning class appeng.server.testplots.QnbTestPlots for plots
[00:12:13] [Render thread/INFO]: Scanning class appeng.server.testplots.GuidebookPlot for plots
[00:12:13] [Render thread/INFO]: Scanning class appeng.server.testplots.SubnetPlots for plots
[00:12:13] [Render thread/INFO]: Scanning class appeng.server.testplots.ChannelTests for plots
[00:12:13] [Render thread/INFO]: Scanning class appeng.server.testplots.AnnihilationPlaneTests for plots
[00:12:13] [Render thread/INFO]: Scanning class de.mari_023.ae2wtlib.AE2WTLibTestPlots for plots
[00:12:13] [Worker-Main-8/ERROR]: Couldn't load tag justdirethings:paradox_deny as it is missing following references: justdirethings:paradox_machine (from [Forge] justdirethings-1.1.6.jar)
[00:12:13] [Worker-Main-4/ERROR]: Couldn't parse element loot_tables:irons_spellbooks:chests/catacombs/crypt_loot
com.google.gson.JsonSyntaxException: Missing name, expected to find a string
	at net.minecraft.util.GsonHelper.m_13906_(GsonHelper.java:127) ~[client-1.20.1-20230612.114412-srg.jar%23338!/:?]
	at net.minecraft.world.level.storage.loot.entries.LootTableReference$Serializer.m_7267_(LootTableReference.java:67) ~[client-1.20.1-20230612.114412-srg.jar%23338!/:?]
	at net.minecraft.world.level.storage.loot.entries.LootTableReference$Serializer.m_7267_(LootTableReference.java:58) ~[client-1.20.1-20230612.114412-srg.jar%23338!/:?]
	at net.minecraft.world.level.storage.loot.entries.LootPoolSingletonContainer$Serializer.m_5921_(LootPoolSingletonContainer.java:151) ~[client-1.20.1-20230612.114412-srg.jar%23338!/:?]
	at net.minecraft.world.level.storage.loot.entries.LootPoolSingletonContainer$Serializer.m_5921_(LootPoolSingletonContainer.java:129) ~[client-1.20.1-20230612.114412-srg.jar%23338!/:?]
	at net.minecraft.world.level.storage.loot.entries.LootPoolEntryContainer$Serializer.m_7561_(LootPoolEntryContainer.java:86) ~[client-1.20.1-20230612.114412-srg.jar%23338!/:?]
	at net.minecraft.world.level.storage.loot.entries.LootPoolEntryContainer$Serializer.m_7561_(LootPoolEntryContainer.java:74) ~[client-1.20.1-20230612.114412-srg.jar%23338!/:?]
	at net.minecraft.world.level.storage.loot.GsonAdapterFactory$JsonAdapter.deserialize(GsonAdapterFactory.java:102) ~[client-1.20.1-20230612.114412-srg.jar%23338!/:?]
	at com.google.gson.internal.bind.TreeTypeAdapter.read(TreeTypeAdapter.java:76) ~[gson-2.10.jar%23107!/:?]
	at com.google.gson.internal.bind.TypeAdapterRuntimeTypeWrapper.read(TypeAdapterRuntimeTypeWrapper.java:40) ~[gson-2.10.jar%23107!/:?]
	at com.google.gson.internal.bind.ArrayTypeAdapter.read(ArrayTypeAdapter.java:72) ~[gson-2.10.jar%23107!/:?]
	at com.google.gson.Gson.fromJson(Gson.java:1214) ~[gson-2.10.jar%23107!/:?]
	at com.google.gson.Gson.fromJson(Gson.java:1319) ~[gson-2.10.jar%23107!/:?]
	at com.google.gson.Gson.fromJson(Gson.java:1290) ~[gson-2.10.jar%23107!/:?]
	at com.google.gson.internal.bind.TreeTypeAdapter$GsonContextImpl.deserialize(TreeTypeAdapter.java:179) ~[gson-2.10.jar%23107!/:?]
	at net.minecraft.util.GsonHelper.m_13808_(GsonHelper.java:463) ~[client-1.20.1-20230612.114412-srg.jar%23338!/:?]
	at net.minecraft.util.GsonHelper.m_13836_(GsonHelper.java:471) ~[client-1.20.1-20230612.114412-srg.jar%23338!/:?]
	at net.minecraft.world.level.storage.loot.LootPool$Serializer.deserialize(LootPool.java:192) ~[client-1.20.1-20230612.114412-srg.jar%23338!/:?]
	at net.minecraft.world.level.storage.loot.LootPool$Serializer.deserialize(LootPool.java:189) ~[client-1.20.1-20230612.114412-srg.jar%23338!/:?]
	at com.google.gson.internal.bind.TreeTypeAdapter.read(TreeTypeAdapter.java:76) ~[gson-2.10.jar%23107!/:?]
	at com.google.gson.internal.bind.TypeAdapterRuntimeTypeWrapper.read(TypeAdapterRuntimeTypeWrapper.java:40) ~[gson-2.10.jar%23107!/:?]
	at com.google.gson.internal.bind.ArrayTypeAdapter.read(ArrayTypeAdapter.java:72) ~[gson-2.10.jar%23107!/:?]
	at com.google.gson.Gson.fromJson(Gson.java:1214) ~[gson-2.10.jar%23107!/:?]
	at com.google.gson.Gson.fromJson(Gson.java:1319) ~[gson-2.10.jar%23107!/:?]
	at com.google.gson.Gson.fromJson(Gson.java:1290) ~[gson-2.10.jar%23107!/:?]
	at com.google.gson.internal.bind.TreeTypeAdapter$GsonContextImpl.deserialize(TreeTypeAdapter.java:179) ~[gson-2.10.jar%23107!/:?]
	at net.minecraft.util.GsonHelper.m_13808_(GsonHelper.java:463) ~[client-1.20.1-20230612.114412-srg.jar%23338!/:?]
	at net.minecraft.util.GsonHelper.m_13845_(GsonHelper.java:481) ~[client-1.20.1-20230612.114412-srg.jar%23338!/:?]
	at net.minecraft.world.level.storage.loot.LootTable$Serializer.deserialize(LootTable.java:294) ~[client-1.20.1-20230612.114412-srg.jar%23338!/:?]
	at net.minecraft.world.level.storage.loot.LootTable$Serializer.deserialize(LootTable.java:291) ~[client-1.20.1-20230612.114412-srg.jar%23338!/:?]
	at com.google.gson.internal.bind.TreeTypeAdapter.read(TreeTypeAdapter.java:76) ~[gson-2.10.jar%23107!/:?]
	at com.google.gson.Gson.fromJson(Gson.java:1214) ~[gson-2.10.jar%23107!/:?]
	at com.google.gson.Gson.fromJson(Gson.java:1319) ~[gson-2.10.jar%23107!/:?]
	at com.google.gson.Gson.fromJson(Gson.java:1261) ~[gson-2.10.jar%23107!/:?]
	at net.minecraftforge.common.ForgeHooks.loadLootTable(ForgeHooks.java:872) ~[forge-1.20.1-47.4.10-universal.jar%23343!/:?]
	at net.minecraftforge.common.ForgeHooks.lambda$getLootTableDeserializer$3(ForgeHooks.java:849) ~[forge-1.20.1-47.4.10-universal.jar%23343!/:?]
	at net.minecraft.world.level.storage.loot.LootDataType.deserialize(LootDataType.java:45) ~[client-1.20.1-20230612.114412-srg.jar%23338!/:?]
	at net.minecraft.world.level.storage.loot.LootDataManager.lambda$scheduleElementParse$4(LootDataManager.java:56) ~[client-1.20.1-20230612.114412-srg.jar%23338!/:?]
	at java.util.HashMap.forEach(HashMap.java:1421) ~[?:?]
	at net.minecraft.world.level.storage.loot.LootDataManager.m_278660_(LootDataManager.java:55) ~[client-1.20.1-20230612.114412-srg.jar%23338!/:?]
	at java.util.concurrent.CompletableFuture$AsyncRun.run(CompletableFuture.java:1804) ~[?:?]
	at java.util.concurrent.CompletableFuture$AsyncRun.exec(CompletableFuture.java:1796) ~[?:?]
	at java.util.concurrent.ForkJoinTask.doExec(ForkJoinTask.java:373) ~[?:?]
	at java.util.concurrent.ForkJoinPool$WorkQueue.topLevelExec(ForkJoinPool.java:1182) ~[?:?]
	at java.util.concurrent.ForkJoinPool.scan(ForkJoinPool.java:1655) ~[?:?]
	at java.util.concurrent.ForkJoinPool.runWorker(ForkJoinPool.java:1622) ~[?:?]
	at java.util.concurrent.ForkJoinWorkerThread.run(ForkJoinWorkerThread.java:165) ~[?:?]
[00:12:14] [Worker-Main-4/ERROR]: Couldn't parse element loot_tables:expatternprovider:blocks/ex_emc_interface
com.google.gson.JsonSyntaxException: Expected name to be an item, was unknown string 'expatternprovider:ex_emc_interface'
	at net.minecraft.util.GsonHelper.m_13866_(GsonHelper.java:145) ~[client-1.20.1-20230612.114412-srg.jar%23338!/:?]
	at java.util.Optional.orElseThrow(Optional.java:403) ~[?:?]
	at net.minecraft.util.GsonHelper.m_13874_(GsonHelper.java:145) ~[client-1.20.1-20230612.114412-srg.jar%23338!/:?]
	at net.minecraft.util.GsonHelper.m_13909_(GsonHelper.java:153) ~[client-1.20.1-20230612.114412-srg.jar%23338!/:?]
	at net.minecraft.world.level.storage.loot.entries.LootItem$Serializer.m_7267_(LootItem.java:55) ~[client-1.20.1-20230612.114412-srg.jar%23338!/:?]
	at net.minecraft.world.level.storage.loot.entries.LootItem$Serializer.m_7267_(LootItem.java:40) ~[client-1.20.1-20230612.114412-srg.jar%23338!/:?]
	at net.minecraft.world.level.storage.loot.entries.LootPoolSingletonContainer$Serializer.m_5921_(LootPoolSingletonContainer.java:151) ~[client-1.20.1-20230612.114412-srg.jar%23338!/:?]
	at net.minecraft.world.level.storage.loot.entries.LootPoolSingletonContainer$Serializer.m_5921_(LootPoolSingletonContainer.java:129) ~[client-1.20.1-20230612.114412-srg.jar%23338!/:?]
	at net.minecraft.world.level.storage.loot.entries.LootPoolEntryContainer$Serializer.m_7561_(LootPoolEntryContainer.java:86) ~[client-1.20.1-20230612.114412-srg.jar%23338!/:?]
	at net.minecraft.world.level.storage.loot.entries.LootPoolEntryContainer$Serializer.m_7561_(LootPoolEntryContainer.java:74) ~[client-1.20.1-20230612.114412-srg.jar%23338!/:?]
	at net.minecraft.world.level.storage.loot.GsonAdapterFactory$JsonAdapter.deserialize(GsonAdapterFactory.java:102) ~[client-1.20.1-20230612.114412-srg.jar%23338!/:?]
	at com.google.gson.internal.bind.TreeTypeAdapter.read(TreeTypeAdapter.java:76) ~[gson-2.10.jar%23107!/:?]
	at com.google.gson.internal.bind.TypeAdapterRuntimeTypeWrapper.read(TypeAdapterRuntimeTypeWrapper.java:40) ~[gson-2.10.jar%23107!/:?]
	at com.google.gson.internal.bind.ArrayTypeAdapter.read(ArrayTypeAdapter.java:72) ~[gson-2.10.jar%23107!/:?]
	at com.google.gson.Gson.fromJson(Gson.java:1214) ~[gson-2.10.jar%23107!/:?]
	at com.google.gson.Gson.fromJson(Gson.java:1319) ~[gson-2.10.jar%23107!/:?]
	at com.google.gson.Gson.fromJson(Gson.java:1290) ~[gson-2.10.jar%23107!/:?]
	at com.google.gson.internal.bind.TreeTypeAdapter$GsonContextImpl.deserialize(TreeTypeAdapter.java:179) ~[gson-2.10.jar%23107!/:?]
	at net.minecraft.util.GsonHelper.m_13808_(GsonHelper.java:463) ~[client-1.20.1-20230612.114412-srg.jar%23338!/:?]
	at net.minecraft.util.GsonHelper.m_13836_(GsonHelper.java:471) ~[client-1.20.1-20230612.114412-srg.jar%23338!/:?]
	at net.minecraft.world.level.storage.loot.LootPool$Serializer.deserialize(LootPool.java:192) ~[client-1.20.1-20230612.114412-srg.jar%23338!/:?]
	at net.minecraft.world.level.storage.loot.LootPool$Serializer.deserialize(LootPool.java:189) ~[client-1.20.1-20230612.114412-srg.jar%23338!/:?]
	at com.google.gson.internal.bind.TreeTypeAdapter.read(TreeTypeAdapter.java:76) ~[gson-2.10.jar%23107!/:?]
	at com.google.gson.internal.bind.TypeAdapterRuntimeTypeWrapper.read(TypeAdapterRuntimeTypeWrapper.java:40) ~[gson-2.10.jar%23107!/:?]
	at com.google.gson.internal.bind.ArrayTypeAdapter.read(ArrayTypeAdapter.java:72) ~[gson-2.10.jar%23107!/:?]
	at com.google.gson.Gson.fromJson(Gson.java:1214) ~[gson-2.10.jar%23107!/:?]
	at com.google.gson.Gson.fromJson(Gson.java:1319) ~[gson-2.10.jar%23107!/:?]
	at com.google.gson.Gson.fromJson(Gson.java:1290) ~[gson-2.10.jar%23107!/:?]
	at com.google.gson.internal.bind.TreeTypeAdapter$GsonContextImpl.deserialize(TreeTypeAdapter.java:179) ~[gson-2.10.jar%23107!/:?]
	at net.minecraft.util.GsonHelper.m_13808_(GsonHelper.java:463) ~[client-1.20.1-20230612.114412-srg.jar%23338!/:?]
	at net.minecraft.util.GsonHelper.m_13845_(GsonHelper.java:481) ~[client-1.20.1-20230612.114412-srg.jar%23338!/:?]
	at net.minecraft.world.level.storage.loot.LootTable$Serializer.deserialize(LootTable.java:294) ~[client-1.20.1-20230612.114412-srg.jar%23338!/:?]
	at net.minecraft.world.level.storage.loot.LootTable$Serializer.deserialize(LootTable.java:291) ~[client-1.20.1-20230612.114412-srg.jar%23338!/:?]
	at com.google.gson.internal.bind.TreeTypeAdapter.read(TreeTypeAdapter.java:76) ~[gson-2.10.jar%23107!/:?]
	at com.google.gson.Gson.fromJson(Gson.java:1214) ~[gson-2.10.jar%23107!/:?]
	at com.google.gson.Gson.fromJson(Gson.java:1319) ~[gson-2.10.jar%23107!/:?]
	at com.google.gson.Gson.fromJson(Gson.java:1261) ~[gson-2.10.jar%23107!/:?]
	at net.minecraftforge.common.ForgeHooks.loadLootTable(ForgeHooks.java:872) ~[forge-1.20.1-47.4.10-universal.jar%23343!/:?]
	at net.minecraftforge.common.ForgeHooks.lambda$getLootTableDeserializer$3(ForgeHooks.java:849) ~[forge-1.20.1-47.4.10-universal.jar%23343!/:?]
	at net.minecraft.world.level.storage.loot.LootDataType.deserialize(LootDataType.java:45) ~[client-1.20.1-20230612.114412-srg.jar%23338!/:?]
	at net.minecraft.world.level.storage.loot.LootDataManager.lambda$scheduleElementParse$4(LootDataManager.java:56) ~[client-1.20.1-20230612.114412-srg.jar%23338!/:?]
	at java.util.HashMap.forEach(HashMap.java:1421) ~[?:?]
	at net.minecraft.world.level.storage.loot.LootDataManager.m_278660_(LootDataManager.java:55) ~[client-1.20.1-20230612.114412-srg.jar%23338!/:?]
	at java.util.concurrent.CompletableFuture$AsyncRun.run(CompletableFuture.java:1804) ~[?:?]
	at java.util.concurrent.CompletableFuture$AsyncRun.exec(CompletableFuture.java:1796) ~[?:?]
	at java.util.concurrent.ForkJoinTask.doExec(ForkJoinTask.java:373) ~[?:?]
	at java.util.concurrent.ForkJoinPool$WorkQueue.topLevelExec(ForkJoinPool.java:1182) ~[?:?]
	at java.util.concurrent.ForkJoinPool.scan(ForkJoinPool.java:1655) ~[?:?]
	at java.util.concurrent.ForkJoinPool.runWorker(ForkJoinPool.java:1622) ~[?:?]
	at java.util.concurrent.ForkJoinWorkerThread.run(ForkJoinWorkerThread.java:165) ~[?:?]
[00:12:14] [Worker-Main-4/ERROR]: Couldn't parse element loot_tables:irons_spellbooks:chests/citadel/citadel_tomes
com.google.gson.JsonSyntaxException: Unknown type 'minecraft:set_written_book_pages'
	at net.minecraft.world.level.storage.loot.GsonAdapterFactory$JsonAdapter.deserialize(GsonAdapterFactory.java:99) ~[client-1.20.1-20230612.114412-srg.jar%23338!/:?]
	at com.google.gson.internal.bind.TreeTypeAdapter.read(TreeTypeAdapter.java:76) ~[gson-2.10.jar%23107!/:?]
	at com.google.gson.internal.bind.TypeAdapterRuntimeTypeWrapper.read(TypeAdapterRuntimeTypeWrapper.java:40) ~[gson-2.10.jar%23107!/:?]
	at com.google.gson.internal.bind.ArrayTypeAdapter.read(ArrayTypeAdapter.java:72) ~[gson-2.10.jar%23107!/:?]
	at com.google.gson.Gson.fromJson(Gson.java:1214) ~[gson-2.10.jar%23107!/:?]
	at com.google.gson.Gson.fromJson(Gson.java:1319) ~[gson-2.10.jar%23107!/:?]
	at com.google.gson.Gson.fromJson(Gson.java:1290) ~[gson-2.10.jar%23107!/:?]
	at com.google.gson.internal.bind.TreeTypeAdapter$GsonContextImpl.deserialize(TreeTypeAdapter.java:179) ~[gson-2.10.jar%23107!/:?]
	at net.minecraft.util.GsonHelper.m_13808_(GsonHelper.java:463) ~[client-1.20.1-20230612.114412-srg.jar%23338!/:?]
	at net.minecraft.util.GsonHelper.m_13845_(GsonHelper.java:481) ~[client-1.20.1-20230612.114412-srg.jar%23338!/:?]
	at net.minecraft.world.level.storage.loot.entries.LootPoolSingletonContainer$Serializer.m_5921_(LootPoolSingletonContainer.java:149) ~[client-1.20.1-20230612.114412-srg.jar%23338!/:?]
	at net.minecraft.world.level.storage.loot.entries.LootPoolSingletonContainer$Serializer.m_5921_(LootPoolSingletonContainer.java:129) ~[client-1.20.1-20230612.114412-srg.jar%23338!/:?]
	at net.minecraft.world.level.storage.loot.entries.LootPoolEntryContainer$Serializer.m_7561_(LootPoolEntryContainer.java:86) ~[client-1.20.1-20230612.114412-srg.jar%23338!/:?]
	at net.minecraft.world.level.storage.loot.entries.LootPoolEntryContainer$Serializer.m_7561_(LootPoolEntryContainer.java:74) ~[client-1.20.1-20230612.114412-srg.jar%23338!/:?]
	at net.minecraft.world.level.storage.loot.GsonAdapterFactory$JsonAdapter.deserialize(GsonAdapterFactory.java:102) ~[client-1.20.1-20230612.114412-srg.jar%23338!/:?]
	at com.google.gson.internal.bind.TreeTypeAdapter.read(TreeTypeAdapter.java:76) ~[gson-2.10.jar%23107!/:?]
	at com.google.gson.internal.bind.TypeAdapterRuntimeTypeWrapper.read(TypeAdapterRuntimeTypeWrapper.java:40) ~[gson-2.10.jar%23107!/:?]
	at com.google.gson.internal.bind.ArrayTypeAdapter.read(ArrayTypeAdapter.java:72) ~[gson-2.10.jar%23107!/:?]
	at com.google.gson.Gson.fromJson(Gson.java:1214) ~[gson-2.10.jar%23107!/:?]
	at com.google.gson.Gson.fromJson(Gson.java:1319) ~[gson-2.10.jar%23107!/:?]
	at com.google.gson.Gson.fromJson(Gson.java:1290) ~[gson-2.10.jar%23107!/:?]
	at com.google.gson.internal.bind.TreeTypeAdapter$GsonContextImpl.deserialize(TreeTypeAdapter.java:179) ~[gson-2.10.jar%23107!/:?]
	at net.minecraft.util.GsonHelper.m_13808_(GsonHelper.java:463) ~[client-1.20.1-20230612.114412-srg.jar%23338!/:?]
	at net.minecraft.util.GsonHelper.m_13836_(GsonHelper.java:471) ~[client-1.20.1-20230612.114412-srg.jar%23338!/:?]
	at net.minecraft.world.level.storage.loot.LootPool$Serializer.deserialize(LootPool.java:192) ~[client-1.20.1-20230612.114412-srg.jar%23338!/:?]
	at net.minecraft.world.level.storage.loot.LootPool$Serializer.deserialize(LootPool.java:189) ~[client-1.20.1-20230612.114412-srg.jar%23338!/:?]
	at com.google.gson.internal.bind.TreeTypeAdapter.read(TreeTypeAdapter.java:76) ~[gson-2.10.jar%23107!/:?]
	at com.google.gson.internal.bind.TypeAdapterRuntimeTypeWrapper.read(TypeAdapterRuntimeTypeWrapper.java:40) ~[gson-2.10.jar%23107!/:?]
	at com.google.gson.internal.bind.ArrayTypeAdapter.read(ArrayTypeAdapter.java:72) ~[gson-2.10.jar%23107!/:?]
	at com.google.gson.Gson.fromJson(Gson.java:1214) ~[gson-2.10.jar%23107!/:?]
	at com.google.gson.Gson.fromJson(Gson.java:1319) ~[gson-2.10.jar%23107!/:?]
	at com.google.gson.Gson.fromJson(Gson.java:1290) ~[gson-2.10.jar%23107!/:?]
	at com.google.gson.internal.bind.TreeTypeAdapter$GsonContextImpl.deserialize(TreeTypeAdapter.java:179) ~[gson-2.10.jar%23107!/:?]
	at net.minecraft.util.GsonHelper.m_13808_(GsonHelper.java:463) ~[client-1.20.1-20230612.114412-srg.jar%23338!/:?]
	at net.minecraft.util.GsonHelper.m_13845_(GsonHelper.java:481) ~[client-1.20.1-20230612.114412-srg.jar%23338!/:?]
	at net.minecraft.world.level.storage.loot.LootTable$Serializer.deserialize(LootTable.java:294) ~[client-1.20.1-20230612.114412-srg.jar%23338!/:?]
	at net.minecraft.world.level.storage.loot.LootTable$Serializer.deserialize(LootTable.java:291) ~[client-1.20.1-20230612.114412-srg.jar%23338!/:?]
	at com.google.gson.internal.bind.TreeTypeAdapter.read(TreeTypeAdapter.java:76) ~[gson-2.10.jar%23107!/:?]
	at com.google.gson.Gson.fromJson(Gson.java:1214) ~[gson-2.10.jar%23107!/:?]
	at com.google.gson.Gson.fromJson(Gson.java:1319) ~[gson-2.10.jar%23107!/:?]
	at com.google.gson.Gson.fromJson(Gson.java:1261) ~[gson-2.10.jar%23107!/:?]
	at net.minecraftforge.common.ForgeHooks.loadLootTable(ForgeHooks.java:872) ~[forge-1.20.1-47.4.10-universal.jar%23343!/:?]
	at net.minecraftforge.common.ForgeHooks.lambda$getLootTableDeserializer$3(ForgeHooks.java:849) ~[forge-1.20.1-47.4.10-universal.jar%23343!/:?]
	at net.minecraft.world.level.storage.loot.LootDataType.deserialize(LootDataType.java:45) ~[client-1.20.1-20230612.114412-srg.jar%23338!/:?]
	at net.minecraft.world.level.storage.loot.LootDataManager.lambda$scheduleElementParse$4(LootDataManager.java:56) ~[client-1.20.1-20230612.114412-srg.jar%23338!/:?]
	at java.util.HashMap.forEach(HashMap.java:1421) ~[?:?]
	at net.minecraft.world.level.storage.loot.LootDataManager.m_278660_(LootDataManager.java:55) ~[client-1.20.1-20230612.114412-srg.jar%23338!/:?]
	at java.util.concurrent.CompletableFuture$AsyncRun.run(CompletableFuture.java:1804) ~[?:?]
	at java.util.concurrent.CompletableFuture$AsyncRun.exec(CompletableFuture.java:1796) ~[?:?]
	at java.util.concurrent.ForkJoinTask.doExec(ForkJoinTask.java:373) ~[?:?]
	at java.util.concurrent.ForkJoinPool$WorkQueue.topLevelExec(ForkJoinPool.java:1182) ~[?:?]
	at java.util.concurrent.ForkJoinPool.scan(ForkJoinPool.java:1655) ~[?:?]
	at java.util.concurrent.ForkJoinPool.runWorker(ForkJoinPool.java:1622) ~[?:?]
	at java.util.concurrent.ForkJoinWorkerThread.run(ForkJoinWorkerThread.java:165) ~[?:?]
[00:12:14] [Render thread/WARN]: Found loot table element validation problem in {loot_tables:irons_spellbooks:chests/citadel/citadel_bookshelf}.pools[8].entries[0]: Unknown loot table called irons_spellbooks:chests/citadel/citadel_tomes
[00:12:14] [Render thread/INFO]: Skipping loading recipe industrialforegoing:laser_drill_ore/ores/yellorite as it's serializer returned null
[00:12:14] [Render thread/INFO]: Skipping loading recipe expatternprovider:ex_emc_import_bus as it's serializer returned null
[00:12:14] [Render thread/INFO]: Skipping loading recipe advanced_ae:skysteel as it's serializer returned null
[00:12:14] [Render thread/INFO]: Skipping loading recipe industrialforegoing:laser_drill_ore/raw_materials/tetrahedrite as it's serializer returned null
[00:12:14] [Render thread/INFO]: Skipping loading recipe industrialforegoing:laser_drill_ore/raw_materials/aluminum as it's serializer returned null
[00:12:14] [Render thread/INFO]: Skipping loading recipe expatternprovider:ex_emc_interface as it's serializer returned null
[00:12:14] [Render thread/INFO]: Skipping loading recipe industrialforegoing:laser_drill_ore/raw_materials/iridium as it's serializer returned null
[00:12:14] [Render thread/INFO]: Skipping loading recipe expatternprovider:ex_emc_interface_upgrade as it's serializer returned null
[00:12:14] [Render thread/INFO]: Skipping loading recipe industrialforegoing:laser_drill_ore/raw_materials/galena as it's serializer returned null
[00:12:14] [Render thread/INFO]: Skipping loading recipe industrialforegoing:laser_drill_ore/raw_materials/tungsten as it's serializer returned null
[00:12:15] [Render thread/INFO]: Skipping loading recipe industrialforegoing:laser_drill_fluid/oil as it's serializer returned null
[00:12:15] [Render thread/INFO]: Skipping loading recipe industrialforegoing:laser_drill_ore/raw_materials/cinnabar as it's serializer returned null
[00:12:15] [Render thread/INFO]: Skipping loading recipe industrialforegoing:laser_drill_ore/raw_materials/yellorium as it's serializer returned null
[00:12:15] [Render thread/INFO]: Skipping loading recipe industrialforegoing:laser_drill_ore/raw_materials/yellorite as it's serializer returned null
[00:12:15] [Render thread/INFO]: Skipping loading recipe industrialforegoing:laser_drill_ore/raw_materials/platinum as it's serializer returned null
[00:12:15] [Render thread/INFO]: Skipping loading recipe expatternprovider:ex_emc_interface_alt as it's serializer returned null
[00:12:15] [Render thread/INFO]: Skipping loading recipe industrialforegoing:laser_drill_ore/raw_materials/ardite as it's serializer returned null
[00:12:15] [Render thread/INFO]: Skipping loading recipe advanced_ae:chargedredstone as it's serializer returned null
[00:12:15] [Render thread/INFO]: Skipping loading recipe expatternprovider:cutter/accumulation as it's serializer returned null
[00:12:15] [Render thread/INFO]: Skipping loading recipe expatternprovider:ex_emc_import_bus_upgrade as it's serializer returned null
[00:12:15] [Render thread/INFO]: Skipping loading recipe industrialforegoing:laser_drill_ore/ores/peridot as it's serializer returned null
[00:12:15] [Render thread/INFO]: Skipping loading recipe advanced_ae:accumulation_processor_chamber as it's serializer returned null
[00:12:15] [Render thread/INFO]: Skipping loading recipe industrialforegoing:laser_drill_ore/ores/arcane as it's serializer returned null
[00:12:15] [Render thread/INFO]: Skipping loading recipe industrialforegoing:laser_drill_ore/ores/bitumen as it's serializer returned null
[00:12:15] [Render thread/INFO]: Skipping loading recipe industrialforegoing:laser_drill_ore/raw_materials/pyrite as it's serializer returned null
[00:12:15] [Render thread/INFO]: Skipping loading recipe industrialforegoing:laser_drill_ore/ores/draconium as it's serializer returned null
[00:12:15] [Render thread/INFO]: Skipping loading recipe advanced_ae:redstonecrystal as it's serializer returned null
[00:12:15] [Render thread/INFO]: Skipping loading recipe industrialforegoing:laser_drill_ore/raw_materials/bauxite as it's serializer returned null
[00:12:15] [Render thread/INFO]: Skipping loading recipe industrialforegoing:laser_drill_ore/raw_materials/sheldonite as it's serializer returned null
[00:12:15] [Render thread/INFO]: Skipping loading recipe advanced_ae:energy_processor_chamber as it's serializer returned null
[00:12:15] [Render thread/INFO]: Skipping loading recipe expatternprovider:ex_emc_interface_part as it's serializer returned null
[00:12:15] [Render thread/INFO]: Skipping loading recipe industrialforegoing:laser_drill_ore/ores/sodalite as it's serializer returned null
[00:12:15] [Render thread/INFO]: Skipping loading recipe expatternprovider:ex_emc_export_bus as it's serializer returned null
[00:12:15] [Render thread/INFO]: Skipping loading recipe industrialforegoing:laser_drill_ore/raw_materials/cobalt as it's serializer returned null
[00:12:15] [Render thread/INFO]: Loaded 126 recipes
[00:12:15] [Render thread/ERROR]: Parsing error loading custom advancement industrialforegoing:recipes/misc/simulated_hydroponic_bed: Unknown item id 'forge:plastic'
[00:12:15] [Render thread/INFO]: Loaded 4190 advancements
[00:12:15] [Render thread/INFO]: Registered 0 additional recipes.
[00:12:15] [Render thread/INFO]: Reloading attributesetter, found 0 files
[00:12:15] [Render thread/INFO]: Loaded 17 curio slots
[00:12:15] [Render thread/INFO]: Loaded 1 curio entities
[00:12:15] [Render thread/INFO]: Registered 0 gear_sets.
[00:12:15] [Render thread/INFO]: Loaded 30 Loonium configurations
[00:12:16] [Render thread/INFO]: Method invalidateAll at mixin dev.uncandango.alltheleaks.mixin.core.main.FakeLevelManagerMixin cancelled due to not matching hash: Actual -2034214357, Expected: [-1241170928]
[00:12:16] [Render thread/INFO]: Mixin annotation @Lcom/llamalad7/mixinextras/injector/wrapoperation/WrapOperation;(at={@Lorg/spongepowered/asm/mixin/injection/At;(args={}, value="INVOKE", target="Ljava/util/Map;values()Ljava/util/Collection;")}, method={}, slice={}) at mixin dev.uncandango.alltheleaks.mixin.core.main.FakeLevelManagerMixin removed due to no methods available
[00:12:16] [Render thread/WARN]: Modified mixin "dev.uncandango.alltheleaks.mixin.core.main.FakeLevelManagerMixin". Check debug logs for more information.
[00:12:17] [Render thread/INFO]: merged 6 surface rules with vanilla rule SequenceRuleSource
[00:12:17] [Render thread/INFO]: merged 6 surface rules with vanilla rule SequenceRuleSource
[00:12:17] [Render thread/INFO]: merged 6 surface rules with vanilla rule SequenceRuleSource
[00:12:17] [Server thread/INFO]: Starting integrated minecraft server version 1.20.1
[00:12:17] [Server thread/INFO]: Generating keypair
[00:12:17] [Server thread/INFO]: loaded team data: 2 known players, 2 teams total
[00:12:17] [Server thread/WARN]: Not enforcing safe world random access
[00:12:17] [Server thread/WARN]: @Redirect conflict. Skipping smoothchunk.mixins.json:ChunkMapSlowUnload->@Redirect::getSize(Ljava/util/Queue;)I with priority 1000, already redirected by c2me-opts-scheduling.mixins.json:general_overheads.MixinThreadedAnvilChunkStorage->@Redirect::redirectUnloadSize(Ljava/util/Queue;)I with priority 1000
[00:12:17] [Server thread/WARN]: Mixin apply failed smoothchunk.mixins.json:ChunkMapMixin -> net.minecraft.server.level.ChunkMap: org.spongepowered.asm.mixin.injection.throwables.InvalidInjectionException @At("INVOKE") on net/minecraft/server/level/ChunkMap::checkExisting with priority 1000 cannot inject into net/minecraft/server/level/ChunkMap::m_140258_(Lnet/minecraft/world/level/chunk/ChunkAccess;)Z merged by com.ishland.c2me.rewrites.chunk_serializer.mixin.MixinThreadedAnvilChunkStorage with priority 1000 [ -> handler$cpf000$checkExisting(Lnet/minecraft/world/level/chunk/ChunkAccess;Lorg/spongepowered/asm/mixin/injection/callback/CallbackInfoReturnable;)V -> Prepare]
org.spongepowered.asm.mixin.injection.throwables.InvalidInjectionException: @At("INVOKE") on net/minecraft/server/level/ChunkMap::checkExisting with priority 1000 cannot inject into net/minecraft/server/level/ChunkMap::m_140258_(Lnet/minecraft/world/level/chunk/ChunkAccess;)Z merged by com.ishland.c2me.rewrites.chunk_serializer.mixin.MixinThreadedAnvilChunkStorage with priority 1000 [ -> handler$cpf000$checkExisting(Lnet/minecraft/world/level/chunk/ChunkAccess;Lorg/spongepowered/asm/mixin/injection/callback/CallbackInfoReturnable;)V -> Prepare]
	at org.spongepowered.asm.mixin.injection.code.Injector.findTargetNodes(Injector.java:305) ~[mixin-0.8.5.jar:0.8.5+Jenkins-b310.git-155314e6e91465dad727e621a569906a410cd6f4]
	at org.spongepowered.asm.mixin.injection.code.Injector.find(Injector.java:240) ~[mixin-0.8.5.jar:0.8.5+Jenkins-b310.git-155314e6e91465dad727e621a569906a410cd6f4]
	at org.spongepowered.asm.mixin.injection.struct.InjectionInfo.prepare(InjectionInfo.java:421) ~[mixin-0.8.5.jar:0.8.5+Jenkins-b310.git-155314e6e91465dad727e621a569906a410cd6f4]
	at org.spongepowered.asm.mixin.transformer.MixinTargetContext.prepareInjections(MixinTargetContext.java:1319) ~[mixin-0.8.5.jar:0.8.5+Jenkins-b310.git-155314e6e91465dad727e621a569906a410cd6f4]
	at org.spongepowered.asm.mixin.transformer.MixinApplicatorStandard.prepareInjections(MixinApplicatorStandard.java:1042) ~[mixin-0.8.5.jar:0.8.5+Jenkins-b310.git-155314e6e91465dad727e621a569906a410cd6f4]
	at org.spongepowered.asm.mixin.transformer.MixinApplicatorStandard.applyMixin(MixinApplicatorStandard.java:393) ~[mixin-0.8.5.jar:0.8.5+Jenkins-b310.git-155314e6e91465dad727e621a569906a410cd6f4]
	at org.spongepowered.asm.mixin.transformer.MixinApplicatorStandard.apply(MixinApplicatorStandard.java:325) ~[mixin-0.8.5.jar:0.8.5+Jenkins-b310.git-155314e6e91465dad727e621a569906a410cd6f4]
	at org.spongepowered.asm.mixin.transformer.TargetClassContext.apply(TargetClassContext.java:383) ~[mixin-0.8.5.jar:0.8.5+Jenkins-b310.git-155314e6e91465dad727e621a569906a410cd6f4]
	at org.spongepowered.asm.mixin.transformer.TargetClassContext.applyMixins(TargetClassContext.java:365) ~[mixin-0.8.5.jar:0.8.5+Jenkins-b310.git-155314e6e91465dad727e621a569906a410cd6f4]
	at org.spongepowered.asm.mixin.transformer.MixinProcessor.applyMixins(MixinProcessor.java:363) ~[mixin-0.8.5.jar:0.8.5+Jenkins-b310.git-155314e6e91465dad727e621a569906a410cd6f4]
	at org.spongepowered.asm.mixin.transformer.MixinTransformer.transformClass(MixinTransformer.java:250) ~[mixin-0.8.5.jar:0.8.5+Jenkins-b310.git-155314e6e91465dad727e621a569906a410cd6f4]
	at org.spongepowered.asm.service.modlauncher.MixinTransformationHandler.processClass(MixinTransformationHandler.java:131) ~[mixin-0.8.5.jar:0.8.5+Jenkins-b310.git-155314e6e91465dad727e621a569906a410cd6f4]
	at org.spongepowered.asm.launch.MixinLaunchPluginLegacy.processClass(MixinLaunchPluginLegacy.java:131) ~[mixin-0.8.5.jar:0.8.5+Jenkins-b310.git-155314e6e91465dad727e621a569906a410cd6f4]
	at cpw.mods.modlauncher.serviceapi.ILaunchPluginService.processClassWithFlags(ILaunchPluginService.java:156) ~[modlauncher-10.0.9.jar:10.0.9+10.0.9+main.dcd20f30]
	at cpw.mods.modlauncher.LaunchPluginHandler.offerClassNodeToPlugins(LaunchPluginHandler.java:88) ~[modlauncher-10.0.9.jar:?]
	at cpw.mods.modlauncher.ClassTransformer.transform(ClassTransformer.java:120) ~[modlauncher-10.0.9.jar:?]
	at cpw.mods.modlauncher.TransformingClassLoader.maybeTransformClassBytes(TransformingClassLoader.java:50) ~[modlauncher-10.0.9.jar:?]
	at cpw.mods.cl.ModuleClassLoader.readerToClass(ModuleClassLoader.java:113) ~[securejarhandler-2.1.10.jar:?]
	at cpw.mods.cl.ModuleClassLoader.lambda$findClass$15(ModuleClassLoader.java:219) ~[securejarhandler-2.1.10.jar:?]
	at cpw.mods.cl.ModuleClassLoader.loadFromModule(ModuleClassLoader.java:229) ~[securejarhandler-2.1.10.jar:?]
	at cpw.mods.cl.ModuleClassLoader.findClass(ModuleClassLoader.java:219) ~[securejarhandler-2.1.10.jar:?]
	at cpw.mods.cl.ModuleClassLoader.loadClass(ModuleClassLoader.java:135) ~[securejarhandler-2.1.10.jar:?]
	at java.lang.ClassLoader.loadClass(ClassLoader.java:525) ~[?:?]
	at net.minecraft.server.level.ServerChunkCache.<init>(ServerChunkCache.java:77) ~[client-1.20.1-20230612.114412-srg.jar%23338!/:?]
	at net.minecraft.server.level.ServerLevel.mixinextras$bridge$newServerChunkCache$198(ServerLevel.java) ~[client-1.20.1-20230612.114412-srg.jar%23338!/:?]
	at net.minecraft.server.level.ServerLevel.wrapOperation$ddl000$ml$assignFakeChunkCache(ServerLevel.java:9164) ~[client-1.20.1-20230612.114412-srg.jar%23338!/:?]
	at net.minecraft.server.level.ServerLevel.<init>(ServerLevel.java:209) ~[client-1.20.1-20230612.114412-srg.jar%23338!/:?]
	at net.minecraft.server.MinecraftServer.m_129815_(MinecraftServer.java:337) ~[client-1.20.1-20230612.114412-srg.jar%23338!/:?]
	at net.minecraft.server.MinecraftServer.m_130006_(MinecraftServer.java:308) ~[client-1.20.1-20230612.114412-srg.jar%23338!/:?]
	at net.minecraft.client.server.IntegratedServer.m_7038_(IntegratedServer.java:63) ~[client-1.20.1-20230612.114412-srg.jar%23338!/:?]
	at net.minecraft.server.MinecraftServer.m_130011_(MinecraftServer.java:634) ~[client-1.20.1-20230612.114412-srg.jar%23338!/:?]
	at net.minecraft.server.MinecraftServer.m_206580_(MinecraftServer.java:251) ~[client-1.20.1-20230612.114412-srg.jar%23338!/:?]
	at java.lang.Thread.run(Thread.java:840) ~[?:?]
[00:12:19] [Server thread/WARN]: defineId called for: class com.cerbon.bosses_of_mass_destruction.entity.custom.obsidilith.ObsidilithEntity from class com.cerbon.bosses_of_mass_destruction.entity.custom.obsidilith.ObsidilithUtils
[00:12:19] [Server thread/WARN]: defineId called for: class com.cerbon.bosses_of_mass_destruction.entity.util.BaseEntity from class com.cerbon.bosses_of_mass_destruction.entity.custom.void_blossom.hitbox.NetworkedHitboxManager
[00:12:21] [Server thread/INFO]: Preparing start region for dimension minecraft:overworld
[00:12:21] [Server thread/INFO]: Server resource reload complete!
[00:12:21] [Server thread/INFO]: Successfully initialized permission handler forge:default_handler
[00:12:21] [Render thread/INFO]: Time elapsed: 76211 ms
[00:12:21] [Server thread/INFO]: Encoded Weapon Attribute registry size: 119860 bytes (uncompressed), 5828 bytes (compressed), compression ratio: 95.1% (in 1 string chunks with the size of 10000)
[00:12:22] [Server thread/INFO]: Loading FD configs...
[00:12:22] [Server thread/INFO]: Loading config fdbosses:bosses
[00:12:22] [Server thread/INFO]: Loading config fdbosses:bosses_clientside
[00:12:22] [Server thread/INFO]: Loading config fdlib:test
[00:12:22] [Server thread/INFO]: Loading config fdlib:fdlib_client
[00:12:22] [Server thread/INFO]: Loaded FD configs.
[00:12:22] [Server thread/INFO]: Sending reload packet to clients
[00:12:22] [Server thread/INFO]: Loading data for 96 chunks for filePath 'C:\Users\Matthew Acuna\curseforge\minecraft\Instances\Oscillation\saves\i'm oscillating it\chunk_activity_info\overworld.dat' took 43 milliseconds
[00:12:22] [Server thread/INFO]: Saving data for 96 chunks for dimension 'overworld' took 3 milliseconds
[00:12:22] [Server thread/INFO]: Changing view distance to 12, from 10
[00:12:22] [Server thread/INFO]: Changing simulation distance to 12, from 0
[00:12:22] [Render thread/WARN]: Unable to parse the boolean system property 'java.net.preferIPv6Addresses':system - using the default value: false
[00:12:24] [Netty Local Client IO #0/INFO]: Connected to a modded server.
[00:12:24] [Server thread/INFO]: SporiumCorium[local:E:4cbe2c88] logged in with entity id 1142 at (9.710061096833114, 65.0, -145.86328014456817)
[00:12:25] [Server thread/INFO]: SporiumCorium joined the game
[00:12:25] [Netty Local Client IO #0/INFO]: Read 553 bytes, 1 objects
[00:12:25] [Render thread/INFO]: Started 6 worker threads
[00:12:25] [Render thread/ERROR]: Mod mixin into Embeddium internals detected. This instance is now tainted. The Embeddium team does not provide any guarantee of support for issues encountered while such mods are installed.
[00:12:25] [Render thread/WARN]: Mod(s) [betterfpsdist] are modifying Embeddium class me.jellysquid.mods.sodium.client.render.chunk.occlusion.OcclusionCuller, which may cause instability.
[00:12:25] [Server thread/INFO]: Syncing config to SporiumCorium (12ee6039-45cc-4234-b0cc-b07321a7a151)
[00:12:25] [Netty Local Client IO #0/INFO]: Decoded and decompressed Weapon Attribute registry in 1 string chunks
[00:12:27] [Render thread/INFO]: JEI StartEventObserver received class net.minecraftforge.client.event.ClientPlayerNetworkEvent$LoggingIn
[00:12:27] [Render thread/INFO]: JEI StartEventObserver transitioning state from DISABLED to ENABLED
[00:12:27] [Render thread/WARN]: Unknown custom packet identifier: attributesetter:main
[00:12:27] [Render thread/INFO]: Handling spell config sync 0 files
[00:12:27] [Render thread/WARN]: Unknown recipe category: [!!!com.mojang.logging.LogUtils$1ToString@195b2bb5=>java.lang.NullPointerException:Cannot invoke "Object.toString()" because the return value of "java.util.function.Supplier.get()" is null!!!]/the_deep_void:golden_apple_bag_jei
[00:12:27] [Render thread/WARN]: Unknown recipe category: [!!!com.mojang.logging.LogUtils$1ToString@43060ec2=>java.lang.NullPointerException:Cannot invoke "Object.toString()" because the return value of "java.util.function.Supplier.get()" is null!!!]/the_deep_void:glutton_jei_end_stone_bricks
[00:12:27] [Render thread/WARN]: Unknown recipe category: [!!!com.mojang.logging.LogUtils$1ToString@569de09e=>java.lang.NullPointerException:Cannot invoke "Object.toString()" because the return value of "java.util.function.Supplier.get()" is null!!!]/the_deep_void:glutton_jei_iron_nugget
[00:12:27] [Render thread/WARN]: Unknown recipe category: [!!!com.mojang.logging.LogUtils$1ToString@7585065b=>java.lang.NullPointerException:Cannot invoke "Object.toString()" because the return value of "java.util.function.Supplier.get()" is null!!!]/the_deep_void:sacred_cinnabar_apostle_bag_jei
[00:12:27] [Render thread/WARN]: Unknown recipe category: ae2:charger/ae2:charger/charged_certus_quartz_crystal
[00:12:27] [Render thread/WARN]: Unknown recipe category: [!!!com.mojang.logging.LogUtils$1ToString@292b12bf=>java.lang.NullPointerException:Cannot invoke "Object.toString()" because the return value of "java.util.function.Supplier.get()" is null!!!]/the_deep_void:glutton_jei_iron_nugget_desolate
[00:12:27] [Render thread/WARN]: Unknown recipe category: [!!!com.mojang.logging.LogUtils$1ToString@6b8b58d0=>java.lang.NullPointerException:Cannot invoke "Object.toString()" because the return value of "java.util.function.Supplier.get()" is null!!!]/the_deep_void:hard_flesh_template_hivemind_bag_jei
[00:12:27] [Render thread/WARN]: Unknown recipe category: [!!!com.mojang.logging.LogUtils$1ToString@7a547b01=>java.lang.NullPointerException:Cannot invoke "Object.toString()" because the return value of "java.util.function.Supplier.get()" is null!!!]/the_deep_void:glutton_jei_clay
[00:12:27] [Render thread/WARN]: Unknown recipe category: [!!!com.mojang.logging.LogUtils$1ToString@7fee6677=>java.lang.NullPointerException:Cannot invoke "Object.toString()" because the return value of "java.util.function.Supplier.get()" is null!!!]/the_deep_void:glutton_jei_emerald
[00:12:27] [Render thread/WARN]: Unknown recipe category: [!!!com.mojang.logging.LogUtils$1ToString@a1cdf8=>java.lang.NullPointerException:Cannot invoke "Object.toString()" because the return value of "java.util.function.Supplier.get()" is null!!!]/the_deep_void:glutton_jei_ghast_tear
[00:12:27] [Render thread/WARN]: Unknown recipe category: [!!!com.mojang.logging.LogUtils$1ToString@759d89a1=>java.lang.NullPointerException:Cannot invoke "Object.toString()" because the return value of "java.util.function.Supplier.get()" is null!!!]/the_deep_void:molt_piece_crawler_bag_jei
[00:12:27] [Render thread/WARN]: Unknown recipe category: [!!!com.mojang.logging.LogUtils$1ToString@4f990456=>java.lang.NullPointerException:Cannot invoke "Object.toString()" because the return value of "java.util.function.Supplier.get()" is null!!!]/the_deep_void:glutton_jei_string
[00:12:27] [Render thread/WARN]: Unknown recipe category: [!!!com.mojang.logging.LogUtils$1ToString@1bc2fee6=>java.lang.NullPointerException:Cannot invoke "Object.toString()" because the return value of "java.util.function.Supplier.get()" is null!!!]/the_deep_void:glutton_jei_gold_nugget
[00:12:27] [Render thread/WARN]: Unknown recipe category: [!!!com.mojang.logging.LogUtils$1ToString@48b3448c=>java.lang.NullPointerException:Cannot invoke "Object.toString()" because the return value of "java.util.function.Supplier.get()" is null!!!]/the_deep_void:glutton_jei_lavendite
[00:12:27] [Render thread/WARN]: Unknown recipe category: [!!!com.mojang.logging.LogUtils$1ToString@658589ef=>java.lang.NullPointerException:Cannot invoke "Object.toString()" because the return value of "java.util.function.Supplier.get()" is null!!!]/the_deep_void:ichor_bottle_watcher_bag_jei
[00:12:27] [Render thread/WARN]: Unknown recipe category: [!!!com.mojang.logging.LogUtils$1ToString@2f6fea0d=>java.lang.NullPointerException:Cannot invoke "Object.toString()" because the return value of "java.util.function.Supplier.get()" is null!!!]/the_deep_void:xp_bottle_watcher_bag_jei
[00:12:27] [Render thread/WARN]: Unknown recipe category: [!!!com.mojang.logging.LogUtils$1ToString@1148a48d=>java.lang.NullPointerException:Cannot invoke "Object.toString()" because the return value of "java.util.function.Supplier.get()" is null!!!]/the_deep_void:glutton_jei_shulker_shell
[00:12:27] [Render thread/WARN]: Unknown recipe category: cataclysm:weapon_fusion/cataclysm:weapon_infusion/wrath_of_the_desert
[00:12:27] [Render thread/WARN]: Unknown recipe category: [!!!com.mojang.logging.LogUtils$1ToString@4c086f8d=>java.lang.NullPointerException:Cannot invoke "Object.toString()" because the return value of "java.util.function.Supplier.get()" is null!!!]/the_deep_void:glutton_jei_gold_nugget_nether
[00:12:27] [Render thread/WARN]: Unknown recipe category: [!!!com.mojang.logging.LogUtils$1ToString@1449bf75=>java.lang.NullPointerException:Cannot invoke "Object.toString()" because the return value of "java.util.function.Supplier.get()" is null!!!]/the_deep_void:glutton_jei_copper_ingot
[00:12:27] [Render thread/WARN]: Unknown recipe category: cataclysm:weapon_fusion/cataclysm:weapon_infusion/the_immolator
[00:12:27] [Render thread/WARN]: Unknown recipe category: cataclysm:weapon_fusion/cataclysm:weapon_infusion/gauntlet_of_maelstrom
[00:12:27] [Render thread/WARN]: Unknown recipe category: [!!!com.mojang.logging.LogUtils$1ToString@7679305f=>java.lang.NullPointerException:Cannot invoke "Object.toString()" because the return value of "java.util.function.Supplier.get()" is null!!!]/the_deep_void:glutton_jei_nether_wart
[00:12:27] [Render thread/WARN]: Unknown recipe category: [!!!com.mojang.logging.LogUtils$1ToString@1e7a9adc=>java.lang.NullPointerException:Cannot invoke "Object.toString()" because the return value of "java.util.function.Supplier.get()" is null!!!]/the_deep_void:glutton_jei_bottle
[00:12:27] [Render thread/WARN]: Unknown recipe category: [!!!com.mojang.logging.LogUtils$1ToString@eeabf1d=>java.lang.NullPointerException:Cannot invoke "Object.toString()" because the return value of "java.util.function.Supplier.get()" is null!!!]/the_deep_void:rusty_claws_bag_jei
[00:12:27] [Render thread/WARN]: Unknown recipe category: [!!!com.mojang.logging.LogUtils$1ToString@34bd1fec=>java.lang.NullPointerException:Cannot invoke "Object.toString()" because the return value of "java.util.function.Supplier.get()" is null!!!]/the_deep_void:glutton_jei_onyx
[00:12:27] [Render thread/WARN]: Unknown recipe category: [!!!com.mojang.logging.LogUtils$1ToString@9ea174b=>java.lang.NullPointerException:Cannot invoke "Object.toString()" because the return value of "java.util.function.Supplier.get()" is null!!!]/the_deep_void:misted_bone_block_hydra
[00:12:27] [Render thread/WARN]: Unknown recipe category: [!!!com.mojang.logging.LogUtils$1ToString@63479c2b=>java.lang.NullPointerException:Cannot invoke "Object.toString()" because the return value of "java.util.function.Supplier.get()" is null!!!]/the_deep_void:glutton_jei_coal_nether
[00:12:27] [Render thread/WARN]: Unknown recipe category: [!!!com.mojang.logging.LogUtils$1ToString@763eac85=>java.lang.NullPointerException:Cannot invoke "Object.toString()" because the return value of "java.util.function.Supplier.get()" is null!!!]/the_deep_void:glutton_jei_ink_sac
[00:12:27] [Render thread/WARN]: Unknown recipe category: [!!!com.mojang.logging.LogUtils$1ToString@642a26a0=>java.lang.NullPointerException:Cannot invoke "Object.toString()" because the return value of "java.util.function.Supplier.get()" is null!!!]/the_deep_void:glutton_jei_vines
[00:12:27] [Render thread/WARN]: Unknown recipe category: [!!!com.mojang.logging.LogUtils$1ToString@7808b50=>java.lang.NullPointerException:Cannot invoke "Object.toString()" because the return value of "java.util.function.Supplier.get()" is null!!!]/the_deep_void:glutton_jei_bone
[00:12:27] [Render thread/WARN]: Unknown recipe category: [!!!com.mojang.logging.LogUtils$1ToString@2b2dbe21=>java.lang.NullPointerException:Cannot invoke "Object.toString()" because the return value of "java.util.function.Supplier.get()" is null!!!]/the_deep_void:glutton_jei_gunpowder
[00:12:27] [Render thread/WARN]: Unknown recipe category: cataclysm:weapon_fusion/cataclysm:weapon_infusion/gauntlet_of_bulwark
[00:12:27] [Render thread/WARN]: Unknown recipe category: [!!!com.mojang.logging.LogUtils$1ToString@475aef8f=>java.lang.NullPointerException:Cannot invoke "Object.toString()" because the return value of "java.util.function.Supplier.get()" is null!!!]/the_deep_void:glutton_jei_slime_ball
[00:12:27] [Render thread/WARN]: Unknown recipe category: [!!!com.mojang.logging.LogUtils$1ToString@1390e64e=>java.lang.NullPointerException:Cannot invoke "Object.toString()" because the return value of "java.util.function.Supplier.get()" is null!!!]/the_deep_void:glutton_jei_glowstone
[00:12:27] [Render thread/WARN]: Unknown recipe category: [!!!com.mojang.logging.LogUtils$1ToString@1f4f5173=>java.lang.NullPointerException:Cannot invoke "Object.toString()" because the return value of "java.util.function.Supplier.get()" is null!!!]/the_deep_void:soul_template_weaver_bag_jei
[00:12:27] [Render thread/WARN]: Unknown recipe category: [!!!com.mojang.logging.LogUtils$1ToString@76a6b372=>java.lang.NullPointerException:Cannot invoke "Object.toString()" because the return value of "java.util.function.Supplier.get()" is null!!!]/the_deep_void:xp_bottle_weaver_bag_jei
[00:12:27] [Render thread/WARN]: Unknown recipe category: [!!!com.mojang.logging.LogUtils$1ToString@54509e21=>java.lang.NullPointerException:Cannot invoke "Object.toString()" because the return value of "java.util.function.Supplier.get()" is null!!!]/the_deep_void:glutton_jei_quartz_nether
[00:12:27] [Render thread/WARN]: Unknown recipe category: [!!!com.mojang.logging.LogUtils$1ToString@5acfd27=>java.lang.NullPointerException:Cannot invoke "Object.toString()" because the return value of "java.util.function.Supplier.get()" is null!!!]/the_deep_void:glutton_jei_glow_ink
[00:12:27] [Render thread/WARN]: Unknown recipe category: [!!!com.mojang.logging.LogUtils$1ToString@7ed03ede=>java.lang.NullPointerException:Cannot invoke "Object.toString()" because the return value of "java.util.function.Supplier.get()" is null!!!]/the_deep_void:glutton_jei_fermented_spider_eye
[00:12:27] [Render thread/WARN]: Unknown recipe category: [!!!com.mojang.logging.LogUtils$1ToString@4612ffc1=>java.lang.NullPointerException:Cannot invoke "Object.toString()" because the return value of "java.util.function.Supplier.get()" is null!!!]/the_deep_void:glutton_jei_gold_nugget_desolate
[00:12:27] [Render thread/WARN]: Unknown recipe category: [!!!com.mojang.logging.LogUtils$1ToString@6c5e6f13=>java.lang.NullPointerException:Cannot invoke "Object.toString()" because the return value of "java.util.function.Supplier.get()" is null!!!]/the_deep_void:xp_bottle_apostle_bag_jei
[00:12:27] [Render thread/WARN]: Unknown recipe category: [!!!com.mojang.logging.LogUtils$1ToString@3ff206a0=>java.lang.NullPointerException:Cannot invoke "Object.toString()" because the return value of "java.util.function.Supplier.get()" is null!!!]/the_deep_void:glutton_jei_rotten_bone
[00:12:27] [Render thread/WARN]: Unknown recipe category: [!!!com.mojang.logging.LogUtils$1ToString@65383d14=>java.lang.NullPointerException:Cannot invoke "Object.toString()" because the return value of "java.util.function.Supplier.get()" is null!!!]/the_deep_void:glutton_jei_feather
[00:12:27] [Render thread/WARN]: Unknown recipe category: [!!!com.mojang.logging.LogUtils$1ToString@5a8a9254=>java.lang.NullPointerException:Cannot invoke "Object.toString()" because the return value of "java.util.function.Supplier.get()" is null!!!]/the_deep_void:xp_bottle_hivemind_bag_jei
[00:12:27] [Render thread/WARN]: Unknown recipe category: [!!!com.mojang.logging.LogUtils$1ToString@3e4e831d=>java.lang.NullPointerException:Cannot invoke "Object.toString()" because the return value of "java.util.function.Supplier.get()" is null!!!]/the_deep_void:soul_shard_weaver_bag_jei
[00:12:27] [Render thread/WARN]: Unknown recipe category: [!!!com.mojang.logging.LogUtils$1ToString@297761c8=>java.lang.NullPointerException:Cannot invoke "Object.toString()" because the return value of "java.util.function.Supplier.get()" is null!!!]/the_deep_void:knife_glove_apostle_bag_jei
[00:12:27] [Render thread/WARN]: Unknown recipe category: [!!!com.mojang.logging.LogUtils$1ToString@3e623aab=>java.lang.NullPointerException:Cannot invoke "Object.toString()" because the return value of "java.util.function.Supplier.get()" is null!!!]/the_deep_void:glutton_jei_redstone
[00:12:27] [Render thread/WARN]: Unknown recipe category: [!!!com.mojang.logging.LogUtils$1ToString@81eb1d9=>java.lang.NullPointerException:Cannot invoke "Object.toString()" because the return value of "java.util.function.Supplier.get()" is null!!!]/the_deep_void:egg_crawler_bag_jei
[00:12:27] [Render thread/WARN]: Unknown recipe category: [!!!com.mojang.logging.LogUtils$1ToString@1fc9e407=>java.lang.NullPointerException:Cannot invoke "Object.toString()" because the return value of "java.util.function.Supplier.get()" is null!!!]/the_deep_void:xp_bottle_crawler_bag_jei
[00:12:27] [Render thread/WARN]: Unknown recipe category: [!!!com.mojang.logging.LogUtils$1ToString@1e4351f4=>java.lang.NullPointerException:Cannot invoke "Object.toString()" because the return value of "java.util.function.Supplier.get()" is null!!!]/the_deep_void:glutton_jei_sulfur
[00:12:27] [Render thread/WARN]: Unknown recipe category: ae2:charger/ae2:charger/meteorite_compass
[00:12:27] [Render thread/WARN]: Unknown recipe category: [!!!com.mojang.logging.LogUtils$1ToString@3c887825=>java.lang.NullPointerException:Cannot invoke "Object.toString()" because the return value of "java.util.function.Supplier.get()" is null!!!]/the_deep_void:glutton_jei_prismarine_crystals
[00:12:27] [Render thread/WARN]: Unknown recipe category: [!!!com.mojang.logging.LogUtils$1ToString@5f30b286=>java.lang.NullPointerException:Cannot invoke "Object.toString()" because the return value of "java.util.function.Supplier.get()" is null!!!]/the_deep_void:glutton_jei_leather
[00:12:27] [Render thread/WARN]: Unknown recipe category: [!!!com.mojang.logging.LogUtils$1ToString@7e5591f1=>java.lang.NullPointerException:Cannot invoke "Object.toString()" because the return value of "java.util.function.Supplier.get()" is null!!!]/the_deep_void:glutton_jei_stick
[00:12:27] [Render thread/WARN]: Unknown recipe category: [!!!com.mojang.logging.LogUtils$1ToString@7b05e337=>java.lang.NullPointerException:Cannot invoke "Object.toString()" because the return value of "java.util.function.Supplier.get()" is null!!!]/the_deep_void:hard_flesh_template_watcher_bag_jei
[00:12:27] [Render thread/WARN]: Unknown recipe category: [!!!com.mojang.logging.LogUtils$1ToString@37717d80=>java.lang.NullPointerException:Cannot invoke "Object.toString()" because the return value of "java.util.function.Supplier.get()" is null!!!]/the_deep_void:glutton_jei_bone_meal
[00:12:27] [Render thread/WARN]: Unknown recipe category: [!!!com.mojang.logging.LogUtils$1ToString@50a2a7dd=>java.lang.NullPointerException:Cannot invoke "Object.toString()" because the return value of "java.util.function.Supplier.get()" is null!!!]/the_deep_void:glutton_jei_golden_carrot
[00:12:27] [Render thread/WARN]: Unknown recipe category: [!!!com.mojang.logging.LogUtils$1ToString@5287701b=>java.lang.NullPointerException:Cannot invoke "Object.toString()" because the return value of "java.util.function.Supplier.get()" is null!!!]/the_deep_void:glutton_jei_end_rod
[00:12:27] [Render thread/WARN]: Unknown recipe category: cataclysm:weapon_fusion/cataclysm:weapon_infusion/brontes
[00:12:27] [Render thread/WARN]: Unknown recipe category: [!!!com.mojang.logging.LogUtils$1ToString@2a4d8aee=>java.lang.NullPointerException:Cannot invoke "Object.toString()" because the return value of "java.util.function.Supplier.get()" is null!!!]/the_deep_void:soul_forge_jei_soul_ingot
[00:12:27] [Render thread/WARN]: Unknown recipe category: [!!!com.mojang.logging.LogUtils$1ToString@17926b34=>java.lang.NullPointerException:Cannot invoke "Object.toString()" because the return value of "java.util.function.Supplier.get()" is null!!!]/the_deep_void:glutton_jei_cinnabar_desolate
[00:12:27] [Render thread/WARN]: Unknown recipe category: [!!!com.mojang.logging.LogUtils$1ToString@38e5ab13=>java.lang.NullPointerException:Cannot invoke "Object.toString()" because the return value of "java.util.function.Supplier.get()" is null!!!]/the_deep_void:glutton_jei_enderpearl
[00:12:27] [Render thread/WARN]: Unknown recipe category: [!!!com.mojang.logging.LogUtils$1ToString@2bc32e9f=>java.lang.NullPointerException:Cannot invoke "Object.toString()" because the return value of "java.util.function.Supplier.get()" is null!!!]/the_deep_void:glutton_jei_ancient_onyx
[00:12:27] [Render thread/WARN]: Unknown recipe category: [!!!com.mojang.logging.LogUtils$1ToString@53a9f59b=>java.lang.NullPointerException:Cannot invoke "Object.toString()" because the return value of "java.util.function.Supplier.get()" is null!!!]/the_deep_void:glutton_jei_rabbit_hide
[00:12:27] [Render thread/WARN]: Unknown recipe category: [!!!com.mojang.logging.LogUtils$1ToString@7462d57=>java.lang.NullPointerException:Cannot invoke "Object.toString()" because the return value of "java.util.function.Supplier.get()" is null!!!]/the_deep_void:glutton_jei_book
[00:12:27] [Render thread/WARN]: Unknown recipe category: cataclysm:weapon_fusion/cataclysm:weapon_infusion/void_assault_shoulder_weapon
[00:12:27] [Render thread/WARN]: Unknown recipe category: [!!!com.mojang.logging.LogUtils$1ToString@6a27f2a2=>java.lang.NullPointerException:Cannot invoke "Object.toString()" because the return value of "java.util.function.Supplier.get()" is null!!!]/the_deep_void:glutton_jei_pumpkin_pie
[00:12:27] [Render thread/WARN]: Unknown recipe category: [!!!com.mojang.logging.LogUtils$1ToString@239b11a0=>java.lang.NullPointerException:Cannot invoke "Object.toString()" because the return value of "java.util.function.Supplier.get()" is null!!!]/the_deep_void:glutton_jei_grim_shard
[00:12:27] [Render thread/WARN]: Unknown recipe category: [!!!com.mojang.logging.LogUtils$1ToString@2bdb08c7=>java.lang.NullPointerException:Cannot invoke "Object.toString()" because the return value of "java.util.function.Supplier.get()" is null!!!]/the_deep_void:glutton_jei_coal
[00:12:27] [Render thread/WARN]: Unknown recipe category: ae2:charger/ae2:charger/guide
[00:12:27] [Render thread/WARN]: Unknown recipe category: [!!!com.mojang.logging.LogUtils$1ToString@7c081ae6=>java.lang.NullPointerException:Cannot invoke "Object.toString()" because the return value of "java.util.function.Supplier.get()" is null!!!]/the_deep_void:glutton_jei_popped_chorus
[00:12:27] [Render thread/WARN]: Unknown recipe category: [!!!com.mojang.logging.LogUtils$1ToString@f582c3a=>java.lang.NullPointerException:Cannot invoke "Object.toString()" because the return value of "java.util.function.Supplier.get()" is null!!!]/the_deep_void:glutton_jei_prismarine_shard
[00:12:27] [Render thread/WARN]: Unknown recipe category: [!!!com.mojang.logging.LogUtils$1ToString@59901a0a=>java.lang.NullPointerException:Cannot invoke "Object.toString()" because the return value of "java.util.function.Supplier.get()" is null!!!]/the_deep_void:glutton_jei_flint
[00:12:27] [Render thread/WARN]: Unknown recipe category: [!!!com.mojang.logging.LogUtils$1ToString@252a2b49=>java.lang.NullPointerException:Cannot invoke "Object.toString()" because the return value of "java.util.function.Supplier.get()" is null!!!]/the_deep_void:misted_heart_hydra
[00:12:27] [Render thread/WARN]: Unknown recipe category: [!!!com.mojang.logging.LogUtils$1ToString@5c4b6d8b=>java.lang.NullPointerException:Cannot invoke "Object.toString()" because the return value of "java.util.function.Supplier.get()" is null!!!]/the_deep_void:glutton_jei_paper
[00:12:27] [Render thread/WARN]: Unknown recipe category: [!!!com.mojang.logging.LogUtils$1ToString@e9b402b=>java.lang.NullPointerException:Cannot invoke "Object.toString()" because the return value of "java.util.function.Supplier.get()" is null!!!]/the_deep_void:glutton_jei_lilypad
[00:12:27] [Render thread/WARN]: Unknown recipe category: [!!!com.mojang.logging.LogUtils$1ToString@28cd133a=>java.lang.NullPointerException:Cannot invoke "Object.toString()" because the return value of "java.util.function.Supplier.get()" is null!!!]/the_deep_void:glutton_jei_dragon_breath
[00:12:27] [Render thread/WARN]: Unknown recipe category: [!!!com.mojang.logging.LogUtils$1ToString@6d4c138a=>java.lang.NullPointerException:Cannot invoke "Object.toString()" because the return value of "java.util.function.Supplier.get()" is null!!!]/the_deep_void:glutton_jei_lapis_lazuli
[00:12:27] [Render thread/WARN]: Unknown recipe category: [!!!com.mojang.logging.LogUtils$1ToString@61e56019=>java.lang.NullPointerException:Cannot invoke "Object.toString()" because the return value of "java.util.function.Supplier.get()" is null!!!]/the_deep_void:glutton_jei_nether_brick
[00:12:27] [Render thread/WARN]: Unknown recipe category: [!!!com.mojang.logging.LogUtils$1ToString@6ccfbcd2=>java.lang.NullPointerException:Cannot invoke "Object.toString()" because the return value of "java.util.function.Supplier.get()" is null!!!]/the_deep_void:glutton_jei_wheat
[00:12:27] [Render thread/WARN]: Unknown recipe category: [!!!com.mojang.logging.LogUtils$1ToString@7ea83e40=>java.lang.NullPointerException:Cannot invoke "Object.toString()" because the return value of "java.util.function.Supplier.get()" is null!!!]/the_deep_void:glutton_jei_blaze_rod
[00:12:27] [Render thread/WARN]: Unknown recipe category: [!!!com.mojang.logging.LogUtils$1ToString@62d395db=>java.lang.NullPointerException:Cannot invoke "Object.toString()" because the return value of "java.util.function.Supplier.get()" is null!!!]/the_deep_void:glutton_jei_cinnabar
[00:12:27] [Render thread/WARN]: Unknown recipe category: cataclysm:weapon_fusion/cataclysm:weapon_infusion/ignitium_elytra_chestplate
[00:12:27] [Render thread/WARN]: Unknown recipe category: [!!!com.mojang.logging.LogUtils$1ToString@5254b480=>java.lang.NullPointerException:Cannot invoke "Object.toString()" because the return value of "java.util.function.Supplier.get()" is null!!!]/the_deep_void:glutton_jei_amethyst_shard
[00:12:27] [Render thread/WARN]: Unknown recipe category: [!!!com.mojang.logging.LogUtils$1ToString@6eee4266=>java.lang.NullPointerException:Cannot invoke "Object.toString()" because the return value of "java.util.function.Supplier.get()" is null!!!]/the_deep_void:glutton_jei_arrow
[00:12:27] [Render thread/WARN]: Unknown recipe category: [!!!com.mojang.logging.LogUtils$1ToString@2467119b=>java.lang.NullPointerException:Cannot invoke "Object.toString()" because the return value of "java.util.function.Supplier.get()" is null!!!]/the_deep_void:glutton_block_boss_loot
[00:12:27] [Render thread/WARN]: Unknown recipe category: [!!!com.mojang.logging.LogUtils$1ToString@7068fa52=>java.lang.NullPointerException:Cannot invoke "Object.toString()" because the return value of "java.util.function.Supplier.get()" is null!!!]/the_deep_void:xp_bottlehydra
[00:12:27] [Render thread/WARN]: Unknown recipe category: [!!!com.mojang.logging.LogUtils$1ToString@bfae3ef=>java.lang.NullPointerException:Cannot invoke "Object.toString()" because the return value of "java.util.function.Supplier.get()" is null!!!]/the_deep_void:glutton_jei_quartz
[00:12:27] [Render thread/WARN]: Unknown recipe category: [!!!com.mojang.logging.LogUtils$1ToString@7448e7cb=>java.lang.NullPointerException:Cannot invoke "Object.toString()" because the return value of "java.util.function.Supplier.get()" is null!!!]/the_deep_void:ambrosial_flesh_chunk_watcher_bag_jei
[00:12:27] [Render thread/WARN]: Unknown recipe category: [!!!com.mojang.logging.LogUtils$1ToString@405a7e88=>java.lang.NullPointerException:Cannot invoke "Object.toString()" because the return value of "java.util.function.Supplier.get()" is null!!!]/the_deep_void:ancient_gun_part_apostle_bag_jei
[00:12:27] [Render thread/WARN]: Unknown recipe category: [!!!com.mojang.logging.LogUtils$1ToString@361c82d3=>java.lang.NullPointerException:Cannot invoke "Object.toString()" because the return value of "java.util.function.Supplier.get()" is null!!!]/the_deep_void:glutton_jei_black_moss
[00:12:27] [Render thread/WARN]: Unknown recipe category: [!!!com.mojang.logging.LogUtils$1ToString@b2d3e4a=>java.lang.NullPointerException:Cannot invoke "Object.toString()" because the return value of "java.util.function.Supplier.get()" is null!!!]/the_deep_void:glutton_jei_purpur_block
[00:12:27] [Render thread/WARN]: Unknown recipe category: [!!!com.mojang.logging.LogUtils$1ToString@6a20e7fc=>java.lang.NullPointerException:Cannot invoke "Object.toString()" because the return value of "java.util.function.Supplier.get()" is null!!!]/the_deep_void:flesh_bone_hivemind_bag_jei
[00:12:27] [Render thread/WARN]: Unknown recipe category: [!!!com.mojang.logging.LogUtils$1ToString@6b3f32a6=>java.lang.NullPointerException:Cannot invoke "Object.toString()" because the return value of "java.util.function.Supplier.get()" is null!!!]/the_deep_void:glutton_jei_coal_desolate
[00:12:27] [Render thread/WARN]: Unknown recipe category: [!!!com.mojang.logging.LogUtils$1ToString@48885c87=>java.lang.NullPointerException:Cannot invoke "Object.toString()" because the return value of "java.util.function.Supplier.get()" is null!!!]/the_deep_void:knife_bandolier_apostle_bag_jei
[00:12:27] [Render thread/WARN]: Unknown recipe category: [!!!com.mojang.logging.LogUtils$1ToString@2d5a32a7=>java.lang.NullPointerException:Cannot invoke "Object.toString()" because the return value of "java.util.function.Supplier.get()" is null!!!]/the_deep_void:glutton_jei_chorus_fruit
[00:12:27] [Render thread/WARN]: Unknown recipe category: [!!!com.mojang.logging.LogUtils$1ToString@15a7f766=>java.lang.NullPointerException:Cannot invoke "Object.toString()" because the return value of "java.util.function.Supplier.get()" is null!!!]/the_deep_void:glutton_jei_glowstone_nether
[00:12:27] [Render thread/WARN]: Unknown recipe category: [!!!com.mojang.logging.LogUtils$1ToString@7b787b6=>java.lang.NullPointerException:Cannot invoke "Object.toString()" because the return value of "java.util.function.Supplier.get()" is null!!!]/the_deep_void:glutton_jei_bowl
[00:12:27] [Render thread/WARN]: Unknown recipe category: [!!!com.mojang.logging.LogUtils$1ToString@45bbff39=>java.lang.NullPointerException:Cannot invoke "Object.toString()" because the return value of "java.util.function.Supplier.get()" is null!!!]/the_deep_void:glutton_jei_phantom_membrane
[00:12:27] [Render thread/WARN]: Unknown recipe category: [!!!com.mojang.logging.LogUtils$1ToString@47219c06=>java.lang.NullPointerException:Cannot invoke "Object.toString()" because the return value of "java.util.function.Supplier.get()" is null!!!]/the_deep_void:glutton_jei_wheat_seeds
[00:12:27] [Render thread/WARN]: Unknown recipe category: [!!!com.mojang.logging.LogUtils$1ToString@2ef24716=>java.lang.NullPointerException:Cannot invoke "Object.toString()" because the return value of "java.util.function.Supplier.get()" is null!!!]/the_deep_void:glutton_jei_glow_arrow
[00:12:27] [Render thread/WARN]: Unknown recipe category: [!!!com.mojang.logging.LogUtils$1ToString@15d47ada=>java.lang.NullPointerException:Cannot invoke "Object.toString()" because the return value of "java.util.function.Supplier.get()" is null!!!]/the_deep_void:glutton_jei_elytra_piece
[00:12:27] [Render thread/WARN]: Unknown recipe category: [!!!com.mojang.logging.LogUtils$1ToString@b09b8b3=>java.lang.NullPointerException:Cannot invoke "Object.toString()" because the return value of "java.util.function.Supplier.get()" is null!!!]/the_deep_void:glutton_jei_spider_eye
[00:12:27] [Render thread/WARN]: Unknown recipe category: cataclysm:weapon_fusion/cataclysm:weapon_infusion/void_forge
[00:12:28] [Render thread/INFO]: JEI StartEventObserver received class net.minecraftforge.client.event.RecipesUpdatedEvent
[00:12:28] [Render thread/INFO]: Loading infobook /data/cyclopscore/info/test.xml
[00:12:28] [Render thread/INFO]: Loading infobook /data/integrateddynamics/info/on_the_dynamics_of_integration.xml
[00:12:28] [Render thread/INFO]: JEI StartEventObserver received class net.minecraftforge.event.TagsUpdatedEvent
[00:12:28] [Render thread/INFO]: JEI StartEventObserver transitioning state from ENABLED to JEI_STARTED
[00:12:28] [Render thread/INFO]: Starting JEI...
[00:12:28] [Render thread/INFO]: Registering item subtypes...
[00:12:28] [Render thread/INFO]: Registering item subtypes took 8.508 ms
[00:12:28] [Render thread/INFO]: Registering fluid subtypes...
[00:12:28] [Render thread/INFO]: Registering fluid subtypes took 1.565 ms
[00:12:28] [Render thread/INFO]: Registering ingredients...
[00:12:28] [Render thread/WARN]: Item Group has no display items and no search tab display items. Items from this group will be missing from the JEI ingredient list. Operator Utilities
[00:12:29] [Render thread/WARN]: Item Group has no display items and no search tab display items. Items from this group will be missing from the JEI ingredient list. KubeJS
[00:12:29] [Render thread/INFO]: Registering ingredients: jei:minecraft took 367.3 milliseconds
[00:12:29] [Render thread/INFO]: Registering ingredients took 370.1 ms
[00:12:29] [Render thread/INFO]: Registering extra ingredients...
[00:12:29] [Render thread/INFO]: Registering extra ingredients took 428.2 ?s
[00:12:29] [Render thread/INFO]: Registering search ingredient aliases...
[00:12:29] [Render thread/INFO]: Registering search ingredient aliases took 562.0 ?s
[00:12:29] [Render thread/INFO]: Registering categories...
[00:12:29] [Render thread/WARN]: Modified mixin "dev.uncandango.alltheleaks.mixin.core.main.NormalizedTypedItemStackMixin". Check debug logs for more information.
[00:12:29] [Render thread/INFO]: Registering categories: jei:minecraft took 16.01 milliseconds
[00:12:29] [Render thread/INFO]: Registering categories: mekanism:jei_plugin took 31.51 milliseconds
[00:12:29] [Render thread/INFO]: Registering categories: thermal:expansion took 14.74 milliseconds
[00:12:29] [Render thread/INFO]: Registering categories took 121.5 ms
[00:12:29] [Render thread/INFO]: Registering vanilla category extensions...
[00:12:29] [Render thread/WARN]: Modified mixin "dev.uncandango.alltheleaks.mixin.core.main.SmithingCategoryExtensionMixin". Check debug logs for more information.
[00:12:29] [Render thread/INFO]: Registering vanilla category extensions took 6.823 ms
[00:12:29] [Render thread/INFO]: Registering recipe catalysts...
[00:12:29] [Render thread/INFO]: Registering recipe catalysts took 7.352 ms
[00:12:29] [Render thread/INFO]: Building recipe registry...
[00:12:29] [Render thread/INFO]: Building recipe registry took 23.82 ms
[00:12:29] [Render thread/INFO]: Registering advanced plugins...
[00:12:29] [Render thread/INFO]: Added recipe manager plugin: class cofh.thermal.expansion.compat.jei.plugins.PotionFluidRecipeManagerPlugin
[00:12:29] [Render thread/INFO]: Added recipe manager plugin: class appeng.integration.modules.jei.FacadeRegistryPlugin
[00:12:29] [Render thread/INFO]: Added recipe manager plugin: class io.redspace.ironsspellbooks.jei.AlchemistCauldronAdvancedHandler
[00:12:29] [Render thread/INFO]: Registering advanced plugins took 5.571 ms
[00:12:29] [Render thread/INFO]: Registering recipes...
[00:12:30] [Render thread/INFO]: Registering recipes: jei:minecraft took 614.9 milliseconds
[00:12:30] [Render thread/INFO]: Registering recipes: industrialforegoing:default took 243.1 milliseconds
[00:12:30] [Render thread/ERROR]: Caught an error from mod plugin: class com.shermansplanet.otherverse.integrations.jei.OtherverseJeiPlugin otherverse:jei_plugin
net.minecraft.ResourceLocationException: Non [a-z0-9/._-] character in path of location: otherverse:PartItem[active_formation_plane]
	at net.minecraft.resources.ResourceLocation.m_245185_(ResourceLocation.java:242) ~[client-1.20.1-20230612.114412-srg.jar%23338!/:?]
	at net.minecraft.resources.ResourceLocation.<init>(ResourceLocation.java:40) ~[client-1.20.1-20230612.114412-srg.jar%23338!/:?]
	at net.minecraft.resources.ResourceLocation.fromNamespaceAndPath(ResourceLocation.java:263) ~[client-1.20.1-20230612.114412-srg.jar%23338!/:?]
	at com.shermansplanet.otherverse.spirits.SpiritLabeler.GenerateRecipes(SpiritLabeler.java:119) ~[otherverse-1.20.1-1.2.13.jar%23319!/:1.20.1-1.2.13]
	at com.shermansplanet.otherverse.integrations.jei.OtherverseJeiPlugin.lambda$addPracticeRecipes$0(OtherverseJeiPlugin.java:108) ~[otherverse-1.20.1-1.2.13.jar%23319!/:1.20.1-1.2.13]
	at com.shermansplanet.otherverse.OtherverseClientPacketHandler.ensureRunOnClient(OtherverseClientPacketHandler.java:103) ~[otherverse-1.20.1-1.2.13.jar%23319!/:1.20.1-1.2.13]
	at com.shermansplanet.otherverse.integrations.jei.OtherverseJeiPlugin.lambda$addPracticeRecipes$1(OtherverseJeiPlugin.java:104) ~[otherverse-1.20.1-1.2.13.jar%23319!/:1.20.1-1.2.13]
	at net.minecraftforge.fml.DistExecutor.unsafeRunWhenOn(DistExecutor.java:111) ~[fmlcore-1.20.1-47.4.10.jar%23339!/:?]
	at com.shermansplanet.otherverse.integrations.jei.OtherverseJeiPlugin.addPracticeRecipes(OtherverseJeiPlugin.java:102) ~[otherverse-1.20.1-1.2.13.jar%23319!/:1.20.1-1.2.13]
	at com.shermansplanet.otherverse.integrations.jei.OtherverseJeiPlugin.registerRecipes(OtherverseJeiPlugin.java:98) ~[otherverse-1.20.1-1.2.13.jar%23319!/:1.20.1-1.2.13]
	at mezz.jei.library.load.PluginLoader.lambda$createRecipeManager$13(PluginLoader.java:182) ~[jei-1.20.1-forge-15.20.0.112.jar%23308!/:15.20.0.112]
	at mezz.jei.library.load.PluginCaller.callOnPlugins(PluginCaller.java:25) ~[jei-1.20.1-forge-15.20.0.112.jar%23308!/:15.20.0.112]
	at mezz.jei.library.load.PluginLoader.createRecipeManager(PluginLoader.java:182) ~[jei-1.20.1-forge-15.20.0.112.jar%23308!/:15.20.0.112]
	at mezz.jei.library.startup.JeiStarter.start(JeiStarter.java:115) ~[jei-1.20.1-forge-15.20.0.112.jar%23308!/:15.20.0.112]
	at mezz.jei.forge.startup.StartEventObserver.transitionState(StartEventObserver.java:130) ~[jei-1.20.1-forge-15.20.0.112.jar%23308!/:15.20.0.112]
	at mezz.jei.forge.startup.StartEventObserver.onEvent(StartEventObserver.java:98) ~[jei-1.20.1-forge-15.20.0.112.jar%23308!/:15.20.0.112]
	at net.minecraftforge.eventbus.EventBus.doCastFilter(EventBus.java:260) ~[eventbus-6.0.5.jar%2387!/:?]
	at net.minecraftforge.eventbus.EventBus.lambda$addListener$11(EventBus.java:252) ~[eventbus-6.0.5.jar%2387!/:?]
	at net.minecraftforge.eventbus.EventBus.post(EventBus.java:315) ~[eventbus-6.0.5.jar%2387!/:?]
	at net.minecraftforge.eventbus.EventBus.post(EventBus.java:296) ~[eventbus-6.0.5.jar%2387!/:?]
	at net.minecraft.client.multiplayer.ClientPacketListener.m_5859_(ClientPacketListener.java:1451) ~[client-1.20.1-20230612.114412-srg.jar%23338!/:?]
	at net.minecraft.network.protocol.game.ClientboundUpdateTagsPacket.m_5797_(ClientboundUpdateTagsPacket.java:35) ~[client-1.20.1-20230612.114412-srg.jar%23338!/:?]
	at net.minecraft.network.protocol.game.ClientboundUpdateTagsPacket.m_5797_(ClientboundUpdateTagsPacket.java:11) ~[client-1.20.1-20230612.114412-srg.jar%23338!/:?]
	at net.minecraft.network.protocol.PacketUtils.m_263899_(PacketUtils.java:22) ~[client-1.20.1-20230612.114412-srg.jar%23338!/:?]
	at net.minecraft.util.thread.BlockableEventLoop.m_6367_(BlockableEventLoop.java:156) ~[client-1.20.1-20230612.114412-srg.jar%23338!/:?]
	at net.minecraft.util.thread.ReentrantBlockableEventLoop.m_6367_(ReentrantBlockableEventLoop.java:23) ~[client-1.20.1-20230612.114412-srg.jar%23338!/:?]
	at net.minecraft.util.thread.BlockableEventLoop.m_7245_(BlockableEventLoop.java:130) ~[client-1.20.1-20230612.114412-srg.jar%23338!/:?]
	at net.minecraft.util.thread.BlockableEventLoop.m_18699_(BlockableEventLoop.java:115) ~[client-1.20.1-20230612.114412-srg.jar%23338!/:?]
	at net.minecraft.client.Minecraft.m_91383_(Minecraft.java:1106) ~[client-1.20.1-20230612.114412-srg.jar%23338!/:?]
	at net.minecraft.client.Minecraft.m_91374_(Minecraft.java:718) ~[client-1.20.1-20230612.114412-srg.jar%23338!/:?]
	at net.minecraft.client.main.Main.main(Main.java:218) ~[forge-47.4.10.jar:?]
	at jdk.internal.reflect.NativeMethodAccessorImpl.invoke0(Native Method) ~[?:?]
	at jdk.internal.reflect.NativeMethodAccessorImpl.invoke(NativeMethodAccessorImpl.java:77) ~[?:?]
	at jdk.internal.reflect.DelegatingMethodAccessorImpl.invoke(DelegatingMethodAccessorImpl.java:43) ~[?:?]
	at java.lang.reflect.Method.invoke(Method.java:569) ~[?:?]
	at net.minecraftforge.fml.loading.targets.CommonLaunchHandler.runTarget(CommonLaunchHandler.java:111) ~[fmlloader-1.20.1-47.4.10.jar:?]
	at net.minecraftforge.fml.loading.targets.CommonLaunchHandler.clientService(CommonLaunchHandler.java:99) ~[fmlloader-1.20.1-47.4.10.jar:?]
	at net.minecraftforge.fml.loading.targets.CommonClientLaunchHandler.lambda$makeService$0(CommonClientLaunchHandler.java:25) ~[fmlloader-1.20.1-47.4.10.jar:?]
	at cpw.mods.modlauncher.LaunchServiceHandlerDecorator.launch(LaunchServiceHandlerDecorator.java:30) ~[modlauncher-10.0.9.jar:?]
	at cpw.mods.modlauncher.LaunchServiceHandler.launch(LaunchServiceHandler.java:53) ~[modlauncher-10.0.9.jar:?]
	at cpw.mods.modlauncher.LaunchServiceHandler.launch(LaunchServiceHandler.java:71) ~[modlauncher-10.0.9.jar:?]
	at cpw.mods.modlauncher.Launcher.run(Launcher.java:108) ~[modlauncher-10.0.9.jar:?]
	at cpw.mods.modlauncher.Launcher.main(Launcher.java:78) ~[modlauncher-10.0.9.jar:?]
	at cpw.mods.modlauncher.BootstrapLaunchConsumer.accept(BootstrapLaunchConsumer.java:26) ~[modlauncher-10.0.9.jar:?]
	at cpw.mods.modlauncher.BootstrapLaunchConsumer.accept(BootstrapLaunchConsumer.java:23) ~[modlauncher-10.0.9.jar:?]
	at cpw.mods.bootstraplauncher.BootstrapLauncher.main(BootstrapLauncher.java:141) ~[bootstraplauncher-1.1.2.jar:?]
[00:12:30] [Render thread/INFO]: Registering recipes: biomancy:plugin took 11.45 milliseconds
[00:12:30] [Render thread/INFO]: Registering recipes: mekanism:jei_plugin took 42.27 milliseconds
[00:12:30] [Render thread/INFO]: Registering recipes: thermal:expansion took 15.93 milliseconds
[00:12:30] [Render thread/INFO]: Registering recipes: ae2:core took 44.75 milliseconds
[00:12:31] [Render thread/INFO]: Registering recipes: irons_spellbooks:jei_plugin took 1.058 seconds
[00:12:31] [Render thread/ERROR]: Item: "mowziesmobs:umvuthana_mask_fury" of material: "umvuthana_mask" has no proper repair ingredient, this is a bug and should be reported to mowziesmobs
[00:12:31] [Render thread/ERROR]: Item: "mowziesmobs:umvuthana_mask_fear" of material: "umvuthana_mask" has no proper repair ingredient, this is a bug and should be reported to mowziesmobs
[00:12:31] [Render thread/ERROR]: Item: "mowziesmobs:umvuthana_mask_rage" of material: "umvuthana_mask" has no proper repair ingredient, this is a bug and should be reported to mowziesmobs
[00:12:31] [Render thread/ERROR]: Item: "mowziesmobs:umvuthana_mask_bliss" of material: "umvuthana_mask" has no proper repair ingredient, this is a bug and should be reported to mowziesmobs
[00:12:31] [Render thread/ERROR]: Item: "mowziesmobs:umvuthana_mask_misery" of material: "umvuthana_mask" has no proper repair ingredient, this is a bug and should be reported to mowziesmobs
[00:12:31] [Render thread/ERROR]: Item: "mowziesmobs:umvuthana_mask_faith" of material: "umvuthana_mask" has no proper repair ingredient, this is a bug and should be reported to mowziesmobs
[00:12:31] [Render thread/ERROR]: Item: "mowziesmobs:umvuthana_mask_fury" of material: "umvuthana_mask" has no proper repair ingredient, this is a bug and should be reported to mowziesmobs
[00:12:31] [Render thread/ERROR]: Item: "mowziesmobs:umvuthana_mask_fear" of material: "umvuthana_mask" has no proper repair ingredient, this is a bug and should be reported to mowziesmobs
[00:12:31] [Render thread/ERROR]: Item: "mowziesmobs:umvuthana_mask_rage" of material: "umvuthana_mask" has no proper repair ingredient, this is a bug and should be reported to mowziesmobs
[00:12:31] [Render thread/ERROR]: Item: "mowziesmobs:umvuthana_mask_bliss" of material: "umvuthana_mask" has no proper repair ingredient, this is a bug and should be reported to mowziesmobs
[00:12:31] [Render thread/ERROR]: Item: "mowziesmobs:umvuthana_mask_misery" of material: "umvuthana_mask" has no proper repair ingredient, this is a bug and should be reported to mowziesmobs
[00:12:31] [Render thread/ERROR]: Item: "mowziesmobs:umvuthana_mask_faith" of material: "umvuthana_mask" has no proper repair ingredient, this is a bug and should be reported to mowziesmobs
[00:12:31] [Render thread/INFO]: Registering recipes: embers:jei_plugin took 74.33 milliseconds
[00:12:31] [Render thread/INFO]: Registering recipes took 2.157 s
[00:12:31] [Render thread/INFO]: Registering recipes transfer handlers...
[00:12:31] [Render thread/INFO]: Registering recipes transfer handlers took 13.07 ms
[00:12:31] [Render thread/INFO]: Building runtime...
[00:12:31] [Render thread/INFO]: Registering gui handlers...
[00:12:31] [Render thread/INFO]: Registering gui handlers took 11.95 ms
[00:12:31] [Render thread/INFO]: Registering Runtime...
[00:12:31] [Render thread/INFO]: Starting JEI GUI
[00:12:31] [Render thread/INFO]: Building ingredient list...
[00:12:31] [Render thread/INFO]: Building ingredient list took 87.29 ms
[00:12:31] [Render thread/INFO]: Building ingredient filter...
[00:12:31] [Render thread/INFO]: Adding 10024 ingredients
[00:12:33] [Render thread/INFO]: Added 10024 ingredients
[00:12:33] [Render thread/INFO]: Building ingredient filter took 2.104 s
[00:12:33] [Render thread/INFO]: Registering Runtime: jei:forge_gui took 2.271 seconds
[00:12:33] [Render thread/INFO]: Registering Runtime took 2.272 s
[00:12:33] [Render thread/INFO]: Building runtime took 2.289 s
[00:12:33] [Render thread/INFO]: Sending Runtime...
[00:12:33] [Render thread/INFO]: Ingredients are being removed at runtime: 9 net.minecraft.world.item.ItemStack
[00:12:33] [Render thread/ERROR]: Could not find a matching ingredient to remove: 1 debug_cube_gen ae2:debug_cube_gen
[00:12:33] [Render thread/ERROR]: Could not find a matching ingredient to remove: 1 debug_chunk_loader ae2:debug_chunk_loader
[00:12:33] [Render thread/ERROR]: Could not find a matching ingredient to remove: 1 debug_energy_gen ae2:debug_energy_gen
[00:12:33] [Render thread/ERROR]: Could not find a matching ingredient to remove: 1 debug_item_gen ae2:debug_item_gen
[00:12:33] [Render thread/ERROR]: Could not find a matching ingredient to remove: 1 debug_phantom_node ae2:debug_phantom_node
[00:12:33] [Render thread/ERROR]: Could not find a matching ingredient to remove: 1 EraserItem[debug_eraser] ae2:debug_eraser
[00:12:33] [Render thread/ERROR]: Could not find a matching ingredient to remove: 1 MeteoritePlacerItem[debug_meteorite_placer] ae2:debug_meteorite_placer
[00:12:33] [Render thread/ERROR]: Could not find a matching ingredient to remove: 1 ReplicatorCardItem[debug_replicator_card] ae2:debug_replicator_card
[00:12:33] [Render thread/INFO]: Sending Runtime took 9.458 ms
[00:12:33] [Render thread/INFO]: Starting JEI took 5.069 s
[00:12:34] [Render thread/INFO]: Received config from the server: 
[00:12:34] [Render thread/INFO]: Loading config fdbosses:bosses_clientside
[00:12:34] [Render thread/INFO]: Loading config fdlib:fdlib_client
[00:12:34] [Render thread/INFO]: Loaded 253 advancements
[00:12:34] [Render thread/INFO]: BookContentResourceListenerLoader: Files found in 96.80 ?s
[00:12:34] [Render thread/INFO]: BookContentResourceListenerLoader: Files found in 50.10 ?s
[00:12:34] [Render thread/INFO]: BookContentResourceListenerLoader: Files found in 37.90 ?s
[00:12:34] [Render thread/INFO]: BookContentResourceListenerLoader: Files found in 445.5 ?s
[00:12:34] [Render thread/INFO]: BookContentResourceListenerLoader: Files found in 279.3 ?s
[00:12:34] [Render thread/INFO]: BookContentResourceListenerLoader: Files found in 369.9 ?s
[00:12:34] [Render thread/INFO]: BookContentResourceListenerLoader: Files found in 136.4 ?s
[00:12:34] [Render thread/INFO]: BookContentResourceListenerLoader: Files found in 116.0 ?s
[00:12:34] [Render thread/INFO]: BookContentResourceListenerLoader: Files found in 86.70 ?s
[00:12:34] [Render thread/INFO]: BookContentResourceListenerLoader: Files found in 20.40 ?s
[00:12:34] [Render thread/INFO]: BookContentResourceListenerLoader: Files found in 18.20 ?s
[00:12:34] [Render thread/INFO]: BookContentResourceListenerLoader: Files found in 12.00 ?s
[00:12:34] [Render thread/INFO]: BookContentResourceListenerLoader: Files found in 119.4 ?s
[00:12:34] [Render thread/INFO]: BookContentResourceListenerLoader: Files found in 135.6 ?s
[00:12:34] [Render thread/INFO]: BookContentResourceListenerLoader: Files found in 74.10 ?s
[00:12:34] [Render thread/INFO]: BookContentResourceListenerLoader: Files found in 49.00 ?s
[00:12:34] [Render thread/INFO]: BookContentResourceListenerLoader: Files found in 41.10 ?s
[00:12:34] [Render thread/INFO]: BookContentResourceListenerLoader: Files found in 31.70 ?s
[00:12:34] [Render thread/INFO]: BookContentResourceListenerLoader: Files found in 1.759 ms
[00:12:34] [Render thread/WARN]: Invalid icon item stack: Unknown item ID: thermal:lumium_rail
[00:12:34] [Render thread/INFO]: BookContentResourceListenerLoader: Files found in 1.069 ms
[00:12:34] [Render thread/WARN]: Invalid icon item stack: Unknown item ID: thermal:prismarine_rail
[00:12:34] [Render thread/WARN]: Invalid icon item stack: Unknown item ID: thermal:lumium_rail
[00:12:34] [Render thread/WARN]: Invalid icon item stack: Unknown item ID: thermal:underwater_minecart
[00:12:34] [Render thread/WARN]: Invalid icon item stack: Unknown item ID: thermal:watering_can
[00:12:34] [Render thread/WARN]: Invalid icon item stack: Unknown item ID: thermal:fluid_minecart
[00:12:34] [Render thread/WARN]: Invalid icon item stack: Unknown item ID: thermal:pbj_sandwich
[00:12:34] [Render thread/WARN]: Invalid icon item stack: Unknown item ID: thermal:flux_drill
[00:12:34] [Render thread/WARN]: Invalid icon item stack: Unknown item ID: thermal:flux_magnet
[00:12:34] [Render thread/WARN]: Invalid icon item stack: Unknown item ID: thermal:barley
[00:12:34] [Render thread/WARN]: Invalid icon item stack: Unknown item ID: thermal:crossover_rail
[00:12:34] [Render thread/WARN]: Invalid icon item stack: Unknown item ID: thermal:potion_quiver
[00:12:34] [Render thread/WARN]: Invalid icon item stack: Unknown item ID: thermal:potion_infuser
[00:12:34] [Render thread/WARN]: Invalid icon item stack: Unknown item ID: thermal:energy_minecart
[00:12:34] [Render thread/WARN]: Invalid icon item stack: Unknown item ID: thermal:flux_capacitor
[00:12:34] [Render thread/WARN]: Invalid icon item stack: Unknown item ID: thermal:flux_saw
[00:12:34] [Render thread/WARN]: Invalid icon item stack: Unknown item ID: thermal:fluid_reservoir
[00:12:34] [Render thread/INFO]: BookContentResourceListenerLoader: Files found in 1.380 ms
[00:12:34] [Render thread/WARN]: Thermalpedia missing the crafting recipe: thermal:phytosoil
[00:12:34] [Render thread/INFO]: BookContentResourceListenerLoader: Files found in 67.20 ?s
[00:12:34] [Render thread/INFO]: BookContentResourceListenerLoader: Files found in 82.10 ?s
[00:12:34] [Render thread/INFO]: BookContentResourceListenerLoader: Files found in 44.20 ?s
[00:12:34] [Render thread/WARN]: Recipe irons_spellbooks:cryomancer_helmet (of type minecraft:crafting) not found
[00:12:34] [Render thread/WARN]: Recipe irons_spellbooks:pyromancer_helmet (of type minecraft:crafting) not found
[00:12:34] [Render thread/INFO]: BookContentResourceListenerLoader: Files found in 551.5 ?s
[00:12:34] [Render thread/INFO]: BookContentResourceListenerLoader: Files found in 569.6 ?s
[00:12:34] [Render thread/INFO]: BookContentResourceListenerLoader: Files found in 520.6 ?s
[00:12:34] [Render thread/INFO]: BookContentResourceListenerLoader: Files found in 40.60 ?s
[00:12:34] [Render thread/INFO]: BookContentResourceListenerLoader: Files found in 23.50 ?s
[00:12:34] [Render thread/INFO]: BookContentResourceListenerLoader: Files found in 15.20 ?s
[00:12:34] [Render thread/INFO]: BookContentResourceListenerLoader: Files found in 297.8 ?s
[00:12:34] [Render thread/INFO]: BookContentResourceListenerLoader: Files found in 309.4 ?s
[00:12:34] [Render thread/INFO]: BookContentResourceListenerLoader: Files found in 254.3 ?s
[00:12:46] [Server thread/INFO]: [@: Gamerule doDaylightCycle is now set to: false]
[00:12:46] [Server thread/INFO]: [@: Set the time to 1000]
[00:12:46] [Render thread/INFO]: [System] [CHAT] [@: Gamerule doDaylightCycle is now set to: false]
[00:12:46] [Render thread/INFO]: [System] [CHAT] [@: Set the time to 1000]
[00:12:50] [Server thread/INFO]: Saving and pausing game...
[00:12:50] [Server thread/INFO]: Saving chunks for level 'ServerLevel[i'm oscillating it]'/minecraft:overworld
[00:12:50] [Server thread/INFO]: Saving chunks for level 'ServerLevel[i'm oscillating it]'/cataclysm_dimension:cataclysm_abyssal_depths
[00:12:50] [Server thread/INFO]: Saving chunks for level 'ServerLevel[i'm oscillating it]'/cataclysm_dimension:cataclysm_sanctum_fallen
[00:12:50] [Server thread/INFO]: Saving chunks for level 'ServerLevel[i'm oscillating it]'/the_deep_void:the_pit
[00:12:50] [Server thread/INFO]: Saving chunks for level 'ServerLevel[i'm oscillating it]'/otherverse:ruins
[00:12:50] [Server thread/INFO]: Saving chunks for level 'ServerLevel[i'm oscillating it]'/cataclysm_dimension:cataclysm_bastion_lost
[00:12:50] [Server thread/INFO]: Saving chunks for level 'ServerLevel[i'm oscillating it]'/minecraft:the_end
[00:12:50] [Server thread/INFO]: Saving chunks for level 'ServerLevel[i'm oscillating it]'/cataclysm_dimension:cataclysm_eternal_frosthold
[00:12:50] [Server thread/INFO]: Saving chunks for level 'ServerLevel[i'm oscillating it]'/cataclysm_dimension:cataclysm_pharaohs_bane
[00:12:50] [Server thread/INFO]: Saving chunks for level 'ServerLevel[i'm oscillating it]'/the_deep_void:deep_void
[00:12:50] [Server thread/INFO]: Saving chunks for level 'ServerLevel[i'm oscillating it]'/minecraft:the_nether
[00:12:50] [Server thread/INFO]: Saving chunks for level 'ServerLevel[i'm oscillating it]'/cataclysm_dimension:cataclysm_forge_of_aeons
[00:12:50] [Server thread/INFO]: Saving chunks for level 'ServerLevel[i'm oscillating it]'/cataclysm_dimension:cataclysm_infernos_maw
[00:12:50] [Server thread/INFO]: Saving chunks for level 'ServerLevel[i'm oscillating it]'/irons_spellbooks:pocket_dimension
[00:12:50] [Server thread/INFO]: Saving chunks for level 'ServerLevel[i'm oscillating it]'/cataclysm_dimension:cataclysm_souls_anvil
[00:12:50] [Server thread/INFO]: Saving chunks for level 'ServerLevel[i'm oscillating it]'/ae2:spatial_storage
[00:12:50] [Server thread/INFO]: Saving data for 96 chunks for dimension 'overworld' took 1 milliseconds
[00:12:54] [Render thread/INFO]: OpenGL debug message: id=1005, source=API, type=ERROR, severity=HIGH, message='No detailed debug message due to a non-debug context'
[00:13:10] [Server thread/INFO]: Saving and pausing game...
[00:13:10] [Server thread/INFO]: Saving chunks for level 'ServerLevel[i'm oscillating it]'/minecraft:overworld
[00:13:10] [Server thread/INFO]: Saving chunks for level 'ServerLevel[i'm oscillating it]'/cataclysm_dimension:cataclysm_abyssal_depths
[00:13:10] [Server thread/INFO]: Saving chunks for level 'ServerLevel[i'm oscillating it]'/cataclysm_dimension:cataclysm_sanctum_fallen
[00:13:10] [Server thread/INFO]: Saving chunks for level 'ServerLevel[i'm oscillating it]'/the_deep_void:the_pit
[00:13:10] [Server thread/INFO]: Saving chunks for level 'ServerLevel[i'm oscillating it]'/otherverse:ruins
[00:13:10] [Server thread/INFO]: Saving chunks for level 'ServerLevel[i'm oscillating it]'/cataclysm_dimension:cataclysm_bastion_lost
[00:13:10] [Server thread/INFO]: Saving chunks for level 'ServerLevel[i'm oscillating it]'/minecraft:the_end
[00:13:10] [Server thread/INFO]: Saving chunks for level 'ServerLevel[i'm oscillating it]'/cataclysm_dimension:cataclysm_eternal_frosthold
[00:13:10] [Server thread/INFO]: Saving chunks for level 'ServerLevel[i'm oscillating it]'/cataclysm_dimension:cataclysm_pharaohs_bane
[00:13:10] [Server thread/INFO]: Saving chunks for level 'ServerLevel[i'm oscillating it]'/the_deep_void:deep_void
[00:13:10] [Server thread/INFO]: Saving chunks for level 'ServerLevel[i'm oscillating it]'/minecraft:the_nether
[00:13:10] [Server thread/INFO]: Saving chunks for level 'ServerLevel[i'm oscillating it]'/cataclysm_dimension:cataclysm_forge_of_aeons
[00:13:10] [Server thread/INFO]: Saving chunks for level 'ServerLevel[i'm oscillating it]'/cataclysm_dimension:cataclysm_infernos_maw
[00:13:10] [Server thread/INFO]: Saving chunks for level 'ServerLevel[i'm oscillating it]'/irons_spellbooks:pocket_dimension
[00:13:10] [Server thread/INFO]: Saving chunks for level 'ServerLevel[i'm oscillating it]'/cataclysm_dimension:cataclysm_souls_anvil
[00:13:10] [Server thread/INFO]: Saving chunks for level 'ServerLevel[i'm oscillating it]'/ae2:spatial_storage
[00:13:10] [Server thread/INFO]: Saving data for 96 chunks for dimension 'overworld' took 1 milliseconds
[00:13:11] [Render thread/INFO]: JEI StartEventObserver received class net.minecraftforge.client.event.ClientPlayerNetworkEvent$LoggingOut
[00:13:11] [Render thread/INFO]: JEI StartEventObserver transitioning state from JEI_STARTED to DISABLED
[00:13:11] [Render thread/INFO]: Stopping JEI
[00:13:11] [Render thread/INFO]: Sending Runtime Unavailable...
[00:13:11] [Render thread/INFO]: Stopping JEI GUI
[00:13:11] [Render thread/INFO]: Sending Runtime Unavailable took 5.458 ms
[00:13:11] [Server thread/INFO]: SporiumCorium lost connection: Disconnected
[00:13:11] [Server thread/INFO]: SporiumCorium left the game
[00:13:11] [Server thread/INFO]: Stopping singleplayer server as player logged out
[00:13:11] [Server thread/INFO]: Stopping server
[00:13:11] [Server thread/INFO]: Saving players
[00:13:11] [Server thread/INFO]: Saving worlds
[00:13:11] [Server thread/INFO]: Saving chunks for level 'ServerLevel[i'm oscillating it]'/minecraft:overworld
[00:13:12] [Server thread/INFO]: Saving chunks for level 'ServerLevel[i'm oscillating it]'/cataclysm_dimension:cataclysm_abyssal_depths
[00:13:12] [Server thread/INFO]: Saving chunks for level 'ServerLevel[i'm oscillating it]'/cataclysm_dimension:cataclysm_sanctum_fallen
[00:13:12] [Server thread/INFO]: Saving chunks for level 'ServerLevel[i'm oscillating it]'/the_deep_void:the_pit
[00:13:12] [Server thread/INFO]: Saving chunks for level 'ServerLevel[i'm oscillating it]'/otherverse:ruins
[00:13:12] [Server thread/INFO]: Saving chunks for level 'ServerLevel[i'm oscillating it]'/cataclysm_dimension:cataclysm_bastion_lost
[00:13:12] [Server thread/INFO]: Saving chunks for level 'ServerLevel[i'm oscillating it]'/minecraft:the_end
[00:13:12] [Server thread/INFO]: Saving chunks for level 'ServerLevel[i'm oscillating it]'/cataclysm_dimension:cataclysm_eternal_frosthold
[00:13:12] [Server thread/INFO]: Saving chunks for level 'ServerLevel[i'm oscillating it]'/cataclysm_dimension:cataclysm_pharaohs_bane
[00:13:12] [Server thread/INFO]: Saving chunks for level 'ServerLevel[i'm oscillating it]'/the_deep_void:deep_void
[00:13:12] [Server thread/INFO]: Saving chunks for level 'ServerLevel[i'm oscillating it]'/minecraft:the_nether
[00:13:12] [Server thread/INFO]: Saving chunks for level 'ServerLevel[i'm oscillating it]'/cataclysm_dimension:cataclysm_forge_of_aeons
[00:13:12] [Server thread/INFO]: Saving chunks for level 'ServerLevel[i'm oscillating it]'/cataclysm_dimension:cataclysm_infernos_maw
[00:13:12] [Server thread/INFO]: Saving chunks for level 'ServerLevel[i'm oscillating it]'/irons_spellbooks:pocket_dimension
[00:13:12] [Server thread/INFO]: Saving chunks for level 'ServerLevel[i'm oscillating it]'/cataclysm_dimension:cataclysm_souls_anvil
[00:13:12] [Server thread/INFO]: Saving chunks for level 'ServerLevel[i'm oscillating it]'/ae2:spatial_storage
[00:13:12] [Server thread/INFO]: ThreadedAnvilChunkStorage (i'm oscillating it): All chunks are saved
[00:13:12] [Server thread/INFO]: ThreadedAnvilChunkStorage (cataclysm_abyssal_depths): All chunks are saved
[00:13:12] [Server thread/INFO]: ThreadedAnvilChunkStorage (cataclysm_sanctum_fallen): All chunks are saved
[00:13:12] [Server thread/INFO]: ThreadedAnvilChunkStorage (the_pit): All chunks are saved
[00:13:12] [Server thread/INFO]: ThreadedAnvilChunkStorage (ruins): All chunks are saved
[00:13:12] [Server thread/INFO]: ThreadedAnvilChunkStorage (cataclysm_bastion_lost): All chunks are saved
[00:13:12] [Server thread/INFO]: ThreadedAnvilChunkStorage (DIM1): All chunks are saved
[00:13:12] [Server thread/INFO]: ThreadedAnvilChunkStorage (cataclysm_eternal_frosthold): All chunks are saved
[00:13:12] [Server thread/INFO]: ThreadedAnvilChunkStorage (cataclysm_pharaohs_bane): All chunks are saved
[00:13:12] [Server thread/INFO]: ThreadedAnvilChunkStorage (deep_void): All chunks are saved
[00:13:12] [Server thread/INFO]: ThreadedAnvilChunkStorage (DIM-1): All chunks are saved
[00:13:12] [Server thread/INFO]: ThreadedAnvilChunkStorage (cataclysm_forge_of_aeons): All chunks are saved
[00:13:12] [Server thread/INFO]: ThreadedAnvilChunkStorage (cataclysm_infernos_maw): All chunks are saved
[00:13:12] [Server thread/INFO]: ThreadedAnvilChunkStorage (pocket_dimension): All chunks are saved
[00:13:12] [Server thread/INFO]: ThreadedAnvilChunkStorage (cataclysm_souls_anvil): All chunks are saved
[00:13:12] [Server thread/INFO]: ThreadedAnvilChunkStorage (spatial_storage): All chunks are saved
[00:13:12] [Server thread/INFO]: ThreadedAnvilChunkStorage: All dimensions are saved
[00:13:12] [C2ME Storage #6/INFO]: Storage thread Thread[C2ME Storage #6,5,SERVER] stopped
[00:13:12] [C2ME Storage #3/INFO]: Storage thread Thread[C2ME Storage #3,5,SERVER] stopped
[00:13:12] [C2ME Storage #9/INFO]: Storage thread Thread[C2ME Storage #9,5,SERVER] stopped
[00:13:12] [C2ME Storage #12/INFO]: Storage thread Thread[C2ME Storage #12,5,SERVER] stopped
[00:13:12] [C2ME Storage #15/INFO]: Storage thread Thread[C2ME Storage #15,5,SERVER] stopped
[00:13:12] [C2ME Storage #13/INFO]: Storage thread Thread[C2ME Storage #13,5,SERVER] stopped
[00:13:12] [C2ME Storage #18/INFO]: Storage thread Thread[C2ME Storage #18,5,SERVER] stopped
[00:13:12] [C2ME Storage #21/INFO]: Storage thread Thread[C2ME Storage #21,5,SERVER] stopped
[00:13:12] [C2ME Storage #24/INFO]: Storage thread Thread[C2ME Storage #24,5,SERVER] stopped
[00:13:12] [C2ME Storage #27/INFO]: Storage thread Thread[C2ME Storage #27,5,SERVER] stopped
[00:13:12] [C2ME Storage #30/INFO]: Storage thread Thread[C2ME Storage #30,5,SERVER] stopped
[00:13:12] [C2ME Storage #28/INFO]: Storage thread Thread[C2ME Storage #28,5,SERVER] stopped
[00:13:12] [C2ME Storage #33/INFO]: Storage thread Thread[C2ME Storage #33,5,SERVER] stopped
[00:13:12] [C2ME Storage #36/INFO]: Storage thread Thread[C2ME Storage #36,5,SERVER] stopped
[00:13:12] [C2ME Storage #39/INFO]: Storage thread Thread[C2ME Storage #39,5,SERVER] stopped
[00:13:12] [C2ME Storage #42/INFO]: Storage thread Thread[C2ME Storage #42,5,SERVER] stopped
[00:13:12] [C2ME Storage #45/INFO]: Storage thread Thread[C2ME Storage #45,5,SERVER] stopped
[00:13:12] [C2ME Storage #47/INFO]: Storage thread Thread[C2ME Storage #47,5,SERVER] stopped
[00:13:12] [C2ME Storage #48/INFO]: Storage thread Thread[C2ME Storage #48,5,SERVER] stopped
[00:13:12] [Server thread/INFO]: Server stopping, clearing chunk activity tracking map.
[00:13:14] [Render thread/INFO]: Stopping worker threads
[00:13:17] [Render thread/INFO]: Registering CHLORIDE built-in packs
[00:13:17] [Render thread/INFO]: Found new data pack fabric, loading it automatically
[00:13:17] [Render thread/INFO]: Found new data pack not_keep_original, loading it automatically
[00:13:17] [Render thread/INFO]: example.js#5: Hello, World! (Loaded server scripts)
[00:13:17] [Render thread/INFO]: Loaded script server_scripts:example.js in 0.001 s
[00:13:17] [Render thread/INFO]: Loaded 1/1 KubeJS server scripts in 0.007 s with 0 errors and 0 warnings
[00:13:17] [Render thread/INFO]: Scripts loaded
[00:13:17] [Render thread/INFO]: Starting runtime resource generation for pack type SERVER_DATA with generators from mods [moonlight]: []
[00:13:17] [Render thread/INFO]: Finished runtime resources generation for 1 packs in a total of 0 ms
[00:13:18] [Worker-Main-18/ERROR]: Couldn't load tag justdirethings:paradox_deny as it is missing following references: justdirethings:paradox_machine (from [Forge] justdirethings-1.1.6.jar)
[00:13:18] [Worker-Main-1/ERROR]: Couldn't parse element loot_tables:irons_spellbooks:chests/catacombs/crypt_loot
com.google.gson.JsonSyntaxException: Missing name, expected to find a string
	at net.minecraft.util.GsonHelper.m_13906_(GsonHelper.java:127) ~[client-1.20.1-20230612.114412-srg.jar%23338!/:?]
	at net.minecraft.world.level.storage.loot.entries.LootTableReference$Serializer.m_7267_(LootTableReference.java:67) ~[client-1.20.1-20230612.114412-srg.jar%23338!/:?]
	at net.minecraft.world.level.storage.loot.entries.LootTableReference$Serializer.m_7267_(LootTableReference.java:58) ~[client-1.20.1-20230612.114412-srg.jar%23338!/:?]
	at net.minecraft.world.level.storage.loot.entries.LootPoolSingletonContainer$Serializer.m_5921_(LootPoolSingletonContainer.java:151) ~[client-1.20.1-20230612.114412-srg.jar%23338!/:?]
	at net.minecraft.world.level.storage.loot.entries.LootPoolSingletonContainer$Serializer.m_5921_(LootPoolSingletonContainer.java:129) ~[client-1.20.1-20230612.114412-srg.jar%23338!/:?]
	at net.minecraft.world.level.storage.loot.entries.LootPoolEntryContainer$Serializer.m_7561_(LootPoolEntryContainer.java:86) ~[client-1.20.1-20230612.114412-srg.jar%23338!/:?]
	at net.minecraft.world.level.storage.loot.entries.LootPoolEntryContainer$Serializer.m_7561_(LootPoolEntryContainer.java:74) ~[client-1.20.1-20230612.114412-srg.jar%23338!/:?]
	at net.minecraft.world.level.storage.loot.GsonAdapterFactory$JsonAdapter.deserialize(GsonAdapterFactory.java:102) ~[client-1.20.1-20230612.114412-srg.jar%23338!/:?]
	at com.google.gson.internal.bind.TreeTypeAdapter.read(TreeTypeAdapter.java:76) ~[gson-2.10.jar%23107!/:?]
	at com.google.gson.internal.bind.TypeAdapterRuntimeTypeWrapper.read(TypeAdapterRuntimeTypeWrapper.java:40) ~[gson-2.10.jar%23107!/:?]
	at com.google.gson.internal.bind.ArrayTypeAdapter.read(ArrayTypeAdapter.java:72) ~[gson-2.10.jar%23107!/:?]
	at com.google.gson.Gson.fromJson(Gson.java:1214) ~[gson-2.10.jar%23107!/:?]
	at com.google.gson.Gson.fromJson(Gson.java:1319) ~[gson-2.10.jar%23107!/:?]
	at com.google.gson.Gson.fromJson(Gson.java:1290) ~[gson-2.10.jar%23107!/:?]
	at com.google.gson.internal.bind.TreeTypeAdapter$GsonContextImpl.deserialize(TreeTypeAdapter.java:179) ~[gson-2.10.jar%23107!/:?]
	at net.minecraft.util.GsonHelper.m_13808_(GsonHelper.java:463) ~[client-1.20.1-20230612.114412-srg.jar%23338!/:?]
	at net.minecraft.util.GsonHelper.m_13836_(GsonHelper.java:471) ~[client-1.20.1-20230612.114412-srg.jar%23338!/:?]
	at net.minecraft.world.level.storage.loot.LootPool$Serializer.deserialize(LootPool.java:192) ~[client-1.20.1-20230612.114412-srg.jar%23338!/:?]
	at net.minecraft.world.level.storage.loot.LootPool$Serializer.deserialize(LootPool.java:189) ~[client-1.20.1-20230612.114412-srg.jar%23338!/:?]
	at com.google.gson.internal.bind.TreeTypeAdapter.read(TreeTypeAdapter.java:76) ~[gson-2.10.jar%23107!/:?]
	at com.google.gson.internal.bind.TypeAdapterRuntimeTypeWrapper.read(TypeAdapterRuntimeTypeWrapper.java:40) ~[gson-2.10.jar%23107!/:?]
	at com.google.gson.internal.bind.ArrayTypeAdapter.read(ArrayTypeAdapter.java:72) ~[gson-2.10.jar%23107!/:?]
	at com.google.gson.Gson.fromJson(Gson.java:1214) ~[gson-2.10.jar%23107!/:?]
	at com.google.gson.Gson.fromJson(Gson.java:1319) ~[gson-2.10.jar%23107!/:?]
	at com.google.gson.Gson.fromJson(Gson.java:1290) ~[gson-2.10.jar%23107!/:?]
	at com.google.gson.internal.bind.TreeTypeAdapter$GsonContextImpl.deserialize(TreeTypeAdapter.java:179) ~[gson-2.10.jar%23107!/:?]
	at net.minecraft.util.GsonHelper.m_13808_(GsonHelper.java:463) ~[client-1.20.1-20230612.114412-srg.jar%23338!/:?]
	at net.minecraft.util.GsonHelper.m_13845_(GsonHelper.java:481) ~[client-1.20.1-20230612.114412-srg.jar%23338!/:?]
	at net.minecraft.world.level.storage.loot.LootTable$Serializer.deserialize(LootTable.java:294) ~[client-1.20.1-20230612.114412-srg.jar%23338!/:?]
	at net.minecraft.world.level.storage.loot.LootTable$Serializer.deserialize(LootTable.java:291) ~[client-1.20.1-20230612.114412-srg.jar%23338!/:?]
	at com.google.gson.internal.bind.TreeTypeAdapter.read(TreeTypeAdapter.java:76) ~[gson-2.10.jar%23107!/:?]
	at com.google.gson.Gson.fromJson(Gson.java:1214) ~[gson-2.10.jar%23107!/:?]
	at com.google.gson.Gson.fromJson(Gson.java:1319) ~[gson-2.10.jar%23107!/:?]
	at com.google.gson.Gson.fromJson(Gson.java:1261) ~[gson-2.10.jar%23107!/:?]
	at net.minecraftforge.common.ForgeHooks.loadLootTable(ForgeHooks.java:872) ~[forge-1.20.1-47.4.10-universal.jar%23343!/:?]
	at net.minecraftforge.common.ForgeHooks.lambda$getLootTableDeserializer$3(ForgeHooks.java:849) ~[forge-1.20.1-47.4.10-universal.jar%23343!/:?]
	at net.minecraft.world.level.storage.loot.LootDataType.deserialize(LootDataType.java:45) ~[client-1.20.1-20230612.114412-srg.jar%23338!/:?]
	at net.minecraft.world.level.storage.loot.LootDataManager.lambda$scheduleElementParse$4(LootDataManager.java:56) ~[client-1.20.1-20230612.114412-srg.jar%23338!/:?]
	at java.util.HashMap.forEach(HashMap.java:1421) ~[?:?]
	at net.minecraft.world.level.storage.loot.LootDataManager.m_278660_(LootDataManager.java:55) ~[client-1.20.1-20230612.114412-srg.jar%23338!/:?]
	at java.util.concurrent.CompletableFuture$AsyncRun.run(CompletableFuture.java:1804) ~[?:?]
	at java.util.concurrent.CompletableFuture$AsyncRun.exec(CompletableFuture.java:1796) ~[?:?]
	at java.util.concurrent.ForkJoinTask.doExec(ForkJoinTask.java:373) ~[?:?]
	at java.util.concurrent.ForkJoinPool$WorkQueue.topLevelExec(ForkJoinPool.java:1182) ~[?:?]
	at java.util.concurrent.ForkJoinPool.scan(ForkJoinPool.java:1655) ~[?:?]
	at java.util.concurrent.ForkJoinPool.runWorker(ForkJoinPool.java:1622) ~[?:?]
	at java.util.concurrent.ForkJoinWorkerThread.run(ForkJoinWorkerThread.java:165) ~[?:?]
[00:13:18] [Worker-Main-1/ERROR]: Couldn't parse element loot_tables:expatternprovider:blocks/ex_emc_interface
com.google.gson.JsonSyntaxException: Expected name to be an item, was unknown string 'expatternprovider:ex_emc_interface'
	at net.minecraft.util.GsonHelper.m_13866_(GsonHelper.java:145) ~[client-1.20.1-20230612.114412-srg.jar%23338!/:?]
	at java.util.Optional.orElseThrow(Optional.java:403) ~[?:?]
	at net.minecraft.util.GsonHelper.m_13874_(GsonHelper.java:145) ~[client-1.20.1-20230612.114412-srg.jar%23338!/:?]
	at net.minecraft.util.GsonHelper.m_13909_(GsonHelper.java:153) ~[client-1.20.1-20230612.114412-srg.jar%23338!/:?]
	at net.minecraft.world.level.storage.loot.entries.LootItem$Serializer.m_7267_(LootItem.java:55) ~[client-1.20.1-20230612.114412-srg.jar%23338!/:?]
	at net.minecraft.world.level.storage.loot.entries.LootItem$Serializer.m_7267_(LootItem.java:40) ~[client-1.20.1-20230612.114412-srg.jar%23338!/:?]
	at net.minecraft.world.level.storage.loot.entries.LootPoolSingletonContainer$Serializer.m_5921_(LootPoolSingletonContainer.java:151) ~[client-1.20.1-20230612.114412-srg.jar%23338!/:?]
	at net.minecraft.world.level.storage.loot.entries.LootPoolSingletonContainer$Serializer.m_5921_(LootPoolSingletonContainer.java:129) ~[client-1.20.1-20230612.114412-srg.jar%23338!/:?]
	at net.minecraft.world.level.storage.loot.entries.LootPoolEntryContainer$Serializer.m_7561_(LootPoolEntryContainer.java:86) ~[client-1.20.1-20230612.114412-srg.jar%23338!/:?]
	at net.minecraft.world.level.storage.loot.entries.LootPoolEntryContainer$Serializer.m_7561_(LootPoolEntryContainer.java:74) ~[client-1.20.1-20230612.114412-srg.jar%23338!/:?]
	at net.minecraft.world.level.storage.loot.GsonAdapterFactory$JsonAdapter.deserialize(GsonAdapterFactory.java:102) ~[client-1.20.1-20230612.114412-srg.jar%23338!/:?]
	at com.google.gson.internal.bind.TreeTypeAdapter.read(TreeTypeAdapter.java:76) ~[gson-2.10.jar%23107!/:?]
	at com.google.gson.internal.bind.TypeAdapterRuntimeTypeWrapper.read(TypeAdapterRuntimeTypeWrapper.java:40) ~[gson-2.10.jar%23107!/:?]
	at com.google.gson.internal.bind.ArrayTypeAdapter.read(ArrayTypeAdapter.java:72) ~[gson-2.10.jar%23107!/:?]
	at com.google.gson.Gson.fromJson(Gson.java:1214) ~[gson-2.10.jar%23107!/:?]
	at com.google.gson.Gson.fromJson(Gson.java:1319) ~[gson-2.10.jar%23107!/:?]
	at com.google.gson.Gson.fromJson(Gson.java:1290) ~[gson-2.10.jar%23107!/:?]
	at com.google.gson.internal.bind.TreeTypeAdapter$GsonContextImpl.deserialize(TreeTypeAdapter.java:179) ~[gson-2.10.jar%23107!/:?]
	at net.minecraft.util.GsonHelper.m_13808_(GsonHelper.java:463) ~[client-1.20.1-20230612.114412-srg.jar%23338!/:?]
	at net.minecraft.util.GsonHelper.m_13836_(GsonHelper.java:471) ~[client-1.20.1-20230612.114412-srg.jar%23338!/:?]
	at net.minecraft.world.level.storage.loot.LootPool$Serializer.deserialize(LootPool.java:192) ~[client-1.20.1-20230612.114412-srg.jar%23338!/:?]
	at net.minecraft.world.level.storage.loot.LootPool$Serializer.deserialize(LootPool.java:189) ~[client-1.20.1-20230612.114412-srg.jar%23338!/:?]
	at com.google.gson.internal.bind.TreeTypeAdapter.read(TreeTypeAdapter.java:76) ~[gson-2.10.jar%23107!/:?]
	at com.google.gson.internal.bind.TypeAdapterRuntimeTypeWrapper.read(TypeAdapterRuntimeTypeWrapper.java:40) ~[gson-2.10.jar%23107!/:?]
	at com.google.gson.internal.bind.ArrayTypeAdapter.read(ArrayTypeAdapter.java:72) ~[gson-2.10.jar%23107!/:?]
	at com.google.gson.Gson.fromJson(Gson.java:1214) ~[gson-2.10.jar%23107!/:?]
	at com.google.gson.Gson.fromJson(Gson.java:1319) ~[gson-2.10.jar%23107!/:?]
	at com.google.gson.Gson.fromJson(Gson.java:1290) ~[gson-2.10.jar%23107!/:?]
	at com.google.gson.internal.bind.TreeTypeAdapter$GsonContextImpl.deserialize(TreeTypeAdapter.java:179) ~[gson-2.10.jar%23107!/:?]
	at net.minecraft.util.GsonHelper.m_13808_(GsonHelper.java:463) ~[client-1.20.1-20230612.114412-srg.jar%23338!/:?]
	at net.minecraft.util.GsonHelper.m_13845_(GsonHelper.java:481) ~[client-1.20.1-20230612.114412-srg.jar%23338!/:?]
	at net.minecraft.world.level.storage.loot.LootTable$Serializer.deserialize(LootTable.java:294) ~[client-1.20.1-20230612.114412-srg.jar%23338!/:?]
	at net.minecraft.world.level.storage.loot.LootTable$Serializer.deserialize(LootTable.java:291) ~[client-1.20.1-20230612.114412-srg.jar%23338!/:?]
	at com.google.gson.internal.bind.TreeTypeAdapter.read(TreeTypeAdapter.java:76) ~[gson-2.10.jar%23107!/:?]
	at com.google.gson.Gson.fromJson(Gson.java:1214) ~[gson-2.10.jar%23107!/:?]
	at com.google.gson.Gson.fromJson(Gson.java:1319) ~[gson-2.10.jar%23107!/:?]
	at com.google.gson.Gson.fromJson(Gson.java:1261) ~[gson-2.10.jar%23107!/:?]
	at net.minecraftforge.common.ForgeHooks.loadLootTable(ForgeHooks.java:872) ~[forge-1.20.1-47.4.10-universal.jar%23343!/:?]
	at net.minecraftforge.common.ForgeHooks.lambda$getLootTableDeserializer$3(ForgeHooks.java:849) ~[forge-1.20.1-47.4.10-universal.jar%23343!/:?]
	at net.minecraft.world.level.storage.loot.LootDataType.deserialize(LootDataType.java:45) ~[client-1.20.1-20230612.114412-srg.jar%23338!/:?]
	at net.minecraft.world.level.storage.loot.LootDataManager.lambda$scheduleElementParse$4(LootDataManager.java:56) ~[client-1.20.1-20230612.114412-srg.jar%23338!/:?]
	at java.util.HashMap.forEach(HashMap.java:1421) ~[?:?]
	at net.minecraft.world.level.storage.loot.LootDataManager.m_278660_(LootDataManager.java:55) ~[client-1.20.1-20230612.114412-srg.jar%23338!/:?]
	at java.util.concurrent.CompletableFuture$AsyncRun.run(CompletableFuture.java:1804) ~[?:?]
	at java.util.concurrent.CompletableFuture$AsyncRun.exec(CompletableFuture.java:1796) ~[?:?]
	at java.util.concurrent.ForkJoinTask.doExec(ForkJoinTask.java:373) ~[?:?]
	at java.util.concurrent.ForkJoinPool$WorkQueue.topLevelExec(ForkJoinPool.java:1182) ~[?:?]
	at java.util.concurrent.ForkJoinPool.scan(ForkJoinPool.java:1655) ~[?:?]
	at java.util.concurrent.ForkJoinPool.runWorker(ForkJoinPool.java:1622) ~[?:?]
	at java.util.concurrent.ForkJoinWorkerThread.run(ForkJoinWorkerThread.java:165) ~[?:?]
[00:13:18] [Worker-Main-1/ERROR]: Couldn't parse element loot_tables:irons_spellbooks:chests/citadel/citadel_tomes
com.google.gson.JsonSyntaxException: Unknown type 'minecraft:set_written_book_pages'
	at net.minecraft.world.level.storage.loot.GsonAdapterFactory$JsonAdapter.deserialize(GsonAdapterFactory.java:99) ~[client-1.20.1-20230612.114412-srg.jar%23338!/:?]
	at com.google.gson.internal.bind.TreeTypeAdapter.read(TreeTypeAdapter.java:76) ~[gson-2.10.jar%23107!/:?]
	at com.google.gson.internal.bind.TypeAdapterRuntimeTypeWrapper.read(TypeAdapterRuntimeTypeWrapper.java:40) ~[gson-2.10.jar%23107!/:?]
	at com.google.gson.internal.bind.ArrayTypeAdapter.read(ArrayTypeAdapter.java:72) ~[gson-2.10.jar%23107!/:?]
	at com.google.gson.Gson.fromJson(Gson.java:1214) ~[gson-2.10.jar%23107!/:?]
	at com.google.gson.Gson.fromJson(Gson.java:1319) ~[gson-2.10.jar%23107!/:?]
	at com.google.gson.Gson.fromJson(Gson.java:1290) ~[gson-2.10.jar%23107!/:?]
	at com.google.gson.internal.bind.TreeTypeAdapter$GsonContextImpl.deserialize(TreeTypeAdapter.java:179) ~[gson-2.10.jar%23107!/:?]
	at net.minecraft.util.GsonHelper.m_13808_(GsonHelper.java:463) ~[client-1.20.1-20230612.114412-srg.jar%23338!/:?]
	at net.minecraft.util.GsonHelper.m_13845_(GsonHelper.java:481) ~[client-1.20.1-20230612.114412-srg.jar%23338!/:?]
	at net.minecraft.world.level.storage.loot.entries.LootPoolSingletonContainer$Serializer.m_5921_(LootPoolSingletonContainer.java:149) ~[client-1.20.1-20230612.114412-srg.jar%23338!/:?]
	at net.minecraft.world.level.storage.loot.entries.LootPoolSingletonContainer$Serializer.m_5921_(LootPoolSingletonContainer.java:129) ~[client-1.20.1-20230612.114412-srg.jar%23338!/:?]
	at net.minecraft.world.level.storage.loot.entries.LootPoolEntryContainer$Serializer.m_7561_(LootPoolEntryContainer.java:86) ~[client-1.20.1-20230612.114412-srg.jar%23338!/:?]
	at net.minecraft.world.level.storage.loot.entries.LootPoolEntryContainer$Serializer.m_7561_(LootPoolEntryContainer.java:74) ~[client-1.20.1-20230612.114412-srg.jar%23338!/:?]
	at net.minecraft.world.level.storage.loot.GsonAdapterFactory$JsonAdapter.deserialize(GsonAdapterFactory.java:102) ~[client-1.20.1-20230612.114412-srg.jar%23338!/:?]
	at com.google.gson.internal.bind.TreeTypeAdapter.read(TreeTypeAdapter.java:76) ~[gson-2.10.jar%23107!/:?]
	at com.google.gson.internal.bind.TypeAdapterRuntimeTypeWrapper.read(TypeAdapterRuntimeTypeWrapper.java:40) ~[gson-2.10.jar%23107!/:?]
	at com.google.gson.internal.bind.ArrayTypeAdapter.read(ArrayTypeAdapter.java:72) ~[gson-2.10.jar%23107!/:?]
	at com.google.gson.Gson.fromJson(Gson.java:1214) ~[gson-2.10.jar%23107!/:?]
	at com.google.gson.Gson.fromJson(Gson.java:1319) ~[gson-2.10.jar%23107!/:?]
	at com.google.gson.Gson.fromJson(Gson.java:1290) ~[gson-2.10.jar%23107!/:?]
	at com.google.gson.internal.bind.TreeTypeAdapter$GsonContextImpl.deserialize(TreeTypeAdapter.java:179) ~[gson-2.10.jar%23107!/:?]
	at net.minecraft.util.GsonHelper.m_13808_(GsonHelper.java:463) ~[client-1.20.1-20230612.114412-srg.jar%23338!/:?]
	at net.minecraft.util.GsonHelper.m_13836_(GsonHelper.java:471) ~[client-1.20.1-20230612.114412-srg.jar%23338!/:?]
	at net.minecraft.world.level.storage.loot.LootPool$Serializer.deserialize(LootPool.java:192) ~[client-1.20.1-20230612.114412-srg.jar%23338!/:?]
	at net.minecraft.world.level.storage.loot.LootPool$Serializer.deserialize(LootPool.java:189) ~[client-1.20.1-20230612.114412-srg.jar%23338!/:?]
	at com.google.gson.internal.bind.TreeTypeAdapter.read(TreeTypeAdapter.java:76) ~[gson-2.10.jar%23107!/:?]
	at com.google.gson.internal.bind.TypeAdapterRuntimeTypeWrapper.read(TypeAdapterRuntimeTypeWrapper.java:40) ~[gson-2.10.jar%23107!/:?]
	at com.google.gson.internal.bind.ArrayTypeAdapter.read(ArrayTypeAdapter.java:72) ~[gson-2.10.jar%23107!/:?]
	at com.google.gson.Gson.fromJson(Gson.java:1214) ~[gson-2.10.jar%23107!/:?]
	at com.google.gson.Gson.fromJson(Gson.java:1319) ~[gson-2.10.jar%23107!/:?]
	at com.google.gson.Gson.fromJson(Gson.java:1290) ~[gson-2.10.jar%23107!/:?]
	at com.google.gson.internal.bind.TreeTypeAdapter$GsonContextImpl.deserialize(TreeTypeAdapter.java:179) ~[gson-2.10.jar%23107!/:?]
	at net.minecraft.util.GsonHelper.m_13808_(GsonHelper.java:463) ~[client-1.20.1-20230612.114412-srg.jar%23338!/:?]
	at net.minecraft.util.GsonHelper.m_13845_(GsonHelper.java:481) ~[client-1.20.1-20230612.114412-srg.jar%23338!/:?]
	at net.minecraft.world.level.storage.loot.LootTable$Serializer.deserialize(LootTable.java:294) ~[client-1.20.1-20230612.114412-srg.jar%23338!/:?]
	at net.minecraft.world.level.storage.loot.LootTable$Serializer.deserialize(LootTable.java:291) ~[client-1.20.1-20230612.114412-srg.jar%23338!/:?]
	at com.google.gson.internal.bind.TreeTypeAdapter.read(TreeTypeAdapter.java:76) ~[gson-2.10.jar%23107!/:?]
	at com.google.gson.Gson.fromJson(Gson.java:1214) ~[gson-2.10.jar%23107!/:?]
	at com.google.gson.Gson.fromJson(Gson.java:1319) ~[gson-2.10.jar%23107!/:?]
	at com.google.gson.Gson.fromJson(Gson.java:1261) ~[gson-2.10.jar%23107!/:?]
	at net.minecraftforge.common.ForgeHooks.loadLootTable(ForgeHooks.java:872) ~[forge-1.20.1-47.4.10-universal.jar%23343!/:?]
	at net.minecraftforge.common.ForgeHooks.lambda$getLootTableDeserializer$3(ForgeHooks.java:849) ~[forge-1.20.1-47.4.10-universal.jar%23343!/:?]
	at net.minecraft.world.level.storage.loot.LootDataType.deserialize(LootDataType.java:45) ~[client-1.20.1-20230612.114412-srg.jar%23338!/:?]
	at net.minecraft.world.level.storage.loot.LootDataManager.lambda$scheduleElementParse$4(LootDataManager.java:56) ~[client-1.20.1-20230612.114412-srg.jar%23338!/:?]
	at java.util.HashMap.forEach(HashMap.java:1421) ~[?:?]
	at net.minecraft.world.level.storage.loot.LootDataManager.m_278660_(LootDataManager.java:55) ~[client-1.20.1-20230612.114412-srg.jar%23338!/:?]
	at java.util.concurrent.CompletableFuture$AsyncRun.run(CompletableFuture.java:1804) ~[?:?]
	at java.util.concurrent.CompletableFuture$AsyncRun.exec(CompletableFuture.java:1796) ~[?:?]
	at java.util.concurrent.ForkJoinTask.doExec(ForkJoinTask.java:373) ~[?:?]
	at java.util.concurrent.ForkJoinPool$WorkQueue.topLevelExec(ForkJoinPool.java:1182) ~[?:?]
	at java.util.concurrent.ForkJoinPool.scan(ForkJoinPool.java:1655) ~[?:?]
	at java.util.concurrent.ForkJoinPool.runWorker(ForkJoinPool.java:1622) ~[?:?]
	at java.util.concurrent.ForkJoinWorkerThread.run(ForkJoinWorkerThread.java:165) ~[?:?]
[00:13:18] [Render thread/WARN]: Found loot table element validation problem in {loot_tables:irons_spellbooks:chests/citadel/citadel_bookshelf}.pools[8].entries[0]: Unknown loot table called irons_spellbooks:chests/citadel/citadel_tomes
[00:13:18] [Render thread/INFO]: Skipping loading recipe industrialforegoing:laser_drill_ore/ores/yellorite as it's serializer returned null
[00:13:18] [Render thread/INFO]: Skipping loading recipe expatternprovider:ex_emc_import_bus as it's serializer returned null
[00:13:18] [Render thread/INFO]: Skipping loading recipe advanced_ae:skysteel as it's serializer returned null
[00:13:18] [Render thread/INFO]: Skipping loading recipe industrialforegoing:laser_drill_ore/raw_materials/tetrahedrite as it's serializer returned null
[00:13:18] [Render thread/INFO]: Skipping loading recipe industrialforegoing:laser_drill_ore/raw_materials/aluminum as it's serializer returned null
[00:13:18] [Render thread/INFO]: Skipping loading recipe expatternprovider:ex_emc_interface as it's serializer returned null
[00:13:19] [Render thread/INFO]: Skipping loading recipe industrialforegoing:laser_drill_ore/raw_materials/iridium as it's serializer returned null
[00:13:19] [Render thread/INFO]: Skipping loading recipe expatternprovider:ex_emc_interface_upgrade as it's serializer returned null
[00:13:19] [Render thread/INFO]: Skipping loading recipe industrialforegoing:laser_drill_ore/raw_materials/galena as it's serializer returned null
[00:13:19] [Render thread/INFO]: Skipping loading recipe industrialforegoing:laser_drill_ore/raw_materials/tungsten as it's serializer returned null
[00:13:19] [Render thread/INFO]: Skipping loading recipe industrialforegoing:laser_drill_fluid/oil as it's serializer returned null
[00:13:19] [Render thread/INFO]: Skipping loading recipe industrialforegoing:laser_drill_ore/raw_materials/cinnabar as it's serializer returned null
[00:13:19] [Render thread/INFO]: Skipping loading recipe industrialforegoing:laser_drill_ore/raw_materials/yellorium as it's serializer returned null
[00:13:19] [Render thread/INFO]: Skipping loading recipe industrialforegoing:laser_drill_ore/raw_materials/yellorite as it's serializer returned null
[00:13:19] [Render thread/INFO]: Skipping loading recipe industrialforegoing:laser_drill_ore/raw_materials/platinum as it's serializer returned null
[00:13:19] [Render thread/INFO]: Skipping loading recipe expatternprovider:ex_emc_interface_alt as it's serializer returned null
[00:13:19] [Render thread/INFO]: Skipping loading recipe industrialforegoing:laser_drill_ore/raw_materials/ardite as it's serializer returned null
[00:13:19] [Render thread/INFO]: Skipping loading recipe advanced_ae:chargedredstone as it's serializer returned null
[00:13:19] [Render thread/INFO]: Skipping loading recipe expatternprovider:cutter/accumulation as it's serializer returned null
[00:13:19] [Render thread/INFO]: Skipping loading recipe expatternprovider:ex_emc_import_bus_upgrade as it's serializer returned null
[00:13:19] [Render thread/INFO]: Skipping loading recipe industrialforegoing:laser_drill_ore/ores/peridot as it's serializer returned null
[00:13:19] [Render thread/INFO]: Skipping loading recipe advanced_ae:accumulation_processor_chamber as it's serializer returned null
[00:13:19] [Render thread/INFO]: Skipping loading recipe industrialforegoing:laser_drill_ore/ores/arcane as it's serializer returned null
[00:13:19] [Render thread/INFO]: Skipping loading recipe industrialforegoing:laser_drill_ore/ores/bitumen as it's serializer returned null
[00:13:19] [Render thread/INFO]: Skipping loading recipe industrialforegoing:laser_drill_ore/raw_materials/pyrite as it's serializer returned null
[00:13:19] [Render thread/INFO]: Skipping loading recipe industrialforegoing:laser_drill_ore/ores/draconium as it's serializer returned null
[00:13:19] [Render thread/INFO]: Skipping loading recipe advanced_ae:redstonecrystal as it's serializer returned null
[00:13:19] [Render thread/INFO]: Skipping loading recipe industrialforegoing:laser_drill_ore/raw_materials/bauxite as it's serializer returned null
[00:13:19] [Render thread/INFO]: Skipping loading recipe industrialforegoing:laser_drill_ore/raw_materials/sheldonite as it's serializer returned null
[00:13:19] [Render thread/INFO]: Skipping loading recipe advanced_ae:energy_processor_chamber as it's serializer returned null
[00:13:19] [Render thread/INFO]: Skipping loading recipe expatternprovider:ex_emc_interface_part as it's serializer returned null
[00:13:19] [Render thread/INFO]: Skipping loading recipe industrialforegoing:laser_drill_ore/ores/sodalite as it's serializer returned null
[00:13:19] [Render thread/INFO]: Skipping loading recipe expatternprovider:ex_emc_export_bus as it's serializer returned null
[00:13:19] [Render thread/INFO]: Skipping loading recipe industrialforegoing:laser_drill_ore/raw_materials/cobalt as it's serializer returned null
[00:13:19] [Render thread/INFO]: Loaded 126 recipes
[00:13:19] [Render thread/ERROR]: Parsing error loading custom advancement industrialforegoing:recipes/misc/simulated_hydroponic_bed: Unknown item id 'forge:plastic'
[00:13:19] [Render thread/INFO]: Loaded 4190 advancements
[00:13:19] [Render thread/INFO]: Registered 0 additional recipes.
[00:13:19] [Render thread/INFO]: Reloading attributesetter, found 0 files
[00:13:19] [Render thread/INFO]: Loaded 17 curio slots
[00:13:19] [Render thread/INFO]: Loaded 1 curio entities
[00:13:19] [Render thread/INFO]: Registered 0 gear_sets.
[00:13:19] [Render thread/INFO]: Loaded 30 Loonium configurations
[00:13:20] [C2ME Storage #8/INFO]: Storage thread Thread[C2ME Storage #8,5,SERVER] stopped
[00:13:20] [C2ME Storage #7/INFO]: Storage thread Thread[C2ME Storage #7,5,SERVER] stopped
[00:13:20] [C2ME Storage #14/INFO]: Storage thread Thread[C2ME Storage #14,5,SERVER] stopped
[00:13:20] [C2ME Storage #5/INFO]: Storage thread Thread[C2ME Storage #5,5,SERVER] stopped
[00:13:20] [C2ME Storage #4/INFO]: Storage thread Thread[C2ME Storage #4,5,SERVER] stopped
[00:13:20] [C2ME Storage #20/INFO]: Storage thread Thread[C2ME Storage #20,5,SERVER] stopped
[00:13:20] [C2ME Storage #19/INFO]: Storage thread Thread[C2ME Storage #19,5,SERVER] stopped
[00:13:20] [C2ME Storage #11/INFO]: Storage thread Thread[C2ME Storage #11,5,SERVER] stopped
[00:13:20] [C2ME Storage #26/INFO]: Storage thread Thread[C2ME Storage #26,5,SERVER] stopped
[00:13:20] [C2ME Storage #10/INFO]: Storage thread Thread[C2ME Storage #10,5,SERVER] stopped
[00:13:20] [C2ME Storage #25/INFO]: Storage thread Thread[C2ME Storage #25,5,SERVER] stopped
[00:13:20] [C2ME Storage #32/INFO]: Storage thread Thread[C2ME Storage #32,5,SERVER] stopped
[00:13:20] [C2ME Storage #2/INFO]: Storage thread Thread[C2ME Storage #2,5,SERVER] stopped
[00:13:20] [C2ME Storage #16/INFO]: Storage thread Thread[C2ME Storage #16,5,SERVER] stopped
[00:13:20] [C2ME Storage #17/INFO]: Storage thread Thread[C2ME Storage #17,5,SERVER] stopped
[00:13:20] [C2ME Storage #31/INFO]: Storage thread Thread[C2ME Storage #31,5,SERVER] stopped
[00:13:20] [C2ME Storage #1/INFO]: Storage thread Thread[C2ME Storage #1,5,SERVER] stopped
[00:13:20] [C2ME Storage #38/INFO]: Storage thread Thread[C2ME Storage #38,5,SERVER] stopped
[00:13:20] [C2ME Storage #23/INFO]: Storage thread Thread[C2ME Storage #23,5,SERVER] stopped
[00:13:20] [C2ME Storage #22/INFO]: Storage thread Thread[C2ME Storage #22,5,SERVER] stopped
[00:13:20] [C2ME Storage #37/INFO]: Storage thread Thread[C2ME Storage #37,5,SERVER] stopped
[00:13:20] [C2ME Storage #29/INFO]: Storage thread Thread[C2ME Storage #29,5,SERVER] stopped
[00:13:20] [C2ME Storage #44/INFO]: Storage thread Thread[C2ME Storage #44,5,SERVER] stopped
[00:13:20] [C2ME Storage #43/INFO]: Storage thread Thread[C2ME Storage #43,5,SERVER] stopped
[00:13:20] [C2ME Storage #35/INFO]: Storage thread Thread[C2ME Storage #35,5,SERVER] stopped
[00:13:20] [C2ME Storage #34/INFO]: Storage thread Thread[C2ME Storage #34,5,SERVER] stopped
[00:13:20] [C2ME Storage #41/INFO]: Storage thread Thread[C2ME Storage #41,5,SERVER] stopped
[00:13:20] [C2ME Storage #40/INFO]: Storage thread Thread[C2ME Storage #40,5,SERVER] stopped
[00:13:20] [C2ME Storage #46/INFO]: Storage thread Thread[C2ME Storage #46,5,SERVER] stopped
[00:13:31] [Render thread/INFO]: Registering CHLORIDE built-in packs
[00:13:31] [Render thread/INFO]: example.js#5: Hello, World! (Loaded server scripts)
[00:13:31] [Render thread/INFO]: Loaded script server_scripts:example.js in 0.0 s
[00:13:31] [Render thread/INFO]: Loaded 1/1 KubeJS server scripts in 0.006 s with 0 errors and 0 warnings
[00:13:31] [Render thread/INFO]: Scripts loaded
[00:13:31] [Render thread/WARN]: Due to the way Minecraft resource loading works, KubeJS' server.log may not contain everything that happened in your server scripts on initial world creation.
[00:13:31] [Render thread/WARN]: You can still see the full log (including past reloads) in your latest.log file.
[00:13:31] [Render thread/INFO]: merged 6 surface rules with vanilla rule SequenceRuleSource
[00:13:31] [Render thread/INFO]: merged 6 surface rules with vanilla rule SequenceRuleSource
[00:13:31] [Render thread/INFO]: merged 6 surface rules with vanilla rule SequenceRuleSource
[00:13:31] [Server thread/INFO]: Starting integrated minecraft server version 1.20.1
[00:13:31] [Server thread/INFO]: Generating keypair
[00:13:31] [Server thread/WARN]: Configuration file C:\Users\Matthew Acuna\curseforge\minecraft\Instances\Oscillation\saves\phighting\serverconfig\curios-server.toml is not correct. Correcting
[00:13:31] [Server thread/WARN]: Incorrect key keepCurios was corrected from null to its default, DEFAULT. 
[00:13:31] [Server thread/WARN]: Incorrect key menu was corrected from null to its default, SimpleCommentedConfig:{}. 
[00:13:31] [Server thread/WARN]: Incorrect key menu.enableLegacyMenu was corrected from null to its default, false. 
[00:13:31] [Server thread/WARN]: Incorrect key menu.experimental was corrected from null to its default, SimpleCommentedConfig:{}. 
[00:13:31] [Server thread/WARN]: Incorrect key menu.experimental.minimumColumns was corrected from null to its default, 1. 
[00:13:31] [Server thread/WARN]: Incorrect key menu.experimental.maxSlotsPerPage was corrected from null to its default, 48. 
[00:13:31] [Server thread/WARN]: Configuration file C:\Users\Matthew Acuna\curseforge\minecraft\Instances\Oscillation\saves\phighting\serverconfig\jei-server.toml is not correct. Correcting
[00:13:31] [Server thread/WARN]: Incorrect key cheat mode was corrected from null to its default, SimpleCommentedConfig:{}. 
[00:13:31] [Server thread/WARN]: Incorrect key cheat mode.enableCheatModeForOp was corrected from null to its default, true. 
[00:13:31] [Server thread/WARN]: Incorrect key cheat mode.enableCheatModeForCreative was corrected from null to its default, true. 
[00:13:31] [Server thread/WARN]: Incorrect key cheat mode.enableCheatModeForGive was corrected from null to its default, false. 
[00:13:31] [Server thread/WARN]: Configuration file C:\Users\Matthew Acuna\curseforge\minecraft\Instances\Oscillation\saves\phighting\serverconfig\pehkui-server.toml is not correct. Correcting
[00:13:31] [Server thread/WARN]: Incorrect key server was corrected from null to its default, SimpleCommentedConfig:{}. 
[00:13:31] [Server thread/WARN]: Incorrect key server.scale_limits was corrected from null to its default, SimpleCommentedConfig:{}. 
[00:13:31] [Server thread/WARN]: Incorrect key server.scale_limits.base was corrected from null to its default, SimpleCommentedConfig:{}. 
[00:13:31] [Server thread/WARN]: Incorrect key server.scale_limits.base.minimum was corrected from null to its default, 1.2621774483536189E-29. 
[00:13:31] [Server thread/WARN]: Incorrect key server.scale_limits.base.maximum was corrected from null to its default, 3.4028234663852886E38. 
[00:13:31] [Server thread/WARN]: Incorrect key server.scale_limits.width was corrected from null to its default, SimpleCommentedConfig:{}. 
[00:13:31] [Server thread/WARN]: Incorrect key server.scale_limits.width.minimum was corrected from null to its default, 1.2621774483536189E-29. 
[00:13:31] [Server thread/WARN]: Incorrect key server.scale_limits.width.maximum was corrected from null to its default, 3.4028234663852886E38. 
[00:13:31] [Server thread/WARN]: Incorrect key server.scale_limits.height was corrected from null to its default, SimpleCommentedConfig:{}. 
[00:13:31] [Server thread/WARN]: Incorrect key server.scale_limits.height.minimum was corrected from null to its default, 1.2621774483536189E-29. 
[00:13:31] [Server thread/WARN]: Incorrect key server.scale_limits.height.maximum was corrected from null to its default, 3.4028234663852886E38. 
[00:13:31] [Server thread/WARN]: Incorrect key server.scale_limits.eye_height was corrected from null to its default, SimpleCommentedConfig:{}. 
[00:13:31] [Server thread/WARN]: Incorrect key server.scale_limits.eye_height.minimum was corrected from null to its default, 1.2621774483536189E-29. 
[00:13:31] [Server thread/WARN]: Incorrect key server.scale_limits.eye_height.maximum was corrected from null to its default, 3.4028234663852886E38. 
[00:13:31] [Server thread/WARN]: Incorrect key server.scale_limits.hitbox_width was corrected from null to its default, SimpleCommentedConfig:{}. 
[00:13:31] [Server thread/WARN]: Incorrect key server.scale_limits.hitbox_width.minimum was corrected from null to its default, 1.2621774483536189E-29. 
[00:13:31] [Server thread/WARN]: Incorrect key server.scale_limits.hitbox_width.maximum was corrected from null to its default, 3.4028234663852886E38. 
[00:13:31] [Server thread/WARN]: Incorrect key server.scale_limits.hitbox_height was corrected from null to its default, SimpleCommentedConfig:{}. 
[00:13:31] [Server thread/WARN]: Incorrect key server.scale_limits.hitbox_height.minimum was corrected from null to its default, 1.2621774483536189E-29. 
[00:13:31] [Server thread/WARN]: Incorrect key server.scale_limits.hitbox_height.maximum was corrected from null to its default, 3.4028234663852886E38. 
[00:13:31] [Server thread/WARN]: Incorrect key server.scale_limits.interaction_box_width was corrected from null to its default, SimpleCommentedConfig:{}. 
[00:13:31] [Server thread/WARN]: Incorrect key server.scale_limits.interaction_box_width.minimum was corrected from null to its default, 1.401298464324817E-45. 
[00:13:31] [Server thread/WARN]: Incorrect key server.scale_limits.interaction_box_width.maximum was corrected from null to its default, 3.4028234663852886E38. 
[00:13:31] [Server thread/WARN]: Incorrect key server.scale_limits.interaction_box_height was corrected from null to its default, SimpleCommentedConfig:{}. 
[00:13:31] [Server thread/WARN]: Incorrect key server.scale_limits.interaction_box_height.minimum was corrected from null to its default, 1.401298464324817E-45. 
[00:13:31] [Server thread/WARN]: Incorrect key server.scale_limits.interaction_box_height.maximum was corrected from null to its default, 3.4028234663852886E38. 
[00:13:31] [Server thread/WARN]: Incorrect key server.scale_limits.model_width was corrected from null to its default, SimpleCommentedConfig:{}. 
[00:13:31] [Server thread/WARN]: Incorrect key server.scale_limits.model_width.minimum was corrected from null to its default, 1.401298464324817E-45. 
[00:13:31] [Server thread/WARN]: Incorrect key server.scale_limits.model_width.maximum was corrected from null to its default, 3.4028234663852886E38. 
[00:13:31] [Server thread/WARN]: Incorrect key server.scale_limits.model_height was corrected from null to its default, SimpleCommentedConfig:{}. 
[00:13:31] [Server thread/WARN]: Incorrect key server.scale_limits.model_height.minimum was corrected from null to its default, 1.401298464324817E-45. 
[00:13:31] [Server thread/WARN]: Incorrect key server.scale_limits.model_height.maximum was corrected from null to its default, 3.4028234663852886E38. 
[00:13:31] [Server thread/WARN]: Incorrect key server.scale_limits.third_person was corrected from null to its default, SimpleCommentedConfig:{}. 
[00:13:31] [Server thread/WARN]: Incorrect key server.scale_limits.third_person.minimum was corrected from null to its default, 1.401298464324817E-45. 
[00:13:31] [Server thread/WARN]: Incorrect key server.scale_limits.third_person.maximum was corrected from null to its default, 3.4028234663852886E38. 
[00:13:31] [Server thread/WARN]: Incorrect key server.scale_limits.motion was corrected from null to its default, SimpleCommentedConfig:{}. 
[00:13:31] [Server thread/WARN]: Incorrect key server.scale_limits.motion.minimum was corrected from null to its default, 1.401298464324817E-45. 
[00:13:31] [Server thread/WARN]: Incorrect key server.scale_limits.motion.maximum was corrected from null to its default, 3.4028234663852886E38. 
[00:13:31] [Server thread/WARN]: Incorrect key server.scale_limits.falling was corrected from null to its default, SimpleCommentedConfig:{}. 
[00:13:31] [Server thread/WARN]: Incorrect key server.scale_limits.falling.minimum was corrected from null to its default, 1.401298464324817E-45. 
[00:13:31] [Server thread/WARN]: Incorrect key server.scale_limits.falling.maximum was corrected from null to its default, 3.4028234663852886E38. 
[00:13:31] [Server thread/WARN]: Incorrect key server.scale_limits.step_height was corrected from null to its default, SimpleCommentedConfig:{}. 
[00:13:31] [Server thread/WARN]: Incorrect key server.scale_limits.step_height.minimum was corrected from null to its default, 1.401298464324817E-45. 
[00:13:31] [Server thread/WARN]: Incorrect key server.scale_limits.step_height.maximum was corrected from null to its default, 3.4028234663852886E38. 
[00:13:31] [Server thread/WARN]: Incorrect key server.scale_limits.view_bobbing was corrected from null to its default, SimpleCommentedConfig:{}. 
[00:13:31] [Server thread/WARN]: Incorrect key server.scale_limits.view_bobbing.minimum was corrected from null to its default, 1.401298464324817E-45. 
[00:13:31] [Server thread/WARN]: Incorrect key server.scale_limits.view_bobbing.maximum was corrected from null to its default, 3.4028234663852886E38. 
[00:13:31] [Server thread/WARN]: Incorrect key server.scale_limits.visibility was corrected from null to its default, SimpleCommentedConfig:{}. 
[00:13:31] [Server thread/WARN]: Incorrect key server.scale_limits.visibility.minimum was corrected from null to its default, 1.401298464324817E-45. 
[00:13:31] [Server thread/WARN]: Incorrect key server.scale_limits.visibility.maximum was corrected from null to its default, 3.4028234663852886E38. 
[00:13:31] [Server thread/WARN]: Incorrect key server.scale_limits.jump_height was corrected from null to its default, SimpleCommentedConfig:{}. 
[00:13:31] [Server thread/WARN]: Incorrect key server.scale_limits.jump_height.minimum was corrected from null to its default, 1.401298464324817E-45. 
[00:13:31] [Server thread/WARN]: Incorrect key server.scale_limits.jump_height.maximum was corrected from null to its default, 3.4028234663852886E38. 
[00:13:31] [Server thread/WARN]: Incorrect key server.scale_limits.flight was corrected from null to its default, SimpleCommentedConfig:{}. 
[00:13:31] [Server thread/WARN]: Incorrect key server.scale_limits.flight.minimum was corrected from null to its default, 1.401298464324817E-45. 
[00:13:31] [Server thread/WARN]: Incorrect key server.scale_limits.flight.maximum was corrected from null to its default, 3.4028234663852886E38. 
[00:13:31] [Server thread/WARN]: Incorrect key server.scale_limits.reach was corrected from null to its default, SimpleCommentedConfig:{}. 
[00:13:31] [Server thread/WARN]: Incorrect key server.scale_limits.reach.minimum was corrected from null to its default, 1.401298464324817E-45. 
[00:13:31] [Server thread/WARN]: Incorrect key server.scale_limits.reach.maximum was corrected from null to its default, 3.4028234663852886E38. 
[00:13:31] [Server thread/WARN]: Incorrect key server.scale_limits.block_reach was corrected from null to its default, SimpleCommentedConfig:{}. 
[00:13:31] [Server thread/WARN]: Incorrect key server.scale_limits.block_reach.minimum was corrected from null to its default, 1.401298464324817E-45. 
[00:13:31] [Server thread/WARN]: Incorrect key server.scale_limits.block_reach.maximum was corrected from null to its default, 3.4028234663852886E38. 
[00:13:31] [Server thread/WARN]: Incorrect key server.scale_limits.entity_reach was corrected from null to its default, SimpleCommentedConfig:{}. 
[00:13:31] [Server thread/WARN]: Incorrect key server.scale_limits.entity_reach.minimum was corrected from null to its default, 1.401298464324817E-45. 
[00:13:31] [Server thread/WARN]: Incorrect key server.scale_limits.entity_reach.maximum was corrected from null to its default, 3.4028234663852886E38. 
[00:13:31] [Server thread/WARN]: Incorrect key server.scale_limits.mining_speed was corrected from null to its default, SimpleCommentedConfig:{}. 
[00:13:31] [Server thread/WARN]: Incorrect key server.scale_limits.mining_speed.minimum was corrected from null to its default, 1.401298464324817E-45. 
[00:13:31] [Server thread/WARN]: Incorrect key server.scale_limits.mining_speed.maximum was corrected from null to its default, 3.4028234663852886E38. 
[00:13:31] [Server thread/WARN]: Incorrect key server.scale_limits.attack_speed was corrected from null to its default, SimpleCommentedConfig:{}. 
[00:13:31] [Server thread/WARN]: Incorrect key server.scale_limits.attack_speed.minimum was corrected from null to its default, 1.401298464324817E-45. 
[00:13:31] [Server thread/WARN]: Incorrect key server.scale_limits.attack_speed.maximum was corrected from null to its default, 3.4028234663852886E38. 
[00:13:31] [Server thread/WARN]: Incorrect key server.scale_limits.knockback was corrected from null to its default, SimpleCommentedConfig:{}. 
[00:13:31] [Server thread/WARN]: Incorrect key server.scale_limits.knockback.minimum was corrected from null to its default, 1.401298464324817E-45. 
[00:13:31] [Server thread/WARN]: Incorrect key server.scale_limits.knockback.maximum was corrected from null to its default, 3.4028234663852886E38. 
[00:13:31] [Server thread/WARN]: Incorrect key server.scale_limits.attack was corrected from null to its default, SimpleCommentedConfig:{}. 
[00:13:31] [Server thread/WARN]: Incorrect key server.scale_limits.attack.minimum was corrected from null to its default, 1.401298464324817E-45. 
[00:13:31] [Server thread/WARN]: Incorrect key server.scale_limits.attack.maximum was corrected from null to its default, 3.4028234663852886E38. 
[00:13:31] [Server thread/WARN]: Incorrect key server.scale_limits.defense was corrected from null to its default, SimpleCommentedConfig:{}. 
[00:13:31] [Server thread/WARN]: Incorrect key server.scale_limits.defense.minimum was corrected from null to its default, 1.401298464324817E-45. 
[00:13:31] [Server thread/WARN]: Incorrect key server.scale_limits.defense.maximum was corrected from null to its default, 3.4028234663852886E38. 
[00:13:31] [Server thread/WARN]: Incorrect key server.scale_limits.health was corrected from null to its default, SimpleCommentedConfig:{}. 
[00:13:31] [Server thread/WARN]: Incorrect key server.scale_limits.health.minimum was corrected from null to its default, 1.401298464324817E-45. 
[00:13:31] [Server thread/WARN]: Incorrect key server.scale_limits.health.maximum was corrected from null to its default, 3.4028234663852886E38. 
[00:13:31] [Server thread/WARN]: Incorrect key server.scale_limits.drops was corrected from null to its default, SimpleCommentedConfig:{}. 
[00:13:31] [Server thread/WARN]: Incorrect key server.scale_limits.drops.minimum was corrected from null to its default, 1.401298464324817E-45. 
[00:13:31] [Server thread/WARN]: Incorrect key server.scale_limits.drops.maximum was corrected from null to its default, 3.4028234663852886E38. 
[00:13:31] [Server thread/WARN]: Incorrect key server.scale_limits.held_item was corrected from null to its default, SimpleCommentedConfig:{}. 
[00:13:31] [Server thread/WARN]: Incorrect key server.scale_limits.held_item.minimum was corrected from null to its default, 1.401298464324817E-45. 
[00:13:31] [Server thread/WARN]: Incorrect key server.scale_limits.held_item.maximum was corrected from null to its default, 3.4028234663852886E38. 
[00:13:31] [Server thread/WARN]: Incorrect key server.scale_limits.projectiles was corrected from null to its default, SimpleCommentedConfig:{}. 
[00:13:31] [Server thread/WARN]: Incorrect key server.scale_limits.projectiles.minimum was corrected from null to its default, 1.401298464324817E-45. 
[00:13:31] [Server thread/WARN]: Incorrect key server.scale_limits.projectiles.maximum was corrected from null to its default, 3.4028234663852886E38. 
[00:13:31] [Server thread/WARN]: Incorrect key server.scale_limits.explosions was corrected from null to its default, SimpleCommentedConfig:{}. 
[00:13:31] [Server thread/WARN]: Incorrect key server.scale_limits.explosions.minimum was corrected from null to its default, 1.401298464324817E-45. 
[00:13:31] [Server thread/WARN]: Incorrect key server.scale_limits.explosions.maximum was corrected from null to its default, 3.4028234663852886E38. 
[00:13:31] [Server thread/WARN]: Configuration file C:\Users\Matthew Acuna\curseforge\minecraft\Instances\Oscillation\saves\phighting\serverconfig\block_factorys_bosses-server.toml is not correct. Correcting
[00:13:31] [Server thread/WARN]: Incorrect key Boss Health was corrected from null to its default, SimpleCommentedConfig:{}. 
[00:13:31] [Server thread/WARN]: Incorrect key Boss Health.Sandworm Health was corrected from null to its default, 200.0. 
[00:13:31] [Server thread/WARN]: Incorrect key Boss Health.Yeti Health was corrected from null to its default, 250.0. 
[00:13:31] [Server thread/WARN]: Incorrect key Boss Health.Dragon Health was corrected from null to its default, 250.0. 
[00:13:31] [Server thread/WARN]: Incorrect key Boss Health.Knight Health was corrected from null to its default, 280.0. 
[00:13:31] [Server thread/WARN]: Incorrect key Boss Health.Kraken Health was corrected from null to its default, 500.0. 
[00:13:31] [Server thread/WARN]: Incorrect key Boss Armor was corrected from null to its default, SimpleCommentedConfig:{}. 
[00:13:31] [Server thread/WARN]: Incorrect key Boss Armor.Sandworm Armor was corrected from null to its default, 20.0. 
[00:13:31] [Server thread/WARN]: Incorrect key Boss Armor.Yeti Armor was corrected from null to its default, 5.0. 
[00:13:31] [Server thread/WARN]: Incorrect key Boss Armor.Dragon Armor was corrected from null to its default, 25.0. 
[00:13:31] [Server thread/WARN]: Incorrect key Boss Armor.Knight Armor was corrected from null to its default, 10.0. 
[00:13:31] [Server thread/WARN]: Incorrect key Boss Armor.Kraken Armor was corrected from null to its default, 20.0. 
[00:13:31] [Server thread/WARN]: Incorrect key Base Boss Damages was corrected from null to its default, SimpleCommentedConfig:{}. 
[00:13:31] [Server thread/WARN]: Incorrect key Base Boss Damages.Sandworm Damage was corrected from null to its default, 10.0. 
[00:13:31] [Server thread/WARN]: Incorrect key Base Boss Damages.Yeti Damage was corrected from null to its default, 18.0. 
[00:13:31] [Server thread/WARN]: Incorrect key Base Boss Damages.Dragon Damage was corrected from null to its default, 15.0. 
[00:13:31] [Server thread/WARN]: Incorrect key Base Boss Damages.Knight Damage was corrected from null to its default, 13.0. 
[00:13:31] [Server thread/WARN]: Incorrect key Base Boss Damages.Kraken Damage was corrected from null to its default, 10.0. 
[00:13:31] [Server thread/WARN]: Incorrect key Gameplay Changes was corrected from null to its default, SimpleCommentedConfig:{}. 
[00:13:31] [Server thread/WARN]: Incorrect key Gameplay Changes.Can players use the Roll ability was corrected from null to its default, true. 
[00:13:31] [Server thread/WARN]: Incorrect key Gameplay Changes.How many roll charges does the player have by default? was corrected from null to its default, 2. 
[00:13:31] [Server thread/WARN]: Incorrect key Gameplay Changes.How many ticks does it take for a roll to cooldown? (20 ticks is 1 second) was corrected from null to its default, 40. 
[00:13:31] [Server thread/WARN]: Incorrect key Gameplay Changes.How many additional ticks should each roll above 1 take to cooldown? (20 ticks is 1 second) was corrected from null to its default, 20. 
[00:13:31] [Server thread/WARN]: Configuration file C:\Users\Matthew Acuna\curseforge\minecraft\Instances\Oscillation\saves\phighting\serverconfig\forge-server.toml is not correct. Correcting
[00:13:31] [Server thread/WARN]: Incorrect key server was corrected from null to its default, SimpleCommentedConfig:{}. 
[00:13:31] [Server thread/WARN]: Incorrect key server.removeErroringBlockEntities was corrected from null to its default, false. 
[00:13:31] [Server thread/WARN]: Incorrect key server.removeErroringEntities was corrected from null to its default, false. 
[00:13:31] [Server thread/WARN]: Incorrect key server.fullBoundingBoxLadders was corrected from null to its default, false. 
[00:13:31] [Server thread/WARN]: Incorrect key server.zombieBaseSummonChance was corrected from null to its default, 0.1. 
[00:13:31] [Server thread/WARN]: Incorrect key server.zombieBabyChance was corrected from null to its default, 0.05. 
[00:13:31] [Server thread/WARN]: Incorrect key server.permissionHandler was corrected from null to its default, forge:default_handler. 
[00:13:31] [Server thread/WARN]: Incorrect key server.advertiseDedicatedServerToLan was corrected from null to its default, true. 
[00:13:31] [Server thread/WARN]: Incorrect key server.useItemWithDurationZero was corrected from null to its default, false. 
[00:13:31] [Server thread/WARN]: Configuration file C:\Users\Matthew Acuna\curseforge\minecraft\Instances\Oscillation\saves\phighting\serverconfig\cofh_core-server.toml is not correct. Correcting
[00:13:31] [Server thread/WARN]: Incorrect key Commands was corrected from null to its default, SimpleCommentedConfig:{}. 
[00:13:31] [Server thread/WARN]: Incorrect key Commands.Crafting Permission Level was corrected from null to its default, 2. 
[00:13:31] [Server thread/WARN]: Incorrect key Commands.EnderChest Permission Level was corrected from null to its default, 2. 
[00:13:31] [Server thread/WARN]: Incorrect key Commands.Heal Permission Level was corrected from null to its default, 2. 
[00:13:31] [Server thread/WARN]: Incorrect key Commands.Ignite Permission Level was corrected from null to its default, 2. 
[00:13:31] [Server thread/WARN]: Incorrect key Commands.Repair Permission Level was corrected from null to its default, 2. 
[00:13:31] [Server thread/WARN]: Incorrect key Enchantments was corrected from null to its default, SimpleCommentedConfig:{}. 
[00:13:31] [Server thread/WARN]: Incorrect key Enchantments.Improved Feather Falling was corrected from null to its default, true. 
[00:13:31] [Server thread/WARN]: Incorrect key Enchantments.Improved Mending was corrected from null to its default, true. 
[00:13:31] [Server thread/WARN]: Incorrect key Enchantments.Holding was corrected from null to its default, SimpleCommentedConfig:{}. 
[00:13:31] [Server thread/WARN]: Incorrect key Enchantments.Holding.Enable was corrected from null to its default, true. 
[00:13:31] [Server thread/WARN]: Incorrect key Enchantments.Holding.Treasure was corrected from null to its default, false. 
[00:13:31] [Server thread/WARN]: Incorrect key Enchantments.Holding.Max Level was corrected from null to its default, 4. 
[00:13:31] [Server thread/WARN]: Configuration file C:\Users\Matthew Acuna\curseforge\minecraft\Instances\Oscillation\saves\phighting\serverconfig\biomancy-server.toml is not correct. Correcting
[00:13:31] [Server thread/WARN]: Incorrect key recipes was corrected from null to its default, SimpleCommentedConfig:{}. 
[00:13:31] [Server thread/WARN]: Incorrect key recipes.doBioForgeRecipeProgression was corrected from null to its default, false. 
[00:13:31] [Server thread/WARN]: Incorrect key trades was corrected from null to its default, SimpleCommentedConfig:{}. 
[00:13:31] [Server thread/WARN]: Incorrect key trades.addTradesToVillagers was corrected from null to its default, true. 
[00:13:31] [Server thread/WARN]: Incorrect key trades.addTradesToWanderingTrader was corrected from null to its default, true. 
[00:13:31] [Server thread/WARN]: Incorrect key flesh-growth was corrected from null to its default, SimpleCommentedConfig:{}. 
[00:13:31] [Server thread/WARN]: Incorrect key flesh-growth.primalEnergySupplyOfCradle was corrected from null to its default, LIMITED. 
[00:13:31] [Server thread/WARN]: Configuration file C:\Users\Matthew Acuna\curseforge\minecraft\Instances\Oscillation\saves\phighting\serverconfig\chunkactivitytracker-server.toml is not correct. Correcting
[00:13:31] [Server thread/WARN]: Incorrect key Store Heightmap Info was corrected from null to its default, false. 
[00:13:31] [Server thread/WARN]: Configuration file C:\Users\Matthew Acuna\curseforge\minecraft\Instances\Oscillation\saves\phighting\serverconfig\irons_spellbooks-server.toml is not correct. Correcting
[00:13:31] [Server thread/WARN]: Incorrect key Blocks was corrected from null to its default, SimpleCommentedConfig:{}. 
[00:13:31] [Server thread/WARN]: Incorrect key Blocks.portalFrameRestrictDye was corrected from null to its default, true. 
[00:13:31] [Server thread/WARN]: Incorrect key Blocks.portalFrameRestrictBreaking was corrected from null to its default, false. 
[00:13:31] [Server thread/WARN]: Incorrect key Misc was corrected from null to its default, SimpleCommentedConfig:{}. 
[00:13:31] [Server thread/WARN]: Incorrect key Misc.rarityConfig was corrected from null to its default, [0.3, 0.25, 0.2, 0.15, 0.1]. 
[00:13:31] [Server thread/WARN]: Incorrect key Misc.swordsConsumeMana was corrected from null to its default, true. 
[00:13:31] [Server thread/WARN]: Incorrect key Misc.swordsCooldownMultiplier was corrected from null to its default, 0.5. 
[00:13:31] [Server thread/WARN]: Incorrect key Misc.canAttackOwnSummons was corrected from null to its default, false. 
[00:13:31] [Server thread/WARN]: Incorrect key Misc.maxUpgrades was corrected from null to its default, 3. 
[00:13:31] [Server thread/WARN]: Incorrect key Misc.manaSpawnPercent was corrected from null to its default, 0.0. 
[00:13:31] [Server thread/WARN]: Incorrect key Misc.scrollRecycleChance was corrected from null to its default, 0.5. 
[00:13:31] [Server thread/WARN]: Incorrect key Misc.allowCauldronBrewing was corrected from null to its default, true. 
[00:13:31] [Server thread/WARN]: Incorrect key Misc.furledMapSkipsExistingChunks was corrected from null to its default, true. 
[00:13:31] [Server thread/WARN]: Incorrect key Misc.applyAllMultihandAttributes was corrected from null to its default, true. 
[00:13:31] [Server thread/WARN]: Incorrect key Misc.betterCreeperThunderHit was corrected from null to its default, true. 
[00:13:31] [Server thread/WARN]: Incorrect key Misc.spellGriefing was corrected from null to its default, false. 
[00:13:31] [Server thread/WARN]: Incorrect key Misc.additionalWanderingTraderTrades was corrected from null to its default, true. 
[00:13:31] [Server thread/WARN]: Incorrect key Misc.disableAdventureModeCasting was corrected from null to its default, false. 
[00:13:31] [Server thread/WARN]: Incorrect key Misc.hoglinOffspringProtection was corrected from null to its default, true. 
[00:13:31] [Server thread/WARN]: Incorrect key Misc.manaRegenMultiplier was corrected from null to its default, 1.0. 
[00:13:31] [Server thread/WARN]: Incorrect key Misc.scrollMerging was corrected from null to its default, true. 
[00:13:31] [Server thread/WARN]: Incorrect key Misc.creativeMana was corrected from null to its default, false. 
[00:13:31] [Server thread/WARN]: Incorrect key Misc.creativeCooldowns was corrected from null to its default, false. 
[00:13:31] [Server thread/WARN]: Incorrect key Upgrade Overrides was corrected from null to its default, SimpleCommentedConfig:{}. 
[00:13:31] [Server thread/WARN]: Incorrect key Upgrade Overrides.upgradeWhitelist was corrected from null to its default, []. 
[00:13:31] [Server thread/WARN]: Incorrect key Upgrade Overrides.upgradeBlacklist was corrected from null to its default, []. 
[00:13:31] [Server thread/WARN]: Incorrect key Imbue Overrides was corrected from null to its default, SimpleCommentedConfig:{}. 
[00:13:31] [Server thread/WARN]: Incorrect key Imbue Overrides.imbueWhitelist was corrected from null to its default, []. 
[00:13:31] [Server thread/WARN]: Incorrect key Imbue Overrides.imbueBlacklist was corrected from null to its default, []. 
[00:13:31] [Server thread/WARN]: Incorrect key Worldgen was corrected from null to its default, SimpleCommentedConfig:{}. 
[00:13:31] [Server thread/WARN]: Incorrect key Worldgen.priestHouseWeight was corrected from null to its default, 4. 
[00:13:31] [Server thread/WARN]: Incorrect key Worldgen.aquiferDetection was corrected from null to its default, true. 
[00:13:31] [Server thread/WARN]: Incorrect key Worldgen.iceSpiderPatrols was corrected from null to its default, true. 
[00:13:31] [Server thread/WARN]: Incorrect key Boss Config was corrected from null to its default, SimpleCommentedConfig:{}. 
[00:13:31] [Server thread/WARN]: Incorrect key Boss Config.Tyros was corrected from null to its default, SimpleCommentedConfig:{}. 
[00:13:31] [Server thread/WARN]: Incorrect key Boss Config.Tyros.additionalHealth was corrected from null to its default, 0.0. 
[00:13:31] [Server thread/WARN]: Incorrect key Boss Config.Tyros.additionalAttackDamage was corrected from null to its default, 0.0. 
[00:13:31] [Server thread/WARN]: Incorrect key Boss Config.Tyros.additionalSpellPower was corrected from null to its default, 0.0. 
[00:13:31] [Server thread/WARN]: Incorrect key Boss Config.Tyros.tyrosOminousEnabled was corrected from null to its default, false. 
[00:13:31] [Server thread/WARN]: Incorrect key Boss Config.Dead King was corrected from null to its default, SimpleCommentedConfig:{}. 
[00:13:31] [Server thread/WARN]: Incorrect key Boss Config.Dead King.additionalHealth was corrected from null to its default, 0.0. 
[00:13:31] [Server thread/WARN]: Incorrect key Boss Config.Dead King.additionalAttackDamage was corrected from null to its default, 0.0. 
[00:13:31] [Server thread/WARN]: Incorrect key Boss Config.Dead King.additionalSpellPower was corrected from null to its default, 0.0. 
[00:13:31] [Server thread/WARN]: Configuration file C:\Users\Matthew Acuna\curseforge\minecraft\Instances\Oscillation\saves\phighting\serverconfig\thermal-server.toml is not correct. Correcting
[00:13:31] [Server thread/WARN]: Incorrect key Global Options was corrected from null to its default, SimpleCommentedConfig:{}. 
[00:13:31] [Server thread/WARN]: Incorrect key Global Options.Standalone Redstone Flux was corrected from null to its default, false. 
[00:13:31] [Server thread/WARN]: Incorrect key Global Options.Blocks Retain Energy was corrected from null to its default, true. 
[00:13:31] [Server thread/WARN]: Incorrect key Global Options.Blocks Retain Inventory was corrected from null to its default, false. 
[00:13:31] [Server thread/WARN]: Incorrect key Global Options.Blocks Retain Tank Contents was corrected from null to its default, false. 
[00:13:31] [Server thread/WARN]: Incorrect key Global Options.Blocks Retain Augments was corrected from null to its default, true. 
[00:13:31] [Server thread/WARN]: Incorrect key Global Options.Blocks Retain Redstone Control was corrected from null to its default, true. 
[00:13:31] [Server thread/WARN]: Incorrect key Global Options.Blocks Retain Side Configuration was corrected from null to its default, true. 
[00:13:31] [Server thread/WARN]: Incorrect key Global Options.Blocks Retain Transfer Control was corrected from null to its default, true. 
[00:13:31] [Server thread/WARN]: Incorrect key Tools was corrected from null to its default, SimpleCommentedConfig:{}. 
[00:13:31] [Server thread/WARN]: Incorrect key Tools.Satchel was corrected from null to its default, SimpleCommentedConfig:{}. 
[00:13:31] [Server thread/WARN]: Incorrect key Tools.Satchel.Denylist was corrected from null to its default, [thermal:satchel, minecraft:shulker_box, minecraft:white_shulker_box, minecraft:orange_shulker_box, minecraft:magenta_shulker_box, minecraft:light_blue_shulker_box, minecraft:yellow_shulker_box, minecraft:lime_shulker_box, minecraft:pink_shulker_box, minecraft:gray_shulker_box, minecraft:light_gray_shulker_box, minecraft:cyan_shulker_box, minecraft:purple_shulker_box, minecraft:blue_shulker_box, minecraft:brown_shulker_box, minecraft:green_shulker_box, minecraft:red_shulker_box, minecraft:black_shulker_box]. 
[00:13:31] [Server thread/WARN]: Incorrect key Mobs was corrected from null to its default, SimpleCommentedConfig:{}. 
[00:13:31] [Server thread/WARN]: Incorrect key Mobs.Basalz was corrected from null to its default, true. 
[00:13:31] [Server thread/WARN]: Incorrect key Mobs.Blitz was corrected from null to its default, true. 
[00:13:31] [Server thread/WARN]: Incorrect key Mobs.Blizz was corrected from null to its default, true. 
[00:13:31] [Server thread/WARN]: Incorrect key Mobs.Blitz Lightning was corrected from null to its default, true. 
[00:13:31] [Server thread/WARN]: Incorrect key Augments was corrected from null to its default, SimpleCommentedConfig:{}. 
[00:13:31] [Server thread/WARN]: Incorrect key Augments.Default Side Reconfiguration was corrected from null to its default, true. 
[00:13:31] [Server thread/WARN]: Incorrect key Augments.Default Redstone Control was corrected from null to its default, true. 
[00:13:31] [Server thread/WARN]: Incorrect key Augments.Default XP Storage was corrected from null to its default, false. 
[00:13:31] [Server thread/WARN]: Incorrect key Villagers was corrected from null to its default, SimpleCommentedConfig:{}. 
[00:13:31] [Server thread/WARN]: Incorrect key Villagers.Enable Villager Trades was corrected from null to its default, true. 
[00:13:31] [Server thread/WARN]: Incorrect key Villagers.Enable Wandering Trader Trades was corrected from null to its default, true. 
[00:13:31] [Server thread/WARN]: Incorrect key Devices was corrected from null to its default, SimpleCommentedConfig:{}. 
[00:13:31] [Server thread/WARN]: Incorrect key Devices.TreeExtractor was corrected from null to its default, SimpleCommentedConfig:{}. 
[00:13:31] [Server thread/WARN]: Incorrect key Devices.TreeExtractor.Time Constant was corrected from null to its default, 500. 
[00:13:31] [Server thread/WARN]: Incorrect key Devices.Composter was corrected from null to its default, SimpleCommentedConfig:{}. 
[00:13:31] [Server thread/WARN]: Incorrect key Devices.Composter.Time Constant was corrected from null to its default, 120. 
[00:13:31] [Server thread/WARN]: Incorrect key Devices.Composter.Particles was corrected from null to its default, true. 
[00:13:31] [Server thread/WARN]: Incorrect key Devices.Fisher was corrected from null to its default, SimpleCommentedConfig:{}. 
[00:13:31] [Server thread/WARN]: Incorrect key Devices.Fisher.Time Constant was corrected from null to its default, 4800. 
[00:13:31] [Server thread/WARN]: Incorrect key Devices.Fisher.Water Source Time Constant Reduction was corrected from null to its default, 20. 
[00:13:31] [Server thread/WARN]: Incorrect key Devices.Fisher.Particles was corrected from null to its default, true. 
[00:13:31] [Server thread/WARN]: Incorrect key Recipes was corrected from null to its default, SimpleCommentedConfig:{}. 
[00:13:31] [Server thread/WARN]: Incorrect key Recipes.Furnace was corrected from null to its default, SimpleCommentedConfig:{}. 
[00:13:31] [Server thread/WARN]: Incorrect key Recipes.Furnace.Energy Multiplier was corrected from null to its default, 1.0. 
[00:13:31] [Server thread/WARN]: Incorrect key Recipes.Sawmill was corrected from null to its default, SimpleCommentedConfig:{}. 
[00:13:31] [Server thread/WARN]: Incorrect key Recipes.Sawmill.Default Log Recipes was corrected from null to its default, true. 
[00:13:31] [Server thread/WARN]: Incorrect key Recipes.Sawmill.Energy Multiplier was corrected from null to its default, 1.0. 
[00:13:31] [Server thread/WARN]: Incorrect key Recipes.Pulverizer was corrected from null to its default, SimpleCommentedConfig:{}. 
[00:13:31] [Server thread/WARN]: Incorrect key Recipes.Pulverizer.Default Furnace-Based Recipes was corrected from null to its default, true. 
[00:13:31] [Server thread/WARN]: Incorrect key Recipes.Pulverizer.Energy Multiplier was corrected from null to its default, 1.0. 
[00:13:31] [Server thread/WARN]: Incorrect key Recipes.Smelter was corrected from null to its default, SimpleCommentedConfig:{}. 
[00:13:31] [Server thread/WARN]: Incorrect key Recipes.Smelter.Default Furnace-Based Recipes was corrected from null to its default, true. 
[00:13:31] [Server thread/WARN]: Incorrect key Recipes.Smelter.Energy Multiplier was corrected from null to its default, 1.0. 
[00:13:31] [Server thread/WARN]: Incorrect key Recipes.Insolator was corrected from null to its default, SimpleCommentedConfig:{}. 
[00:13:31] [Server thread/WARN]: Incorrect key Recipes.Insolator.Energy Multiplier was corrected from null to its default, 1.0. 
[00:13:31] [Server thread/WARN]: Incorrect key Recipes.Centrifuge was corrected from null to its default, SimpleCommentedConfig:{}. 
[00:13:31] [Server thread/WARN]: Incorrect key Recipes.Centrifuge.Energy Multiplier was corrected from null to its default, 1.0. 
[00:13:31] [Server thread/WARN]: Incorrect key Recipes.Press was corrected from null to its default, SimpleCommentedConfig:{}. 
[00:13:31] [Server thread/WARN]: Incorrect key Recipes.Press.Energy Multiplier was corrected from null to its default, 1.0. 
[00:13:31] [Server thread/WARN]: Incorrect key Recipes.Crucible was corrected from null to its default, SimpleCommentedConfig:{}. 
[00:13:31] [Server thread/WARN]: Incorrect key Recipes.Crucible.Energy Multiplier was corrected from null to its default, 1.0. 
[00:13:31] [Server thread/WARN]: Incorrect key Recipes.Chiller was corrected from null to its default, SimpleCommentedConfig:{}. 
[00:13:31] [Server thread/WARN]: Incorrect key Recipes.Chiller.Energy Multiplier was corrected from null to its default, 1.0. 
[00:13:31] [Server thread/WARN]: Incorrect key Recipes.Refinery was corrected from null to its default, SimpleCommentedConfig:{}. 
[00:13:31] [Server thread/WARN]: Incorrect key Recipes.Refinery.Energy Multiplier was corrected from null to its default, 1.0. 
[00:13:31] [Server thread/WARN]: Incorrect key Recipes.Pyrolyzer was corrected from null to its default, SimpleCommentedConfig:{}. 
[00:13:31] [Server thread/WARN]: Incorrect key Recipes.Pyrolyzer.Energy Multiplier was corrected from null to its default, 1.0. 
[00:13:31] [Server thread/WARN]: Incorrect key Recipes.Bottler was corrected from null to its default, SimpleCommentedConfig:{}. 
[00:13:31] [Server thread/WARN]: Incorrect key Recipes.Bottler.Default Bucket Recipes was corrected from null to its default, true. 
[00:13:31] [Server thread/WARN]: Incorrect key Recipes.Bottler.Default Florb Recipes was corrected from null to its default, true. 
[00:13:31] [Server thread/WARN]: Incorrect key Recipes.Bottler.Default Potion Recipes was corrected from null to its default, true. 
[00:13:31] [Server thread/WARN]: Incorrect key Recipes.Bottler.Energy Multiplier was corrected from null to its default, 1.0. 
[00:13:31] [Server thread/WARN]: Incorrect key Recipes.Brewer was corrected from null to its default, SimpleCommentedConfig:{}. 
[00:13:31] [Server thread/WARN]: Incorrect key Recipes.Brewer.Default Potion Recipes was corrected from null to its default, true. 
[00:13:31] [Server thread/WARN]: Incorrect key Recipes.Brewer.Energy Multiplier was corrected from null to its default, 1.0. 
[00:13:31] [Server thread/WARN]: Incorrect key Recipes.Crafter was corrected from null to its default, SimpleCommentedConfig:{}. 
[00:13:31] [Server thread/WARN]: Incorrect key Recipes.Crafter.Energy Multiplier was corrected from null to its default, 1.0. 
[00:13:31] [Server thread/WARN]: Incorrect key Dynamos was corrected from null to its default, SimpleCommentedConfig:{}. 
[00:13:31] [Server thread/WARN]: Incorrect key Dynamos.Stirling was corrected from null to its default, SimpleCommentedConfig:{}. 
[00:13:31] [Server thread/WARN]: Incorrect key Dynamos.Stirling.Base Power was corrected from null to its default, 40. 
[00:13:31] [Server thread/WARN]: Incorrect key Dynamos.Compression was corrected from null to its default, SimpleCommentedConfig:{}. 
[00:13:31] [Server thread/WARN]: Incorrect key Dynamos.Compression.Base Power was corrected from null to its default, 40. 
[00:13:31] [Server thread/WARN]: Incorrect key Dynamos.Magmatic was corrected from null to its default, SimpleCommentedConfig:{}. 
[00:13:31] [Server thread/WARN]: Incorrect key Dynamos.Magmatic.Base Power was corrected from null to its default, 40. 
[00:13:31] [Server thread/WARN]: Incorrect key Dynamos.Numismatic was corrected from null to its default, SimpleCommentedConfig:{}. 
[00:13:31] [Server thread/WARN]: Incorrect key Dynamos.Numismatic.Base Power was corrected from null to its default, 40. 
[00:13:31] [Server thread/WARN]: Incorrect key Dynamos.Lapidary was corrected from null to its default, SimpleCommentedConfig:{}. 
[00:13:31] [Server thread/WARN]: Incorrect key Dynamos.Lapidary.Base Power was corrected from null to its default, 40. 
[00:13:31] [Server thread/WARN]: Incorrect key Dynamos.Disenchantment was corrected from null to its default, SimpleCommentedConfig:{}. 
[00:13:31] [Server thread/WARN]: Incorrect key Dynamos.Disenchantment.Base Power was corrected from null to its default, 40. 
[00:13:31] [Server thread/WARN]: Incorrect key Dynamos.Gourmand was corrected from null to its default, SimpleCommentedConfig:{}. 
[00:13:31] [Server thread/WARN]: Incorrect key Dynamos.Gourmand.Base Power was corrected from null to its default, 40. 
[00:13:31] [Server thread/WARN]: Incorrect key Machines was corrected from null to its default, SimpleCommentedConfig:{}. 
[00:13:31] [Server thread/WARN]: Incorrect key Machines.Furnace was corrected from null to its default, SimpleCommentedConfig:{}. 
[00:13:31] [Server thread/WARN]: Incorrect key Machines.Furnace.Base Power was corrected from null to its default, 20. 
[00:13:31] [Server thread/WARN]: Incorrect key Machines.Sawmill was corrected from null to its default, SimpleCommentedConfig:{}. 
[00:13:31] [Server thread/WARN]: Incorrect key Machines.Sawmill.Base Power was corrected from null to its default, 20. 
[00:13:31] [Server thread/WARN]: Incorrect key Machines.Pulverizer was corrected from null to its default, SimpleCommentedConfig:{}. 
[00:13:31] [Server thread/WARN]: Incorrect key Machines.Pulverizer.Base Power was corrected from null to its default, 20. 
[00:13:31] [Server thread/WARN]: Incorrect key Machines.Smelter was corrected from null to its default, SimpleCommentedConfig:{}. 
[00:13:31] [Server thread/WARN]: Incorrect key Machines.Smelter.Base Power was corrected from null to its default, 20. 
[00:13:31] [Server thread/WARN]: Incorrect key Machines.Insolator was corrected from null to its default, SimpleCommentedConfig:{}. 
[00:13:31] [Server thread/WARN]: Incorrect key Machines.Insolator.Base Power was corrected from null to its default, 20. 
[00:13:31] [Server thread/WARN]: Incorrect key Machines.Centrifuge was corrected from null to its default, SimpleCommentedConfig:{}. 
[00:13:31] [Server thread/WARN]: Incorrect key Machines.Centrifuge.Base Power was corrected from null to its default, 20. 
[00:13:31] [Server thread/WARN]: Incorrect key Machines.Press was corrected from null to its default, SimpleCommentedConfig:{}. 
[00:13:31] [Server thread/WARN]: Incorrect key Machines.Press.Base Power was corrected from null to its default, 20. 
[00:13:31] [Server thread/WARN]: Incorrect key Machines.Crucible was corrected from null to its default, SimpleCommentedConfig:{}. 
[00:13:31] [Server thread/WARN]: Incorrect key Machines.Crucible.Base Power was corrected from null to its default, 80. 
[00:13:31] [Server thread/WARN]: Incorrect key Machines.Chiller was corrected from null to its default, SimpleCommentedConfig:{}. 
[00:13:31] [Server thread/WARN]: Incorrect key Machines.Chiller.Base Power was corrected from null to its default, 20. 
[00:13:31] [Server thread/WARN]: Incorrect key Machines.Refinery was corrected from null to its default, SimpleCommentedConfig:{}. 
[00:13:31] [Server thread/WARN]: Incorrect key Machines.Refinery.Base Power was corrected from null to its default, 20. 
[00:13:31] [Server thread/WARN]: Incorrect key Machines.Pyrolyzer was corrected from null to its default, SimpleCommentedConfig:{}. 
[00:13:31] [Server thread/WARN]: Incorrect key Machines.Pyrolyzer.Base Power was corrected from null to its default, 5. 
[00:13:31] [Server thread/WARN]: Incorrect key Machines.Bottler was corrected from null to its default, SimpleCommentedConfig:{}. 
[00:13:31] [Server thread/WARN]: Incorrect key Machines.Bottler.Base Power was corrected from null to its default, 20. 
[00:13:31] [Server thread/WARN]: Incorrect key Machines.Brewer was corrected from null to its default, SimpleCommentedConfig:{}. 
[00:13:31] [Server thread/WARN]: Incorrect key Machines.Brewer.Base Power was corrected from null to its default, 5. 
[00:13:31] [Server thread/WARN]: Incorrect key Machines.Crafter was corrected from null to its default, SimpleCommentedConfig:{}. 
[00:13:31] [Server thread/WARN]: Incorrect key Machines.Crafter.Base Power was corrected from null to its default, 20. 
[00:13:33] [C2ME worker #2/INFO]: merged 6 surface rules with vanilla rule SequenceRuleSource
[00:13:41] [C2ME worker #3/ERROR]: Detected setBlock in a far chunk [-6, -4], pos: BlockPos{x=-81, y=68, z=-51}, status: minecraft:features, currently generating: ResourceKey[minecraft:worldgen/placed_feature / the_deep_void:giant_skulls]
[00:13:41] [C2ME worker #3/ERROR]: Detected setBlock in a far chunk [-6, -4], pos: BlockPos{x=-81, y=68, z=-52}, status: minecraft:features, currently generating: ResourceKey[minecraft:worldgen/placed_feature / the_deep_void:giant_skulls]
[00:13:41] [C2ME worker #3/ERROR]: Detected setBlock in a far chunk [-6, -4], pos: BlockPos{x=-82, y=68, z=-52}, status: minecraft:features, currently generating: ResourceKey[minecraft:worldgen/placed_feature / the_deep_void:giant_skulls]
[00:13:41] [C2ME worker #3/ERROR]: Detected setBlock in a far chunk [-6, -4], pos: BlockPos{x=-82, y=68, z=-53}, status: minecraft:features, currently generating: ResourceKey[minecraft:worldgen/placed_feature / the_deep_void:giant_skulls]
[00:13:41] [C2ME worker #3/ERROR]: Detected setBlock in a far chunk [-6, -4], pos: BlockPos{x=-81, y=68, z=-54}, status: minecraft:features, currently generating: ResourceKey[minecraft:worldgen/placed_feature / the_deep_void:giant_skulls]
[00:13:41] [C2ME worker #3/ERROR]: Detected setBlock in a far chunk [-6, -4], pos: BlockPos{x=-82, y=68, z=-54}, status: minecraft:features, currently generating: ResourceKey[minecraft:worldgen/placed_feature / the_deep_void:giant_skulls]
[00:13:41] [C2ME worker #3/ERROR]: Detected setBlock in a far chunk [-6, -4], pos: BlockPos{x=-81, y=68, z=-55}, status: minecraft:features, currently generating: ResourceKey[minecraft:worldgen/placed_feature / the_deep_void:giant_skulls]
[00:13:41] [C2ME worker #3/ERROR]: Detected setBlock in a far chunk [-6, -4], pos: BlockPos{x=-82, y=69, z=-52}, status: minecraft:features, currently generating: ResourceKey[minecraft:worldgen/placed_feature / the_deep_void:giant_skulls]
[00:13:41] [C2ME worker #3/ERROR]: Detected setBlock in a far chunk [-6, -4], pos: BlockPos{x=-82, y=69, z=-54}, status: minecraft:features, currently generating: ResourceKey[minecraft:worldgen/placed_feature / the_deep_void:giant_skulls]
[00:13:41] [C2ME worker #3/ERROR]: Detected setBlock in a far chunk [-6, -4], pos: BlockPos{x=-81, y=74, z=-51}, status: minecraft:features, currently generating: ResourceKey[minecraft:worldgen/placed_feature / the_deep_void:giant_skulls]
[00:13:41] [C2ME worker #3/ERROR]: Detected setBlock in a far chunk [-6, -4], pos: BlockPos{x=-81, y=74, z=-55}, status: minecraft:features, currently generating: ResourceKey[minecraft:worldgen/placed_feature / the_deep_void:giant_skulls]
[00:13:41] [C2ME worker #3/ERROR]: Detected setBlock in a far chunk [-6, -4], pos: BlockPos{x=-81, y=75, z=-51}, status: minecraft:features, currently generating: ResourceKey[minecraft:worldgen/placed_feature / the_deep_void:giant_skulls]
[00:13:41] [C2ME worker #3/ERROR]: Detected setBlock in a far chunk [-6, -4], pos: BlockPos{x=-82, y=75, z=-53}, status: minecraft:features, currently generating: ResourceKey[minecraft:worldgen/placed_feature / the_deep_void:giant_skulls]
[00:13:41] [C2ME worker #3/ERROR]: Detected setBlock in a far chunk [-6, -4], pos: BlockPos{x=-81, y=75, z=-55}, status: minecraft:features, currently generating: ResourceKey[minecraft:worldgen/placed_feature / the_deep_void:giant_skulls]
[00:13:41] [C2ME worker #3/ERROR]: Detected setBlock in a far chunk [-6, -4], pos: BlockPos{x=-81, y=76, z=-51}, status: minecraft:features, currently generating: ResourceKey[minecraft:worldgen/placed_feature / the_deep_void:giant_skulls]
[00:13:41] [C2ME worker #3/ERROR]: Detected setBlock in a far chunk [-6, -4], pos: BlockPos{x=-81, y=76, z=-52}, status: minecraft:features, currently generating: ResourceKey[minecraft:worldgen/placed_feature / the_deep_void:giant_skulls]
[00:13:41] [C2ME worker #3/ERROR]: Detected setBlock in a far chunk [-6, -4], pos: BlockPos{x=-82, y=76, z=-52}, status: minecraft:features, currently generating: ResourceKey[minecraft:worldgen/placed_feature / the_deep_void:giant_skulls]
[00:13:41] [C2ME worker #3/ERROR]: Detected setBlock in a far chunk [-6, -4], pos: BlockPos{x=-82, y=76, z=-53}, status: minecraft:features, currently generating: ResourceKey[minecraft:worldgen/placed_feature / the_deep_void:giant_skulls]
[00:13:41] [C2ME worker #3/ERROR]: Detected setBlock in a far chunk [-6, -4], pos: BlockPos{x=-81, y=76, z=-54}, status: minecraft:features, currently generating: ResourceKey[minecraft:worldgen/placed_feature / the_deep_void:giant_skulls]
[00:13:41] [C2ME worker #3/ERROR]: Detected setBlock in a far chunk [-6, -4], pos: BlockPos{x=-82, y=76, z=-54}, status: minecraft:features, currently generating: ResourceKey[minecraft:worldgen/placed_feature / the_deep_void:giant_skulls]
[00:13:41] [C2ME worker #3/ERROR]: Detected setBlock in a far chunk [-6, -4], pos: BlockPos{x=-81, y=76, z=-55}, status: minecraft:features, currently generating: ResourceKey[minecraft:worldgen/placed_feature / the_deep_void:giant_skulls]
[00:13:41] [C2ME worker #3/ERROR]: Detected setBlock in a far chunk [-6, -4], pos: BlockPos{x=-81, y=77, z=-52}, status: minecraft:features, currently generating: ResourceKey[minecraft:worldgen/placed_feature / the_deep_void:giant_skulls]
[00:13:41] [C2ME worker #3/ERROR]: Detected setBlock in a far chunk [-6, -4], pos: BlockPos{x=-81, y=77, z=-53}, status: minecraft:features, currently generating: ResourceKey[minecraft:worldgen/placed_feature / the_deep_void:giant_skulls]
[00:13:41] [C2ME worker #3/ERROR]: Detected setBlock in a far chunk [-6, -4], pos: BlockPos{x=-81, y=77, z=-54}, status: minecraft:features, currently generating: ResourceKey[minecraft:worldgen/placed_feature / the_deep_void:giant_skulls]
[00:13:41] [C2ME worker #3/ERROR]: Detected setBlock in a far chunk [-6, -4], pos: BlockPos{x=-81, y=75, z=-52}, status: minecraft:features, currently generating: ResourceKey[minecraft:worldgen/placed_feature / the_deep_void:giant_skulls]
[00:13:41] [C2ME worker #3/ERROR]: Detected setBlock in a far chunk [-6, -4], pos: BlockPos{x=-82, y=75, z=-52}, status: minecraft:features, currently generating: ResourceKey[minecraft:worldgen/placed_feature / the_deep_void:giant_skulls]
[00:13:41] [C2ME worker #3/ERROR]: Detected setBlock in a far chunk [-6, -4], pos: BlockPos{x=-81, y=75, z=-54}, status: minecraft:features, currently generating: ResourceKey[minecraft:worldgen/placed_feature / the_deep_void:giant_skulls]
[00:13:41] [C2ME worker #3/ERROR]: Detected setBlock in a far chunk [-6, -4], pos: BlockPos{x=-82, y=75, z=-54}, status: minecraft:features, currently generating: ResourceKey[minecraft:worldgen/placed_feature / the_deep_void:giant_skulls]
[00:13:42] [C2ME worker #3/ERROR]: Detected setBlock in a far chunk [-4, -2], pos: BlockPos{x=-61, y=67, z=-17}, status: minecraft:features, currently generating: ResourceKey[minecraft:worldgen/placed_feature / the_deep_void:giant_skulls]
[00:13:42] [C2ME worker #3/ERROR]: Detected setBlock in a far chunk [-4, -2], pos: BlockPos{x=-60, y=67, z=-17}, status: minecraft:features, currently generating: ResourceKey[minecraft:worldgen/placed_feature / the_deep_void:giant_skulls]
[00:13:42] [C2ME worker #3/ERROR]: Detected setBlock in a far chunk [-4, -2], pos: BlockPos{x=-60, y=67, z=-18}, status: minecraft:features, currently generating: ResourceKey[minecraft:worldgen/placed_feature / the_deep_void:giant_skulls]
[00:13:42] [C2ME worker #3/ERROR]: Detected setBlock in a far chunk [-4, -2], pos: BlockPos{x=-59, y=67, z=-18}, status: minecraft:features, currently generating: ResourceKey[minecraft:worldgen/placed_feature / the_deep_void:giant_skulls]
[00:13:42] [C2ME worker #3/ERROR]: Detected setBlock in a far chunk [-4, -2], pos: BlockPos{x=-58, y=67, z=-17}, status: minecraft:features, currently generating: ResourceKey[minecraft:worldgen/placed_feature / the_deep_void:giant_skulls]
[00:13:42] [C2ME worker #3/ERROR]: Detected setBlock in a far chunk [-4, -2], pos: BlockPos{x=-58, y=67, z=-18}, status: minecraft:features, currently generating: ResourceKey[minecraft:worldgen/placed_feature / the_deep_void:giant_skulls]
[00:13:42] [C2ME worker #3/ERROR]: Detected setBlock in a far chunk [-4, -2], pos: BlockPos{x=-57, y=67, z=-17}, status: minecraft:features, currently generating: ResourceKey[minecraft:worldgen/placed_feature / the_deep_void:giant_skulls]
[00:13:42] [C2ME worker #3/ERROR]: Detected setBlock in a far chunk [-4, -2], pos: BlockPos{x=-60, y=68, z=-18}, status: minecraft:features, currently generating: ResourceKey[minecraft:worldgen/placed_feature / the_deep_void:giant_skulls]
[00:13:42] [C2ME worker #3/ERROR]: Detected setBlock in a far chunk [-4, -2], pos: BlockPos{x=-58, y=68, z=-18}, status: minecraft:features, currently generating: ResourceKey[minecraft:worldgen/placed_feature / the_deep_void:giant_skulls]
[00:13:42] [C2ME worker #3/ERROR]: Detected setBlock in a far chunk [-4, -2], pos: BlockPos{x=-61, y=73, z=-17}, status: minecraft:features, currently generating: ResourceKey[minecraft:worldgen/placed_feature / the_deep_void:giant_skulls]
[00:13:42] [C2ME worker #3/ERROR]: Detected setBlock in a far chunk [-4, -2], pos: BlockPos{x=-57, y=73, z=-17}, status: minecraft:features, currently generating: ResourceKey[minecraft:worldgen/placed_feature / the_deep_void:giant_skulls]
[00:13:42] [C2ME worker #3/ERROR]: Detected setBlock in a far chunk [-4, -2], pos: BlockPos{x=-61, y=74, z=-17}, status: minecraft:features, currently generating: ResourceKey[minecraft:worldgen/placed_feature / the_deep_void:giant_skulls]
[00:13:42] [C2ME worker #3/ERROR]: Detected setBlock in a far chunk [-4, -2], pos: BlockPos{x=-59, y=74, z=-18}, status: minecraft:features, currently generating: ResourceKey[minecraft:worldgen/placed_feature / the_deep_void:giant_skulls]
[00:13:42] [C2ME worker #3/ERROR]: Detected setBlock in a far chunk [-4, -2], pos: BlockPos{x=-57, y=74, z=-17}, status: minecraft:features, currently generating: ResourceKey[minecraft:worldgen/placed_feature / the_deep_void:giant_skulls]
[00:13:42] [C2ME worker #3/ERROR]: Detected setBlock in a far chunk [-4, -2], pos: BlockPos{x=-61, y=75, z=-17}, status: minecraft:features, currently generating: ResourceKey[minecraft:worldgen/placed_feature / the_deep_void:giant_skulls]
[00:13:42] [C2ME worker #3/ERROR]: Detected setBlock in a far chunk [-4, -2], pos: BlockPos{x=-60, y=75, z=-17}, status: minecraft:features, currently generating: ResourceKey[minecraft:worldgen/placed_feature / the_deep_void:giant_skulls]
[00:13:42] [C2ME worker #3/ERROR]: Detected setBlock in a far chunk [-4, -2], pos: BlockPos{x=-60, y=75, z=-18}, status: minecraft:features, currently generating: ResourceKey[minecraft:worldgen/placed_feature / the_deep_void:giant_skulls]
[00:13:42] [C2ME worker #3/ERROR]: Detected setBlock in a far chunk [-4, -2], pos: BlockPos{x=-59, y=75, z=-18}, status: minecraft:features, currently generating: ResourceKey[minecraft:worldgen/placed_feature / the_deep_void:giant_skulls]
[00:13:42] [C2ME worker #3/ERROR]: Detected setBlock in a far chunk [-4, -2], pos: BlockPos{x=-58, y=75, z=-17}, status: minecraft:features, currently generating: ResourceKey[minecraft:worldgen/placed_feature / the_deep_void:giant_skulls]
[00:13:42] [C2ME worker #3/ERROR]: Detected setBlock in a far chunk [-4, -2], pos: BlockPos{x=-58, y=75, z=-18}, status: minecraft:features, currently generating: ResourceKey[minecraft:worldgen/placed_feature / the_deep_void:giant_skulls]
[00:13:42] [C2ME worker #3/ERROR]: Detected setBlock in a far chunk [-4, -2], pos: BlockPos{x=-57, y=75, z=-17}, status: minecraft:features, currently generating: ResourceKey[minecraft:worldgen/placed_feature / the_deep_void:giant_skulls]
[00:13:42] [C2ME worker #3/ERROR]: Detected setBlock in a far chunk [-4, -2], pos: BlockPos{x=-60, y=76, z=-17}, status: minecraft:features, currently generating: ResourceKey[minecraft:worldgen/placed_feature / the_deep_void:giant_skulls]
[00:13:42] [C2ME worker #3/ERROR]: Detected setBlock in a far chunk [-4, -2], pos: BlockPos{x=-59, y=76, z=-17}, status: minecraft:features, currently generating: ResourceKey[minecraft:worldgen/placed_feature / the_deep_void:giant_skulls]
[00:13:42] [C2ME worker #3/ERROR]: Detected setBlock in a far chunk [-4, -2], pos: BlockPos{x=-58, y=76, z=-17}, status: minecraft:features, currently generating: ResourceKey[minecraft:worldgen/placed_feature / the_deep_void:giant_skulls]
[00:13:42] [C2ME worker #3/ERROR]: Detected setBlock in a far chunk [-4, -2], pos: BlockPos{x=-60, y=74, z=-17}, status: minecraft:features, currently generating: ResourceKey[minecraft:worldgen/placed_feature / the_deep_void:giant_skulls]
[00:13:42] [C2ME worker #3/ERROR]: Detected setBlock in a far chunk [-4, -2], pos: BlockPos{x=-60, y=74, z=-18}, status: minecraft:features, currently generating: ResourceKey[minecraft:worldgen/placed_feature / the_deep_void:giant_skulls]
[00:13:42] [C2ME worker #3/ERROR]: Detected setBlock in a far chunk [-4, -2], pos: BlockPos{x=-58, y=74, z=-17}, status: minecraft:features, currently generating: ResourceKey[minecraft:worldgen/placed_feature / the_deep_void:giant_skulls]
[00:13:42] [C2ME worker #3/ERROR]: Detected setBlock in a far chunk [-4, -2], pos: BlockPos{x=-58, y=74, z=-18}, status: minecraft:features, currently generating: ResourceKey[minecraft:worldgen/placed_feature / the_deep_void:giant_skulls]
[00:13:43] [Server thread/INFO]: Preparing start region for dimension minecraft:overworld
[00:13:43] [Server thread/INFO]: Server resource reload complete!
[00:13:52] [C2ME worker #3/WARN]: Empty or non-existent pool: minecraft:
[00:13:58] [Server thread/INFO]: Successfully initialized permission handler forge:default_handler
[00:13:58] [Render thread/INFO]: Time elapsed: 172469 ms
[00:13:58] [Server thread/INFO]: Encoded Weapon Attribute registry size: 119860 bytes (uncompressed), 5828 bytes (compressed), compression ratio: 95.1% (in 1 string chunks with the size of 10000)
[00:13:58] [Server thread/INFO]: Loading FD configs...
[00:13:58] [Server thread/INFO]: Loading config fdbosses:bosses
[00:13:58] [Server thread/INFO]: Loading config fdbosses:bosses_clientside
[00:13:58] [Server thread/INFO]: Loading config fdlib:test
[00:13:58] [Server thread/INFO]: Loading config fdlib:fdlib_client
[00:13:58] [Server thread/INFO]: Loaded FD configs.
[00:13:58] [Server thread/INFO]: Sending reload packet to clients
[00:13:58] [Server thread/INFO]: Saving data for 0 chunks for dimension 'overworld' took 1 milliseconds
[00:13:58] [Server thread/INFO]: Changing view distance to 12, from 10
[00:13:58] [Server thread/INFO]: Changing simulation distance to 12, from 0
[00:14:00] [Netty Local Client IO #1/INFO]: Connected to a modded server.
[00:14:00] [Server thread/INFO]: SporiumCorium[local:E:61bb36b6] logged in with entity id 2733 at (-7.5, 68.0, 7.5)
[00:14:00] [Server thread/INFO]: SporiumCorium joined the game
[00:14:00] [Render thread/INFO]: Started 6 worker threads
[00:14:00] [Netty Local Client IO #1/INFO]: Read 553 bytes, 1 objects
[00:14:00] [Server thread/INFO]: Syncing config to SporiumCorium (12ee6039-45cc-4234-b0cc-b07321a7a151)
[00:14:00] [Netty Local Client IO #1/INFO]: Decoded and decompressed Weapon Attribute registry in 1 string chunks
[00:14:02] [Render thread/INFO]: JEI StartEventObserver received class net.minecraftforge.client.event.ClientPlayerNetworkEvent$LoggingIn
[00:14:02] [Render thread/INFO]: JEI StartEventObserver transitioning state from DISABLED to ENABLED
[00:14:02] [Render thread/WARN]: Unknown custom packet identifier: attributesetter:main
[00:14:02] [Render thread/INFO]: Handling spell config sync 0 files
[00:14:02] [Render thread/WARN]: Unknown recipe category: [!!!com.mojang.logging.LogUtils$1ToString@5e27ef71=>java.lang.NullPointerException:Cannot invoke "Object.toString()" because the return value of "java.util.function.Supplier.get()" is null!!!]/the_deep_void:glutton_jei_onyx
[00:14:02] [Render thread/WARN]: Unknown recipe category: cataclysm:weapon_fusion/cataclysm:weapon_infusion/void_assault_shoulder_weapon
[00:14:02] [Render thread/WARN]: Unknown recipe category: [!!!com.mojang.logging.LogUtils$1ToString@649555fd=>java.lang.NullPointerException:Cannot invoke "Object.toString()" because the return value of "java.util.function.Supplier.get()" is null!!!]/the_deep_void:glutton_jei_elytra_piece
[00:14:02] [Render thread/WARN]: Unknown recipe category: cataclysm:weapon_fusion/cataclysm:weapon_infusion/gauntlet_of_maelstrom
[00:14:02] [Render thread/WARN]: Unknown recipe category: [!!!com.mojang.logging.LogUtils$1ToString@43540c43=>java.lang.NullPointerException:Cannot invoke "Object.toString()" because the return value of "java.util.function.Supplier.get()" is null!!!]/the_deep_void:glutton_jei_end_rod
[00:14:02] [Render thread/WARN]: Unknown recipe category: [!!!com.mojang.logging.LogUtils$1ToString@70464fbb=>java.lang.NullPointerException:Cannot invoke "Object.toString()" because the return value of "java.util.function.Supplier.get()" is null!!!]/the_deep_void:glutton_jei_cinnabar_desolate
[00:14:02] [Render thread/WARN]: Unknown recipe category: [!!!com.mojang.logging.LogUtils$1ToString@6d31d64e=>java.lang.NullPointerException:Cannot invoke "Object.toString()" because the return value of "java.util.function.Supplier.get()" is null!!!]/the_deep_void:rusty_claws_bag_jei
[00:14:02] [Render thread/WARN]: Unknown recipe category: [!!!com.mojang.logging.LogUtils$1ToString@7d58fd85=>java.lang.NullPointerException:Cannot invoke "Object.toString()" because the return value of "java.util.function.Supplier.get()" is null!!!]/the_deep_void:soul_shard_weaver_bag_jei
[00:14:02] [Render thread/WARN]: Unknown recipe category: [!!!com.mojang.logging.LogUtils$1ToString@3ea791bb=>java.lang.NullPointerException:Cannot invoke "Object.toString()" because the return value of "java.util.function.Supplier.get()" is null!!!]/the_deep_void:glutton_jei_chorus_fruit
[00:14:02] [Render thread/WARN]: Unknown recipe category: [!!!com.mojang.logging.LogUtils$1ToString@2adfe1bf=>java.lang.NullPointerException:Cannot invoke "Object.toString()" because the return value of "java.util.function.Supplier.get()" is null!!!]/the_deep_void:glutton_jei_gunpowder
[00:14:02] [Render thread/WARN]: Unknown recipe category: [!!!com.mojang.logging.LogUtils$1ToString@33dba4e9=>java.lang.NullPointerException:Cannot invoke "Object.toString()" because the return value of "java.util.function.Supplier.get()" is null!!!]/the_deep_void:ichor_bottle_watcher_bag_jei
[00:14:02] [Render thread/WARN]: Unknown recipe category: [!!!com.mojang.logging.LogUtils$1ToString@36d3edd2=>java.lang.NullPointerException:Cannot invoke "Object.toString()" because the return value of "java.util.function.Supplier.get()" is null!!!]/the_deep_void:glutton_jei_grim_shard
[00:14:02] [Render thread/WARN]: Unknown recipe category: [!!!com.mojang.logging.LogUtils$1ToString@215a0beb=>java.lang.NullPointerException:Cannot invoke "Object.toString()" because the return value of "java.util.function.Supplier.get()" is null!!!]/the_deep_void:glutton_jei_iron_nugget_desolate
[00:14:02] [Render thread/WARN]: Unknown recipe category: cataclysm:weapon_fusion/cataclysm:weapon_infusion/gauntlet_of_bulwark
[00:14:02] [Render thread/WARN]: Unknown recipe category: [!!!com.mojang.logging.LogUtils$1ToString@6517855f=>java.lang.NullPointerException:Cannot invoke "Object.toString()" because the return value of "java.util.function.Supplier.get()" is null!!!]/the_deep_void:glutton_jei_paper
[00:14:02] [Render thread/WARN]: Unknown recipe category: [!!!com.mojang.logging.LogUtils$1ToString@5ff76f2d=>java.lang.NullPointerException:Cannot invoke "Object.toString()" because the return value of "java.util.function.Supplier.get()" is null!!!]/the_deep_void:egg_crawler_bag_jei
[00:14:02] [Render thread/WARN]: Unknown recipe category: [!!!com.mojang.logging.LogUtils$1ToString@6567cb42=>java.lang.NullPointerException:Cannot invoke "Object.toString()" because the return value of "java.util.function.Supplier.get()" is null!!!]/the_deep_void:ancient_gun_part_apostle_bag_jei
[00:14:02] [Render thread/WARN]: Unknown recipe category: [!!!com.mojang.logging.LogUtils$1ToString@31f7b276=>java.lang.NullPointerException:Cannot invoke "Object.toString()" because the return value of "java.util.function.Supplier.get()" is null!!!]/the_deep_void:glutton_jei_glow_arrow
[00:14:02] [Render thread/WARN]: Unknown recipe category: [!!!com.mojang.logging.LogUtils$1ToString@7911142c=>java.lang.NullPointerException:Cannot invoke "Object.toString()" because the return value of "java.util.function.Supplier.get()" is null!!!]/the_deep_void:glutton_jei_leather
[00:14:02] [Render thread/WARN]: Unknown recipe category: [!!!com.mojang.logging.LogUtils$1ToString@337e0bb8=>java.lang.NullPointerException:Cannot invoke "Object.toString()" because the return value of "java.util.function.Supplier.get()" is null!!!]/the_deep_void:glutton_jei_ghast_tear
[00:14:02] [Render thread/WARN]: Unknown recipe category: [!!!com.mojang.logging.LogUtils$1ToString@71cd482=>java.lang.NullPointerException:Cannot invoke "Object.toString()" because the return value of "java.util.function.Supplier.get()" is null!!!]/the_deep_void:glutton_jei_lavendite
[00:14:02] [Render thread/WARN]: Unknown recipe category: [!!!com.mojang.logging.LogUtils$1ToString@223de284=>java.lang.NullPointerException:Cannot invoke "Object.toString()" because the return value of "java.util.function.Supplier.get()" is null!!!]/the_deep_void:glutton_jei_glow_ink
[00:14:02] [Render thread/WARN]: Unknown recipe category: [!!!com.mojang.logging.LogUtils$1ToString@25bd9a97=>java.lang.NullPointerException:Cannot invoke "Object.toString()" because the return value of "java.util.function.Supplier.get()" is null!!!]/the_deep_void:glutton_jei_copper_ingot
[00:14:02] [Render thread/WARN]: Unknown recipe category: cataclysm:weapon_fusion/cataclysm:weapon_infusion/brontes
[00:14:02] [Render thread/WARN]: Unknown recipe category: [!!!com.mojang.logging.LogUtils$1ToString@12a5509b=>java.lang.NullPointerException:Cannot invoke "Object.toString()" because the return value of "java.util.function.Supplier.get()" is null!!!]/the_deep_void:glutton_jei_wheat_seeds
[00:14:02] [Render thread/WARN]: Unknown recipe category: [!!!com.mojang.logging.LogUtils$1ToString@26a177cb=>java.lang.NullPointerException:Cannot invoke "Object.toString()" because the return value of "java.util.function.Supplier.get()" is null!!!]/the_deep_void:glutton_jei_amethyst_shard
[00:14:02] [Render thread/WARN]: Unknown recipe category: [!!!com.mojang.logging.LogUtils$1ToString@35f53106=>java.lang.NullPointerException:Cannot invoke "Object.toString()" because the return value of "java.util.function.Supplier.get()" is null!!!]/the_deep_void:sacred_cinnabar_apostle_bag_jei
[00:14:02] [Render thread/WARN]: Unknown recipe category: [!!!com.mojang.logging.LogUtils$1ToString@15b22edd=>java.lang.NullPointerException:Cannot invoke "Object.toString()" because the return value of "java.util.function.Supplier.get()" is null!!!]/the_deep_void:glutton_jei_flint
[00:14:02] [Render thread/WARN]: Unknown recipe category: [!!!com.mojang.logging.LogUtils$1ToString@3ce4015a=>java.lang.NullPointerException:Cannot invoke "Object.toString()" because the return value of "java.util.function.Supplier.get()" is null!!!]/the_deep_void:glutton_jei_golden_carrot
[00:14:02] [Render thread/WARN]: Unknown recipe category: [!!!com.mojang.logging.LogUtils$1ToString@6f60ee8e=>java.lang.NullPointerException:Cannot invoke "Object.toString()" because the return value of "java.util.function.Supplier.get()" is null!!!]/the_deep_void:glutton_jei_slime_ball
[00:14:02] [Render thread/WARN]: Unknown recipe category: [!!!com.mojang.logging.LogUtils$1ToString@61e15f6e=>java.lang.NullPointerException:Cannot invoke "Object.toString()" because the return value of "java.util.function.Supplier.get()" is null!!!]/the_deep_void:glutton_jei_coal_nether
[00:14:02] [Render thread/WARN]: Unknown recipe category: [!!!com.mojang.logging.LogUtils$1ToString@2f5222cd=>java.lang.NullPointerException:Cannot invoke "Object.toString()" because the return value of "java.util.function.Supplier.get()" is null!!!]/the_deep_void:glutton_jei_bottle
[00:14:02] [Render thread/WARN]: Unknown recipe category: [!!!com.mojang.logging.LogUtils$1ToString@4e9d09ec=>java.lang.NullPointerException:Cannot invoke "Object.toString()" because the return value of "java.util.function.Supplier.get()" is null!!!]/the_deep_void:glutton_jei_fermented_spider_eye
[00:14:02] [Render thread/WARN]: Unknown recipe category: [!!!com.mojang.logging.LogUtils$1ToString@6d62b39c=>java.lang.NullPointerException:Cannot invoke "Object.toString()" because the return value of "java.util.function.Supplier.get()" is null!!!]/the_deep_void:glutton_jei_bone
[00:14:02] [Render thread/WARN]: Unknown recipe category: [!!!com.mojang.logging.LogUtils$1ToString@349aa3fa=>java.lang.NullPointerException:Cannot invoke "Object.toString()" because the return value of "java.util.function.Supplier.get()" is null!!!]/the_deep_void:glutton_jei_pumpkin_pie
[00:14:02] [Render thread/WARN]: Unknown recipe category: [!!!com.mojang.logging.LogUtils$1ToString@2e83388d=>java.lang.NullPointerException:Cannot invoke "Object.toString()" because the return value of "java.util.function.Supplier.get()" is null!!!]/the_deep_void:soul_template_weaver_bag_jei
[00:14:02] [Render thread/WARN]: Unknown recipe category: [!!!com.mojang.logging.LogUtils$1ToString@3ee5f7f8=>java.lang.NullPointerException:Cannot invoke "Object.toString()" because the return value of "java.util.function.Supplier.get()" is null!!!]/the_deep_void:glutton_jei_black_moss
[00:14:02] [Render thread/WARN]: Unknown recipe category: [!!!com.mojang.logging.LogUtils$1ToString@1b2cc83=>java.lang.NullPointerException:Cannot invoke "Object.toString()" because the return value of "java.util.function.Supplier.get()" is null!!!]/the_deep_void:glutton_jei_clay
[00:14:02] [Render thread/WARN]: Unknown recipe category: [!!!com.mojang.logging.LogUtils$1ToString@6b9fc51f=>java.lang.NullPointerException:Cannot invoke "Object.toString()" because the return value of "java.util.function.Supplier.get()" is null!!!]/the_deep_void:glutton_jei_popped_chorus
[00:14:02] [Render thread/WARN]: Unknown recipe category: ae2:charger/ae2:charger/charged_certus_quartz_crystal
[00:14:02] [Render thread/WARN]: Unknown recipe category: cataclysm:weapon_fusion/cataclysm:weapon_infusion/the_immolator
[00:14:02] [Render thread/WARN]: Unknown recipe category: [!!!com.mojang.logging.LogUtils$1ToString@85cc7b4=>java.lang.NullPointerException:Cannot invoke "Object.toString()" because the return value of "java.util.function.Supplier.get()" is null!!!]/the_deep_void:glutton_jei_arrow
[00:14:02] [Render thread/WARN]: Unknown recipe category: [!!!com.mojang.logging.LogUtils$1ToString@7130b36a=>java.lang.NullPointerException:Cannot invoke "Object.toString()" because the return value of "java.util.function.Supplier.get()" is null!!!]/the_deep_void:knife_bandolier_apostle_bag_jei
[00:14:02] [Render thread/WARN]: Unknown recipe category: [!!!com.mojang.logging.LogUtils$1ToString@57a516fb=>java.lang.NullPointerException:Cannot invoke "Object.toString()" because the return value of "java.util.function.Supplier.get()" is null!!!]/the_deep_void:soul_forge_jei_soul_ingot
[00:14:02] [Render thread/WARN]: Unknown recipe category: [!!!com.mojang.logging.LogUtils$1ToString@1323aba9=>java.lang.NullPointerException:Cannot invoke "Object.toString()" because the return value of "java.util.function.Supplier.get()" is null!!!]/the_deep_void:glutton_jei_ink_sac
[00:14:02] [Render thread/WARN]: Unknown recipe category: [!!!com.mojang.logging.LogUtils$1ToString@1454bf3b=>java.lang.NullPointerException:Cannot invoke "Object.toString()" because the return value of "java.util.function.Supplier.get()" is null!!!]/the_deep_void:xp_bottlehydra
[00:14:02] [Render thread/WARN]: Unknown recipe category: [!!!com.mojang.logging.LogUtils$1ToString@666cf5e5=>java.lang.NullPointerException:Cannot invoke "Object.toString()" because the return value of "java.util.function.Supplier.get()" is null!!!]/the_deep_void:knife_glove_apostle_bag_jei
[00:14:02] [Render thread/WARN]: Unknown recipe category: [!!!com.mojang.logging.LogUtils$1ToString@3db5331d=>java.lang.NullPointerException:Cannot invoke "Object.toString()" because the return value of "java.util.function.Supplier.get()" is null!!!]/the_deep_void:hard_flesh_template_watcher_bag_jei
[00:14:02] [Render thread/WARN]: Unknown recipe category: [!!!com.mojang.logging.LogUtils$1ToString@52272e28=>java.lang.NullPointerException:Cannot invoke "Object.toString()" because the return value of "java.util.function.Supplier.get()" is null!!!]/the_deep_void:glutton_jei_sulfur
[00:14:02] [Render thread/WARN]: Unknown recipe category: [!!!com.mojang.logging.LogUtils$1ToString@5fa71c05=>java.lang.NullPointerException:Cannot invoke "Object.toString()" because the return value of "java.util.function.Supplier.get()" is null!!!]/the_deep_void:glutton_block_boss_loot
[00:14:02] [Render thread/WARN]: Unknown recipe category: [!!!com.mojang.logging.LogUtils$1ToString@f34409a=>java.lang.NullPointerException:Cannot invoke "Object.toString()" because the return value of "java.util.function.Supplier.get()" is null!!!]/the_deep_void:ambrosial_flesh_chunk_watcher_bag_jei
[00:14:02] [Render thread/WARN]: Unknown recipe category: [!!!com.mojang.logging.LogUtils$1ToString@72bd95f5=>java.lang.NullPointerException:Cannot invoke "Object.toString()" because the return value of "java.util.function.Supplier.get()" is null!!!]/the_deep_void:flesh_bone_hivemind_bag_jei
[00:14:02] [Render thread/WARN]: Unknown recipe category: [!!!com.mojang.logging.LogUtils$1ToString@67bde41c=>java.lang.NullPointerException:Cannot invoke "Object.toString()" because the return value of "java.util.function.Supplier.get()" is null!!!]/the_deep_void:glutton_jei_rabbit_hide
[00:14:02] [Render thread/WARN]: Unknown recipe category: [!!!com.mojang.logging.LogUtils$1ToString@2f808833=>java.lang.NullPointerException:Cannot invoke "Object.toString()" because the return value of "java.util.function.Supplier.get()" is null!!!]/the_deep_void:glutton_jei_vines
[00:14:02] [Render thread/WARN]: Unknown recipe category: [!!!com.mojang.logging.LogUtils$1ToString@2c085b54=>java.lang.NullPointerException:Cannot invoke "Object.toString()" because the return value of "java.util.function.Supplier.get()" is null!!!]/the_deep_void:glutton_jei_lilypad
[00:14:02] [Render thread/WARN]: Unknown recipe category: [!!!com.mojang.logging.LogUtils$1ToString@5888cf6b=>java.lang.NullPointerException:Cannot invoke "Object.toString()" because the return value of "java.util.function.Supplier.get()" is null!!!]/the_deep_void:glutton_jei_stick
[00:14:02] [Render thread/WARN]: Unknown recipe category: [!!!com.mojang.logging.LogUtils$1ToString@2fbe8545=>java.lang.NullPointerException:Cannot invoke "Object.toString()" because the return value of "java.util.function.Supplier.get()" is null!!!]/the_deep_void:glutton_jei_glowstone
[00:14:02] [Render thread/WARN]: Unknown recipe category: [!!!com.mojang.logging.LogUtils$1ToString@5fc36686=>java.lang.NullPointerException:Cannot invoke "Object.toString()" because the return value of "java.util.function.Supplier.get()" is null!!!]/the_deep_void:glutton_jei_nether_brick
[00:14:02] [Render thread/WARN]: Unknown recipe category: cataclysm:weapon_fusion/cataclysm:weapon_infusion/void_forge
[00:14:02] [Render thread/WARN]: Unknown recipe category: [!!!com.mojang.logging.LogUtils$1ToString@52ae28e5=>java.lang.NullPointerException:Cannot invoke "Object.toString()" because the return value of "java.util.function.Supplier.get()" is null!!!]/the_deep_void:glutton_jei_coal_desolate
[00:14:02] [Render thread/WARN]: Unknown recipe category: [!!!com.mojang.logging.LogUtils$1ToString@505dfdfb=>java.lang.NullPointerException:Cannot invoke "Object.toString()" because the return value of "java.util.function.Supplier.get()" is null!!!]/the_deep_void:glutton_jei_blaze_rod
[00:14:02] [Render thread/WARN]: Unknown recipe category: [!!!com.mojang.logging.LogUtils$1ToString@5b33f694=>java.lang.NullPointerException:Cannot invoke "Object.toString()" because the return value of "java.util.function.Supplier.get()" is null!!!]/the_deep_void:glutton_jei_quartz_nether
[00:14:02] [Render thread/WARN]: Unknown recipe category: [!!!com.mojang.logging.LogUtils$1ToString@4ba121cd=>java.lang.NullPointerException:Cannot invoke "Object.toString()" because the return value of "java.util.function.Supplier.get()" is null!!!]/the_deep_void:glutton_jei_enderpearl
[00:14:02] [Render thread/WARN]: Unknown recipe category: [!!!com.mojang.logging.LogUtils$1ToString@5ab7cb02=>java.lang.NullPointerException:Cannot invoke "Object.toString()" because the return value of "java.util.function.Supplier.get()" is null!!!]/the_deep_void:glutton_jei_prismarine_shard
[00:14:02] [Render thread/WARN]: Unknown recipe category: [!!!com.mojang.logging.LogUtils$1ToString@660952c2=>java.lang.NullPointerException:Cannot invoke "Object.toString()" because the return value of "java.util.function.Supplier.get()" is null!!!]/the_deep_void:glutton_jei_iron_nugget
[00:14:02] [Render thread/WARN]: Unknown recipe category: [!!!com.mojang.logging.LogUtils$1ToString@6238912b=>java.lang.NullPointerException:Cannot invoke "Object.toString()" because the return value of "java.util.function.Supplier.get()" is null!!!]/the_deep_void:glutton_jei_prismarine_crystals
[00:14:02] [Render thread/WARN]: Unknown recipe category: [!!!com.mojang.logging.LogUtils$1ToString@775bc7be=>java.lang.NullPointerException:Cannot invoke "Object.toString()" because the return value of "java.util.function.Supplier.get()" is null!!!]/the_deep_void:glutton_jei_glowstone_nether
[00:14:02] [Render thread/WARN]: Unknown recipe category: [!!!com.mojang.logging.LogUtils$1ToString@7a4c00fa=>java.lang.NullPointerException:Cannot invoke "Object.toString()" because the return value of "java.util.function.Supplier.get()" is null!!!]/the_deep_void:glutton_jei_gold_nugget_nether
[00:14:02] [Render thread/WARN]: Unknown recipe category: [!!!com.mojang.logging.LogUtils$1ToString@361145a4=>java.lang.NullPointerException:Cannot invoke "Object.toString()" because the return value of "java.util.function.Supplier.get()" is null!!!]/the_deep_void:glutton_jei_lapis_lazuli
[00:14:02] [Render thread/WARN]: Unknown recipe category: [!!!com.mojang.logging.LogUtils$1ToString@31a0ba78=>java.lang.NullPointerException:Cannot invoke "Object.toString()" because the return value of "java.util.function.Supplier.get()" is null!!!]/the_deep_void:misted_heart_hydra
[00:14:02] [Render thread/WARN]: Unknown recipe category: [!!!com.mojang.logging.LogUtils$1ToString@714c7fa1=>java.lang.NullPointerException:Cannot invoke "Object.toString()" because the return value of "java.util.function.Supplier.get()" is null!!!]/the_deep_void:xp_bottle_hivemind_bag_jei
[00:14:02] [Render thread/WARN]: Unknown recipe category: [!!!com.mojang.logging.LogUtils$1ToString@54e43b82=>java.lang.NullPointerException:Cannot invoke "Object.toString()" because the return value of "java.util.function.Supplier.get()" is null!!!]/the_deep_void:glutton_jei_gold_nugget_desolate
[00:14:02] [Render thread/WARN]: Unknown recipe category: [!!!com.mojang.logging.LogUtils$1ToString@3926e895=>java.lang.NullPointerException:Cannot invoke "Object.toString()" because the return value of "java.util.function.Supplier.get()" is null!!!]/the_deep_void:glutton_jei_book
[00:14:02] [Render thread/WARN]: Unknown recipe category: [!!!com.mojang.logging.LogUtils$1ToString@a7d1163=>java.lang.NullPointerException:Cannot invoke "Object.toString()" because the return value of "java.util.function.Supplier.get()" is null!!!]/the_deep_void:misted_bone_block_hydra
[00:14:02] [Render thread/WARN]: Unknown recipe category: [!!!com.mojang.logging.LogUtils$1ToString@3a2abdc2=>java.lang.NullPointerException:Cannot invoke "Object.toString()" because the return value of "java.util.function.Supplier.get()" is null!!!]/the_deep_void:xp_bottle_watcher_bag_jei
[00:14:02] [Render thread/WARN]: Unknown recipe category: [!!!com.mojang.logging.LogUtils$1ToString@6d8e0cf7=>java.lang.NullPointerException:Cannot invoke "Object.toString()" because the return value of "java.util.function.Supplier.get()" is null!!!]/the_deep_void:glutton_jei_spider_eye
[00:14:02] [Render thread/WARN]: Unknown recipe category: ae2:charger/ae2:charger/meteorite_compass
[00:14:02] [Render thread/WARN]: Unknown recipe category: [!!!com.mojang.logging.LogUtils$1ToString@f0f7085=>java.lang.NullPointerException:Cannot invoke "Object.toString()" because the return value of "java.util.function.Supplier.get()" is null!!!]/the_deep_void:glutton_jei_purpur_block
[00:14:02] [Render thread/WARN]: Unknown recipe category: [!!!com.mojang.logging.LogUtils$1ToString@1483c5e0=>java.lang.NullPointerException:Cannot invoke "Object.toString()" because the return value of "java.util.function.Supplier.get()" is null!!!]/the_deep_void:hard_flesh_template_hivemind_bag_jei
[00:14:02] [Render thread/WARN]: Unknown recipe category: [!!!com.mojang.logging.LogUtils$1ToString@6d45625e=>java.lang.NullPointerException:Cannot invoke "Object.toString()" because the return value of "java.util.function.Supplier.get()" is null!!!]/the_deep_void:glutton_jei_coal
[00:14:02] [Render thread/WARN]: Unknown recipe category: cataclysm:weapon_fusion/cataclysm:weapon_infusion/wrath_of_the_desert
[00:14:02] [Render thread/WARN]: Unknown recipe category: [!!!com.mojang.logging.LogUtils$1ToString@6162dcad=>java.lang.NullPointerException:Cannot invoke "Object.toString()" because the return value of "java.util.function.Supplier.get()" is null!!!]/the_deep_void:golden_apple_bag_jei
[00:14:02] [Render thread/WARN]: Unknown recipe category: [!!!com.mojang.logging.LogUtils$1ToString@45c10fe4=>java.lang.NullPointerException:Cannot invoke "Object.toString()" because the return value of "java.util.function.Supplier.get()" is null!!!]/the_deep_void:xp_bottle_apostle_bag_jei
[00:14:02] [Render thread/WARN]: Unknown recipe category: [!!!com.mojang.logging.LogUtils$1ToString@537a9dc1=>java.lang.NullPointerException:Cannot invoke "Object.toString()" because the return value of "java.util.function.Supplier.get()" is null!!!]/the_deep_void:xp_bottle_weaver_bag_jei
[00:14:02] [Render thread/WARN]: Unknown recipe category: [!!!com.mojang.logging.LogUtils$1ToString@cc87a0b=>java.lang.NullPointerException:Cannot invoke "Object.toString()" because the return value of "java.util.function.Supplier.get()" is null!!!]/the_deep_void:glutton_jei_bowl
[00:14:02] [Render thread/WARN]: Unknown recipe category: [!!!com.mojang.logging.LogUtils$1ToString@4269e8fd=>java.lang.NullPointerException:Cannot invoke "Object.toString()" because the return value of "java.util.function.Supplier.get()" is null!!!]/the_deep_void:glutton_jei_quartz
[00:14:02] [Render thread/WARN]: Unknown recipe category: [!!!com.mojang.logging.LogUtils$1ToString@406187c3=>java.lang.NullPointerException:Cannot invoke "Object.toString()" because the return value of "java.util.function.Supplier.get()" is null!!!]/the_deep_void:glutton_jei_string
[00:14:02] [Render thread/WARN]: Unknown recipe category: [!!!com.mojang.logging.LogUtils$1ToString@6ca10175=>java.lang.NullPointerException:Cannot invoke "Object.toString()" because the return value of "java.util.function.Supplier.get()" is null!!!]/the_deep_void:glutton_jei_nether_wart
[00:14:02] [Render thread/WARN]: Unknown recipe category: [!!!com.mojang.logging.LogUtils$1ToString@5b8cd345=>java.lang.NullPointerException:Cannot invoke "Object.toString()" because the return value of "java.util.function.Supplier.get()" is null!!!]/the_deep_void:glutton_jei_dragon_breath
[00:14:02] [Render thread/WARN]: Unknown recipe category: [!!!com.mojang.logging.LogUtils$1ToString@2c6af7fd=>java.lang.NullPointerException:Cannot invoke "Object.toString()" because the return value of "java.util.function.Supplier.get()" is null!!!]/the_deep_void:glutton_jei_ancient_onyx
[00:14:02] [Render thread/WARN]: Unknown recipe category: [!!!com.mojang.logging.LogUtils$1ToString@585cc6fc=>java.lang.NullPointerException:Cannot invoke "Object.toString()" because the return value of "java.util.function.Supplier.get()" is null!!!]/the_deep_void:glutton_jei_redstone
[00:14:02] [Render thread/WARN]: Unknown recipe category: [!!!com.mojang.logging.LogUtils$1ToString@189a7e7c=>java.lang.NullPointerException:Cannot invoke "Object.toString()" because the return value of "java.util.function.Supplier.get()" is null!!!]/the_deep_void:glutton_jei_bone_meal
[00:14:02] [Render thread/WARN]: Unknown recipe category: [!!!com.mojang.logging.LogUtils$1ToString@5fd58d4f=>java.lang.NullPointerException:Cannot invoke "Object.toString()" because the return value of "java.util.function.Supplier.get()" is null!!!]/the_deep_void:glutton_jei_emerald
[00:14:02] [Render thread/WARN]: Unknown recipe category: ae2:charger/ae2:charger/guide
[00:14:02] [Render thread/WARN]: Unknown recipe category: [!!!com.mojang.logging.LogUtils$1ToString@2600f896=>java.lang.NullPointerException:Cannot invoke "Object.toString()" because the return value of "java.util.function.Supplier.get()" is null!!!]/the_deep_void:glutton_jei_shulker_shell
[00:14:02] [Render thread/WARN]: Unknown recipe category: [!!!com.mojang.logging.LogUtils$1ToString@78e0c341=>java.lang.NullPointerException:Cannot invoke "Object.toString()" because the return value of "java.util.function.Supplier.get()" is null!!!]/the_deep_void:glutton_jei_gold_nugget
[00:14:02] [Render thread/WARN]: Unknown recipe category: [!!!com.mojang.logging.LogUtils$1ToString@2f89cfee=>java.lang.NullPointerException:Cannot invoke "Object.toString()" because the return value of "java.util.function.Supplier.get()" is null!!!]/the_deep_void:glutton_jei_end_stone_bricks
[00:14:02] [Render thread/WARN]: Unknown recipe category: [!!!com.mojang.logging.LogUtils$1ToString@2e39ae43=>java.lang.NullPointerException:Cannot invoke "Object.toString()" because the return value of "java.util.function.Supplier.get()" is null!!!]/the_deep_void:glutton_jei_feather
[00:14:02] [Render thread/WARN]: Unknown recipe category: [!!!com.mojang.logging.LogUtils$1ToString@4236cf80=>java.lang.NullPointerException:Cannot invoke "Object.toString()" because the return value of "java.util.function.Supplier.get()" is null!!!]/the_deep_void:glutton_jei_wheat
[00:14:02] [Render thread/WARN]: Unknown recipe category: cataclysm:weapon_fusion/cataclysm:weapon_infusion/ignitium_elytra_chestplate
[00:14:02] [Render thread/WARN]: Unknown recipe category: [!!!com.mojang.logging.LogUtils$1ToString@665c017f=>java.lang.NullPointerException:Cannot invoke "Object.toString()" because the return value of "java.util.function.Supplier.get()" is null!!!]/the_deep_void:molt_piece_crawler_bag_jei
[00:14:02] [Render thread/WARN]: Unknown recipe category: [!!!com.mojang.logging.LogUtils$1ToString@33b48480=>java.lang.NullPointerException:Cannot invoke "Object.toString()" because the return value of "java.util.function.Supplier.get()" is null!!!]/the_deep_void:xp_bottle_crawler_bag_jei
[00:14:02] [Render thread/WARN]: Unknown recipe category: [!!!com.mojang.logging.LogUtils$1ToString@442f62d7=>java.lang.NullPointerException:Cannot invoke "Object.toString()" because the return value of "java.util.function.Supplier.get()" is null!!!]/the_deep_void:glutton_jei_cinnabar
[00:14:02] [Render thread/WARN]: Unknown recipe category: [!!!com.mojang.logging.LogUtils$1ToString@6a659e03=>java.lang.NullPointerException:Cannot invoke "Object.toString()" because the return value of "java.util.function.Supplier.get()" is null!!!]/the_deep_void:glutton_jei_phantom_membrane
[00:14:02] [Render thread/WARN]: Unknown recipe category: [!!!com.mojang.logging.LogUtils$1ToString@48618af8=>java.lang.NullPointerException:Cannot invoke "Object.toString()" because the return value of "java.util.function.Supplier.get()" is null!!!]/the_deep_void:glutton_jei_rotten_bone
[00:14:02] [Render thread/INFO]: JEI StartEventObserver received class net.minecraftforge.client.event.RecipesUpdatedEvent
[00:14:02] [Render thread/INFO]: Loading infobook /data/cyclopscore/info/test.xml
[00:14:02] [Render thread/INFO]: Loading infobook /data/integrateddynamics/info/on_the_dynamics_of_integration.xml
[00:14:02] [Render thread/INFO]: JEI StartEventObserver received class net.minecraftforge.event.TagsUpdatedEvent
[00:14:02] [Render thread/INFO]: JEI StartEventObserver transitioning state from ENABLED to JEI_STARTED
[00:14:02] [Render thread/INFO]: Starting JEI...
[00:14:02] [Render thread/INFO]: Registering item subtypes...
[00:14:02] [Render thread/INFO]: Registering item subtypes took 2.279 ms
[00:14:02] [Render thread/INFO]: Registering fluid subtypes...
[00:14:02] [Render thread/INFO]: Registering fluid subtypes took 372.7 ?s
[00:14:02] [Render thread/INFO]: Registering ingredients...
[00:14:02] [Render thread/WARN]: Item Group has no display items and no search tab display items. Items from this group will be missing from the JEI ingredient list. Operator Utilities
[00:14:03] [Render thread/WARN]: Item Group has no display items and no search tab display items. Items from this group will be missing from the JEI ingredient list. KubeJS
[00:14:03] [Render thread/INFO]: Registering ingredients: jei:minecraft took 219.1 milliseconds
[00:14:03] [Render thread/INFO]: Registering ingredients took 220.0 ms
[00:14:03] [Render thread/INFO]: Registering extra ingredients...
[00:14:03] [Render thread/INFO]: Registering extra ingredients took 301.9 ?s
[00:14:03] [Render thread/INFO]: Registering search ingredient aliases...
[00:14:03] [Render thread/INFO]: Registering search ingredient aliases took 292.4 ?s
[00:14:03] [Render thread/INFO]: Registering categories...
[00:14:03] [Render thread/INFO]: Registering categories took 1.501 ms
[00:14:03] [Render thread/INFO]: Registering vanilla category extensions...
[00:14:03] [Render thread/INFO]: Registering vanilla category extensions took 294.7 ?s
[00:14:03] [Render thread/INFO]: Registering recipe catalysts...
[00:14:03] [Render thread/INFO]: Registering recipe catalysts took 1.442 ms
[00:14:03] [Render thread/INFO]: Building recipe registry...
[00:14:03] [Render thread/INFO]: Building recipe registry took 3.061 ms
[00:14:03] [Render thread/INFO]: Registering advanced plugins...
[00:14:03] [Render thread/INFO]: Added recipe manager plugin: class cofh.thermal.expansion.compat.jei.plugins.PotionFluidRecipeManagerPlugin
[00:14:03] [Render thread/INFO]: Added recipe manager plugin: class appeng.integration.modules.jei.FacadeRegistryPlugin
[00:14:03] [Render thread/INFO]: Added recipe manager plugin: class io.redspace.ironsspellbooks.jei.AlchemistCauldronAdvancedHandler
[00:14:03] [Render thread/INFO]: Registering advanced plugins took 411.1 ?s
[00:14:03] [Render thread/INFO]: Registering recipes...
[00:14:03] [Render thread/INFO]: Registering recipes: jei:minecraft took 416.4 milliseconds
[00:14:03] [Render thread/INFO]: Registering recipes: industrialforegoing:default took 137.4 milliseconds
[00:14:03] [Render thread/ERROR]: Caught an error from mod plugin: class com.shermansplanet.otherverse.integrations.jei.OtherverseJeiPlugin otherverse:jei_plugin
net.minecraft.ResourceLocationException: Non [a-z0-9/._-] character in path of location: otherverse:PartItem[active_formation_plane]
	at net.minecraft.resources.ResourceLocation.m_245185_(ResourceLocation.java:242) ~[client-1.20.1-20230612.114412-srg.jar%23338!/:?]
	at net.minecraft.resources.ResourceLocation.<init>(ResourceLocation.java:40) ~[client-1.20.1-20230612.114412-srg.jar%23338!/:?]
	at net.minecraft.resources.ResourceLocation.fromNamespaceAndPath(ResourceLocation.java:263) ~[client-1.20.1-20230612.114412-srg.jar%23338!/:?]
	at com.shermansplanet.otherverse.spirits.SpiritLabeler.GenerateRecipes(SpiritLabeler.java:119) ~[otherverse-1.20.1-1.2.13.jar%23319!/:1.20.1-1.2.13]
	at com.shermansplanet.otherverse.integrations.jei.OtherverseJeiPlugin.lambda$addPracticeRecipes$0(OtherverseJeiPlugin.java:108) ~[otherverse-1.20.1-1.2.13.jar%23319!/:1.20.1-1.2.13]
	at com.shermansplanet.otherverse.OtherverseClientPacketHandler.ensureRunOnClient(OtherverseClientPacketHandler.java:103) ~[otherverse-1.20.1-1.2.13.jar%23319!/:1.20.1-1.2.13]
	at com.shermansplanet.otherverse.integrations.jei.OtherverseJeiPlugin.lambda$addPracticeRecipes$1(OtherverseJeiPlugin.java:104) ~[otherverse-1.20.1-1.2.13.jar%23319!/:1.20.1-1.2.13]
	at net.minecraftforge.fml.DistExecutor.unsafeRunWhenOn(DistExecutor.java:111) ~[fmlcore-1.20.1-47.4.10.jar%23339!/:?]
	at com.shermansplanet.otherverse.integrations.jei.OtherverseJeiPlugin.addPracticeRecipes(OtherverseJeiPlugin.java:102) ~[otherverse-1.20.1-1.2.13.jar%23319!/:1.20.1-1.2.13]
	at com.shermansplanet.otherverse.integrations.jei.OtherverseJeiPlugin.registerRecipes(OtherverseJeiPlugin.java:98) ~[otherverse-1.20.1-1.2.13.jar%23319!/:1.20.1-1.2.13]
	at mezz.jei.library.load.PluginLoader.lambda$createRecipeManager$13(PluginLoader.java:182) ~[jei-1.20.1-forge-15.20.0.112.jar%23308!/:15.20.0.112]
	at mezz.jei.library.load.PluginCaller.callOnPlugins(PluginCaller.java:25) ~[jei-1.20.1-forge-15.20.0.112.jar%23308!/:15.20.0.112]
	at mezz.jei.library.load.PluginLoader.createRecipeManager(PluginLoader.java:182) ~[jei-1.20.1-forge-15.20.0.112.jar%23308!/:15.20.0.112]
	at mezz.jei.library.startup.JeiStarter.start(JeiStarter.java:115) ~[jei-1.20.1-forge-15.20.0.112.jar%23308!/:15.20.0.112]
	at mezz.jei.forge.startup.StartEventObserver.transitionState(StartEventObserver.java:130) ~[jei-1.20.1-forge-15.20.0.112.jar%23308!/:15.20.0.112]
	at mezz.jei.forge.startup.StartEventObserver.onEvent(StartEventObserver.java:98) ~[jei-1.20.1-forge-15.20.0.112.jar%23308!/:15.20.0.112]
	at net.minecraftforge.eventbus.EventBus.doCastFilter(EventBus.java:260) ~[eventbus-6.0.5.jar%2387!/:?]
	at net.minecraftforge.eventbus.EventBus.lambda$addListener$11(EventBus.java:252) ~[eventbus-6.0.5.jar%2387!/:?]
	at net.minecraftforge.eventbus.EventBus.post(EventBus.java:315) ~[eventbus-6.0.5.jar%2387!/:?]
	at net.minecraftforge.eventbus.EventBus.post(EventBus.java:296) ~[eventbus-6.0.5.jar%2387!/:?]
	at net.minecraft.client.multiplayer.ClientPacketListener.m_5859_(ClientPacketListener.java:1451) ~[client-1.20.1-20230612.114412-srg.jar%23338!/:?]
	at net.minecraft.network.protocol.game.ClientboundUpdateTagsPacket.m_5797_(ClientboundUpdateTagsPacket.java:35) ~[client-1.20.1-20230612.114412-srg.jar%23338!/:?]
	at net.minecraft.network.protocol.game.ClientboundUpdateTagsPacket.m_5797_(ClientboundUpdateTagsPacket.java:11) ~[client-1.20.1-20230612.114412-srg.jar%23338!/:?]
	at net.minecraft.network.protocol.PacketUtils.m_263899_(PacketUtils.java:22) ~[client-1.20.1-20230612.114412-srg.jar%23338!/:?]
	at net.minecraft.util.thread.BlockableEventLoop.m_6367_(BlockableEventLoop.java:156) ~[client-1.20.1-20230612.114412-srg.jar%23338!/:?]
	at net.minecraft.util.thread.ReentrantBlockableEventLoop.m_6367_(ReentrantBlockableEventLoop.java:23) ~[client-1.20.1-20230612.114412-srg.jar%23338!/:?]
	at net.minecraft.util.thread.BlockableEventLoop.m_7245_(BlockableEventLoop.java:130) ~[client-1.20.1-20230612.114412-srg.jar%23338!/:?]
	at net.minecraft.util.thread.BlockableEventLoop.m_18699_(BlockableEventLoop.java:115) ~[client-1.20.1-20230612.114412-srg.jar%23338!/:?]
	at net.minecraft.client.Minecraft.m_91383_(Minecraft.java:1106) ~[client-1.20.1-20230612.114412-srg.jar%23338!/:?]
	at net.minecraft.client.Minecraft.m_91374_(Minecraft.java:718) ~[client-1.20.1-20230612.114412-srg.jar%23338!/:?]
	at net.minecraft.client.main.Main.main(Main.java:218) ~[forge-47.4.10.jar:?]
	at jdk.internal.reflect.NativeMethodAccessorImpl.invoke0(Native Method) ~[?:?]
	at jdk.internal.reflect.NativeMethodAccessorImpl.invoke(NativeMethodAccessorImpl.java:77) ~[?:?]
	at jdk.internal.reflect.DelegatingMethodAccessorImpl.invoke(DelegatingMethodAccessorImpl.java:43) ~[?:?]
	at java.lang.reflect.Method.invoke(Method.java:569) ~[?:?]
	at net.minecraftforge.fml.loading.targets.CommonLaunchHandler.runTarget(CommonLaunchHandler.java:111) ~[fmlloader-1.20.1-47.4.10.jar:?]
	at net.minecraftforge.fml.loading.targets.CommonLaunchHandler.clientService(CommonLaunchHandler.java:99) ~[fmlloader-1.20.1-47.4.10.jar:?]
	at net.minecraftforge.fml.loading.targets.CommonClientLaunchHandler.lambda$makeService$0(CommonClientLaunchHandler.java:25) ~[fmlloader-1.20.1-47.4.10.jar:?]
	at cpw.mods.modlauncher.LaunchServiceHandlerDecorator.launch(LaunchServiceHandlerDecorator.java:30) ~[modlauncher-10.0.9.jar:?]
	at cpw.mods.modlauncher.LaunchServiceHandler.launch(LaunchServiceHandler.java:53) ~[modlauncher-10.0.9.jar:?]
	at cpw.mods.modlauncher.LaunchServiceHandler.launch(LaunchServiceHandler.java:71) ~[modlauncher-10.0.9.jar:?]
	at cpw.mods.modlauncher.Launcher.run(Launcher.java:108) ~[modlauncher-10.0.9.jar:?]
	at cpw.mods.modlauncher.Launcher.main(Launcher.java:78) ~[modlauncher-10.0.9.jar:?]
	at cpw.mods.modlauncher.BootstrapLaunchConsumer.accept(BootstrapLaunchConsumer.java:26) ~[modlauncher-10.0.9.jar:?]
	at cpw.mods.modlauncher.BootstrapLaunchConsumer.accept(BootstrapLaunchConsumer.java:23) ~[modlauncher-10.0.9.jar:?]
	at cpw.mods.bootstraplauncher.BootstrapLauncher.main(BootstrapLauncher.java:141) ~[bootstraplauncher-1.1.2.jar:?]
[00:14:03] [Render thread/INFO]: Registering recipes: mekanism:jei_plugin took 20.06 milliseconds
[00:14:03] [Render thread/INFO]: Registering recipes: thermal:expansion took 14.39 milliseconds
[00:14:03] [Render thread/INFO]: Registering recipes: ae2:core took 27.15 milliseconds
[00:14:04] [Render thread/INFO]: Registering recipes: irons_spellbooks:jei_plugin took 993.7 milliseconds
[00:14:04] [Render thread/ERROR]: Item: "mowziesmobs:umvuthana_mask_fury" of material: "umvuthana_mask" has no proper repair ingredient, this is a bug and should be reported to mowziesmobs
[00:14:04] [Render thread/ERROR]: Item: "mowziesmobs:umvuthana_mask_fear" of material: "umvuthana_mask" has no proper repair ingredient, this is a bug and should be reported to mowziesmobs
[00:14:04] [Render thread/ERROR]: Item: "mowziesmobs:umvuthana_mask_rage" of material: "umvuthana_mask" has no proper repair ingredient, this is a bug and should be reported to mowziesmobs
[00:14:04] [Render thread/ERROR]: Item: "mowziesmobs:umvuthana_mask_bliss" of material: "umvuthana_mask" has no proper repair ingredient, this is a bug and should be reported to mowziesmobs
[00:14:04] [Render thread/ERROR]: Item: "mowziesmobs:umvuthana_mask_misery" of material: "umvuthana_mask" has no proper repair ingredient, this is a bug and should be reported to mowziesmobs
[00:14:04] [Render thread/ERROR]: Item: "mowziesmobs:umvuthana_mask_faith" of material: "umvuthana_mask" has no proper repair ingredient, this is a bug and should be reported to mowziesmobs
[00:14:04] [Render thread/ERROR]: Item: "mowziesmobs:umvuthana_mask_fury" of material: "umvuthana_mask" has no proper repair ingredient, this is a bug and should be reported to mowziesmobs
[00:14:04] [Render thread/ERROR]: Item: "mowziesmobs:umvuthana_mask_fear" of material: "umvuthana_mask" has no proper repair ingredient, this is a bug and should be reported to mowziesmobs
[00:14:04] [Render thread/ERROR]: Item: "mowziesmobs:umvuthana_mask_rage" of material: "umvuthana_mask" has no proper repair ingredient, this is a bug and should be reported to mowziesmobs
[00:14:04] [Render thread/ERROR]: Item: "mowziesmobs:umvuthana_mask_bliss" of material: "umvuthana_mask" has no proper repair ingredient, this is a bug and should be reported to mowziesmobs
[00:14:04] [Render thread/ERROR]: Item: "mowziesmobs:umvuthana_mask_misery" of material: "umvuthana_mask" has no proper repair ingredient, this is a bug and should be reported to mowziesmobs
[00:14:04] [Render thread/ERROR]: Item: "mowziesmobs:umvuthana_mask_faith" of material: "umvuthana_mask" has no proper repair ingredient, this is a bug and should be reported to mowziesmobs
[00:14:04] [Render thread/INFO]: Registering recipes: embers:jei_plugin took 76.84 milliseconds
[00:14:04] [Render thread/INFO]: Registering recipes took 1.712 s
[00:14:04] [Render thread/INFO]: Registering recipes transfer handlers...
[00:14:04] [Render thread/INFO]: Registering recipes transfer handlers took 432.5 ?s
[00:14:04] [Render thread/INFO]: Building runtime...
[00:14:04] [Render thread/INFO]: Registering gui handlers...
[00:14:04] [Render thread/INFO]: Registering gui handlers took 466.0 ?s
[00:14:04] [Render thread/INFO]: Registering Runtime...
[00:14:04] [Render thread/INFO]: Starting JEI GUI
[00:14:04] [Render thread/INFO]: Building ingredient list...
[00:14:04] [Render thread/INFO]: Building ingredient list took 71.63 ms
[00:14:04] [Render thread/INFO]: Building ingredient filter...
[00:14:04] [Render thread/INFO]: Adding 10059 ingredients
[00:14:05] [Render thread/INFO]: Added 10059 ingredients
[00:14:05] [Render thread/INFO]: Building ingredient filter took 923.8 ms
[00:14:05] [Render thread/INFO]: Registering Runtime: jei:forge_gui took 1.004 seconds
[00:14:05] [Render thread/INFO]: Registering Runtime took 1.004 s
[00:14:05] [Render thread/INFO]: Building runtime took 1.005 s
[00:14:05] [Render thread/INFO]: Sending Runtime...
[00:14:05] [Render thread/INFO]: Ingredients are being removed at runtime: 9 net.minecraft.world.item.ItemStack
[00:14:05] [Render thread/ERROR]: Could not find a matching ingredient to remove: 1 debug_cube_gen ae2:debug_cube_gen
[00:14:05] [Render thread/ERROR]: Could not find a matching ingredient to remove: 1 debug_chunk_loader ae2:debug_chunk_loader
[00:14:05] [Render thread/ERROR]: Could not find a matching ingredient to remove: 1 debug_energy_gen ae2:debug_energy_gen
[00:14:05] [Render thread/ERROR]: Could not find a matching ingredient to remove: 1 debug_item_gen ae2:debug_item_gen
[00:14:05] [Render thread/ERROR]: Could not find a matching ingredient to remove: 1 debug_phantom_node ae2:debug_phantom_node
[00:14:05] [Render thread/ERROR]: Could not find a matching ingredient to remove: 1 EraserItem[debug_eraser] ae2:debug_eraser
[00:14:05] [Render thread/ERROR]: Could not find a matching ingredient to remove: 1 MeteoritePlacerItem[debug_meteorite_placer] ae2:debug_meteorite_placer
[00:14:05] [Render thread/ERROR]: Could not find a matching ingredient to remove: 1 ReplicatorCardItem[debug_replicator_card] ae2:debug_replicator_card
[00:14:05] [Render thread/INFO]: Sending Runtime took 960.7 ?s
[00:14:05] [Render thread/INFO]: Starting JEI took 2.954 s
[00:14:05] [Render thread/INFO]: Received config from the server: 
[00:14:06] [Render thread/INFO]: Loading config fdbosses:bosses_clientside
[00:14:06] [Render thread/INFO]: Loading config fdlib:fdlib_client
[00:14:06] [Render thread/INFO]: Loaded 63 advancements
[00:14:06] [Render thread/INFO]: BookContentResourceListenerLoader: Files found in 55.80 ?s
[00:14:06] [Render thread/INFO]: BookContentResourceListenerLoader: Files found in 36.50 ?s
[00:14:06] [Render thread/INFO]: BookContentResourceListenerLoader: Files found in 33.40 ?s
[00:14:06] [Render thread/INFO]: BookContentResourceListenerLoader: Files found in 308.4 ?s
[00:14:06] [Render thread/INFO]: BookContentResourceListenerLoader: Files found in 444.7 ?s
[00:14:06] [Render thread/INFO]: BookContentResourceListenerLoader: Files found in 530.0 ?s
[00:14:06] [Render thread/INFO]: BookContentResourceListenerLoader: Files found in 102.4 ?s
[00:14:06] [Render thread/INFO]: BookContentResourceListenerLoader: Files found in 120.9 ?s
[00:14:06] [Render thread/INFO]: BookContentResourceListenerLoader: Files found in 70.20 ?s
[00:14:06] [Render thread/INFO]: BookContentResourceListenerLoader: Files found in 13.80 ?s
[00:14:06] [Render thread/INFO]: BookContentResourceListenerLoader: Files found in 13.10 ?s
[00:14:06] [Render thread/INFO]: BookContentResourceListenerLoader: Files found in 7.700 ?s
[00:14:06] [Render thread/INFO]: BookContentResourceListenerLoader: Files found in 57.00 ?s
[00:14:06] [Render thread/INFO]: BookContentResourceListenerLoader: Files found in 57.00 ?s
[00:14:06] [Render thread/INFO]: BookContentResourceListenerLoader: Files found in 73.60 ?s
[00:14:06] [Render thread/INFO]: BookContentResourceListenerLoader: Files found in 33.70 ?s
[00:14:06] [Render thread/INFO]: BookContentResourceListenerLoader: Files found in 34.20 ?s
[00:14:06] [Render thread/INFO]: BookContentResourceListenerLoader: Files found in 32.90 ?s
[00:14:06] [Render thread/INFO]: BookContentResourceListenerLoader: Files found in 1.466 ms
[00:14:06] [Render thread/WARN]: Invalid icon item stack: Unknown item ID: thermal:lumium_rail
[00:14:06] [Render thread/INFO]: BookContentResourceListenerLoader: Files found in 1.580 ms
[00:14:06] [Render thread/WARN]: Invalid icon item stack: Unknown item ID: thermal:prismarine_rail
[00:14:06] [Render thread/WARN]: Invalid icon item stack: Unknown item ID: thermal:lumium_rail
[00:14:06] [Render thread/WARN]: Invalid icon item stack: Unknown item ID: thermal:underwater_minecart
[00:14:06] [Render thread/WARN]: Invalid icon item stack: Unknown item ID: thermal:watering_can
[00:14:06] [Render thread/WARN]: Invalid icon item stack: Unknown item ID: thermal:fluid_minecart
[00:14:06] [Render thread/WARN]: Invalid icon item stack: Unknown item ID: thermal:pbj_sandwich
[00:14:06] [Render thread/WARN]: Invalid icon item stack: Unknown item ID: thermal:flux_drill
[00:14:06] [Render thread/WARN]: Invalid icon item stack: Unknown item ID: thermal:flux_magnet
[00:14:06] [Render thread/WARN]: Invalid icon item stack: Unknown item ID: thermal:barley
[00:14:06] [Render thread/WARN]: Invalid icon item stack: Unknown item ID: thermal:crossover_rail
[00:14:06] [Render thread/WARN]: Invalid icon item stack: Unknown item ID: thermal:potion_quiver
[00:14:06] [Render thread/WARN]: Invalid icon item stack: Unknown item ID: thermal:potion_infuser
[00:14:06] [Render thread/WARN]: Invalid icon item stack: Unknown item ID: thermal:energy_minecart
[00:14:06] [Render thread/WARN]: Invalid icon item stack: Unknown item ID: thermal:flux_capacitor
[00:14:06] [Render thread/WARN]: Invalid icon item stack: Unknown item ID: thermal:flux_saw
[00:14:06] [Render thread/WARN]: Invalid icon item stack: Unknown item ID: thermal:fluid_reservoir
[00:14:06] [Render thread/INFO]: BookContentResourceListenerLoader: Files found in 1.356 ms
[00:14:06] [Render thread/WARN]: Thermalpedia missing the crafting recipe: thermal:phytosoil
[00:14:06] [Render thread/INFO]: BookContentResourceListenerLoader: Files found in 92.00 ?s
[00:14:06] [Render thread/INFO]: BookContentResourceListenerLoader: Files found in 72.10 ?s
[00:14:06] [Render thread/INFO]: BookContentResourceListenerLoader: Files found in 62.50 ?s
[00:14:06] [Render thread/WARN]: Recipe irons_spellbooks:cryomancer_helmet (of type minecraft:crafting) not found
[00:14:06] [Render thread/WARN]: Recipe irons_spellbooks:pyromancer_helmet (of type minecraft:crafting) not found
[00:14:06] [Render thread/INFO]: BookContentResourceListenerLoader: Files found in 484.6 ?s
[00:14:06] [Render thread/INFO]: BookContentResourceListenerLoader: Files found in 537.5 ?s
[00:14:06] [Render thread/INFO]: BookContentResourceListenerLoader: Files found in 462.7 ?s
[00:14:06] [Render thread/INFO]: BookContentResourceListenerLoader: Files found in 37.30 ?s
[00:14:06] [Render thread/INFO]: BookContentResourceListenerLoader: Files found in 36.90 ?s
[00:14:06] [Render thread/INFO]: BookContentResourceListenerLoader: Files found in 20.10 ?s
[00:14:06] [Render thread/INFO]: BookContentResourceListenerLoader: Files found in 264.1 ?s
[00:14:06] [Render thread/INFO]: BookContentResourceListenerLoader: Files found in 249.8 ?s
[00:14:06] [Render thread/INFO]: BookContentResourceListenerLoader: Files found in 181.3 ?s
[00:14:21] [Render thread/INFO]: Loaded 66 advancements
[00:14:33] [Render thread/INFO]: OpenGL debug message: id=1005, source=API, type=ERROR, severity=HIGH, message='No detailed debug message due to a non-debug context'
[00:14:36] [Render thread/INFO]: OpenGL debug message: id=1005, source=API, type=ERROR, severity=HIGH, message='No detailed debug message due to a non-debug context'
[00:14:40] [Server thread/INFO]: Saving and pausing game...
[00:14:40] [Server thread/INFO]: Saving chunks for level 'ServerLevel[phighting]'/minecraft:overworld
[00:14:40] [Server thread/INFO]: Saving chunks for level 'ServerLevel[phighting]'/cataclysm_dimension:cataclysm_abyssal_depths
[00:14:40] [Server thread/INFO]: Saving chunks for level 'ServerLevel[phighting]'/cataclysm_dimension:cataclysm_sanctum_fallen
[00:14:40] [Server thread/INFO]: Saving chunks for level 'ServerLevel[phighting]'/the_deep_void:the_pit
[00:14:40] [Server thread/INFO]: Saving chunks for level 'ServerLevel[phighting]'/otherverse:ruins
[00:14:40] [Server thread/INFO]: Saving chunks for level 'ServerLevel[phighting]'/cataclysm_dimension:cataclysm_bastion_lost
[00:14:40] [Server thread/INFO]: Saving chunks for level 'ServerLevel[phighting]'/minecraft:the_end
[00:14:40] [Server thread/INFO]: Saving chunks for level 'ServerLevel[phighting]'/cataclysm_dimension:cataclysm_eternal_frosthold
[00:14:40] [Server thread/INFO]: Saving chunks for level 'ServerLevel[phighting]'/cataclysm_dimension:cataclysm_pharaohs_bane
[00:14:40] [Server thread/INFO]: Saving chunks for level 'ServerLevel[phighting]'/the_deep_void:deep_void
[00:14:40] [Server thread/INFO]: Saving chunks for level 'ServerLevel[phighting]'/minecraft:the_nether
[00:14:40] [Server thread/INFO]: Saving chunks for level 'ServerLevel[phighting]'/cataclysm_dimension:cataclysm_forge_of_aeons
[00:14:40] [Server thread/INFO]: Saving chunks for level 'ServerLevel[phighting]'/cataclysm_dimension:cataclysm_infernos_maw
[00:14:40] [Server thread/INFO]: Saving chunks for level 'ServerLevel[phighting]'/irons_spellbooks:pocket_dimension
[00:14:40] [Server thread/INFO]: Saving chunks for level 'ServerLevel[phighting]'/cataclysm_dimension:cataclysm_souls_anvil
[00:14:40] [Server thread/INFO]: Saving chunks for level 'ServerLevel[phighting]'/ae2:spatial_storage
[00:14:40] [Server thread/INFO]: Saving data for 15 chunks for dimension 'overworld' took 1 milliseconds
[00:16:40] [Server thread/INFO]: [SporiumCorium: Killed Primordial Bone Crawler]
[00:16:40] [Render thread/INFO]: [System] [CHAT] Killed Primordial Bone Crawler
[00:16:45] [Server thread/INFO]: Saving and pausing game...
[00:16:45] [Server thread/INFO]: Saving chunks for level 'ServerLevel[phighting]'/minecraft:overworld
[00:16:45] [Server thread/INFO]: Saving chunks for level 'ServerLevel[phighting]'/cataclysm_dimension:cataclysm_abyssal_depths
[00:16:45] [Server thread/INFO]: Saving chunks for level 'ServerLevel[phighting]'/cataclysm_dimension:cataclysm_sanctum_fallen
[00:16:45] [Server thread/INFO]: Saving chunks for level 'ServerLevel[phighting]'/the_deep_void:the_pit
[00:16:45] [Server thread/INFO]: Saving chunks for level 'ServerLevel[phighting]'/otherverse:ruins
[00:16:45] [Server thread/INFO]: Saving chunks for level 'ServerLevel[phighting]'/cataclysm_dimension:cataclysm_bastion_lost
[00:16:45] [Server thread/INFO]: Saving chunks for level 'ServerLevel[phighting]'/minecraft:the_end
[00:16:45] [Server thread/INFO]: Saving chunks for level 'ServerLevel[phighting]'/cataclysm_dimension:cataclysm_eternal_frosthold
[00:16:45] [Server thread/INFO]: Saving chunks for level 'ServerLevel[phighting]'/cataclysm_dimension:cataclysm_pharaohs_bane
[00:16:45] [Server thread/INFO]: Saving chunks for level 'ServerLevel[phighting]'/the_deep_void:deep_void
[00:16:45] [Server thread/INFO]: Saving chunks for level 'ServerLevel[phighting]'/minecraft:the_nether
[00:16:45] [Server thread/INFO]: Saving chunks for level 'ServerLevel[phighting]'/cataclysm_dimension:cataclysm_forge_of_aeons
[00:16:45] [Server thread/INFO]: Saving chunks for level 'ServerLevel[phighting]'/cataclysm_dimension:cataclysm_infernos_maw
[00:16:45] [Server thread/INFO]: Saving chunks for level 'ServerLevel[phighting]'/irons_spellbooks:pocket_dimension
[00:16:45] [Server thread/INFO]: Saving chunks for level 'ServerLevel[phighting]'/cataclysm_dimension:cataclysm_souls_anvil
[00:16:45] [Server thread/INFO]: Saving chunks for level 'ServerLevel[phighting]'/ae2:spatial_storage
[00:16:45] [Server thread/INFO]: Saving data for 16 chunks for dimension 'overworld' took 0 milliseconds
[00:17:43] [Server thread/INFO]: SporiumCorium has made the advancement [Cover Me with Diamonds]
[00:17:43] [Render thread/INFO]: [System] [CHAT] SporiumCorium has made the advancement [Cover Me with Diamonds]
[00:17:43] [Render thread/INFO]: Loaded 73 advancements
[00:18:33] [Render thread/INFO]: Loaded 86 advancements
[00:18:38] [Server thread/INFO]: SporiumCorium has made the advancement [A Realistical Logical Ideologist]
[00:18:38] [Render thread/INFO]: [System] [CHAT] SporiumCorium has made the advancement [A Realistical Logical Ideologist]
[00:18:38] [Render thread/INFO]: Loaded 87 advancements
[00:19:50] [Server thread/INFO]: Saving data for 17 chunks for dimension 'overworld' took 1 milliseconds
[00:20:50] [Render thread/INFO]: Stopping worker threads
[00:20:50] [Render thread/INFO]: Started 6 worker threads
[00:20:50] [Render thread/INFO]: Stopping worker threads
[00:20:50] [Render thread/INFO]: Started 6 worker threads
[00:20:51] [C2ME worker #3/INFO]: merged 6 surface rules with vanilla rule SequenceRuleSource
[00:20:52] [C2ME worker #1/WARN]: Skipping Entity with id 
[00:20:52] [Server thread/INFO]: Saving data for 0 chunks for dimension 'cataclysm_sanctum_fallen' took 1 milliseconds
[00:20:52] [C2ME worker #1/WARN]: Skipping Entity with id 
[00:20:52] [C2ME worker #1/WARN]: Skipping Entity with id 
[00:20:52] [C2ME worker #1/WARN]: Skipping Entity with id 
[00:20:52] [C2ME worker #2/WARN]: Skipping Entity with id 
[00:20:52] [C2ME worker #1/WARN]: Skipping Entity with id 
[00:20:52] [C2ME worker #1/WARN]: Skipping Entity with id 
[00:20:52] [C2ME worker #1/WARN]: Skipping Entity with id 
[00:20:52] [C2ME worker #1/WARN]: Skipping Entity with id 
[00:20:52] [C2ME worker #2/WARN]: Skipping Entity with id 
[00:20:53] [C2ME worker #2/WARN]: Skipping Entity with id 
[00:20:53] [C2ME worker #2/WARN]: Skipping Entity with id 
[00:20:53] [C2ME worker #2/WARN]: Skipping Entity with id 
[00:20:53] [C2ME worker #2/WARN]: Skipping Entity with id 
[00:20:53] [C2ME worker #3/WARN]: Skipping Entity with id 
[00:20:53] [C2ME worker #3/WARN]: Skipping Entity with id 
[00:20:53] [C2ME worker #3/WARN]: Skipping Entity with id 
[00:20:53] [C2ME worker #1/WARN]: Skipping Entity with id 
[00:20:53] [C2ME worker #2/WARN]: Skipping Entity with id 
[00:20:53] [C2ME worker #1/WARN]: Skipping Entity with id 
[00:20:53] [C2ME worker #2/WARN]: Skipping Entity with id 
[00:20:53] [C2ME worker #1/WARN]: Skipping Entity with id 
[00:20:53] [C2ME worker #1/WARN]: Skipping Entity with id 
[00:20:53] [C2ME worker #2/WARN]: Skipping Entity with id 
[00:20:53] [C2ME worker #2/WARN]: Skipping Entity with id 
[00:20:54] [C2ME worker #1/WARN]: Skipping Entity with id 
[00:20:54] [C2ME worker #3/WARN]: Skipping Entity with id 
[00:20:54] [C2ME worker #2/WARN]: Skipping Entity with id 
[00:20:54] [Server thread/WARN]: Can't keep up! Is the server overloaded? Running 3440ms or 68 ticks behind
[00:20:54] [Render thread/WARN]: Received passengers for unknown entity
[00:20:54] [Render thread/WARN]: Received passengers for unknown entity
[00:20:55] [Server thread/INFO]: SporiumCorium has made the advancement [Why in the Sky?]
[00:20:55] [Render thread/INFO]: [System] [CHAT] SporiumCorium has made the advancement [Why in the Sky?]
[00:20:55] [Render thread/INFO]: Loaded 88 advancements
[00:20:55] [C2ME worker #1/WARN]: Skipping Entity with id 
[00:20:55] [C2ME worker #3/WARN]: Skipping Entity with id 
[00:20:55] [C2ME worker #1/WARN]: Skipping Entity with id 
[00:20:55] [Render thread/WARN]: Received passengers for unknown entity
[00:20:55] [Render thread/WARN]: Received passengers for unknown entity
[00:20:55] [Render thread/WARN]: Received passengers for unknown entity
[00:20:56] [Render thread/WARN]: Received passengers for unknown entity
[00:20:56] [Render thread/WARN]: Received passengers for unknown entity
[00:20:56] [Render thread/WARN]: Received passengers for unknown entity
[00:20:56] [Render thread/WARN]: Received passengers for unknown entity
[00:20:57] [Render thread/WARN]: Received passengers for unknown entity
[00:20:57] [Render thread/WARN]: Received passengers for unknown entity
[00:20:58] [C2ME worker #2/WARN]: Skipping Entity with id 
[00:20:58] [C2ME worker #1/WARN]: Skipping Entity with id 
[00:20:58] [C2ME worker #1/WARN]: Skipping Entity with id 
[00:20:58] [Render thread/WARN]: Received passengers for unknown entity
[00:20:58] [Render thread/WARN]: Received passengers for unknown entity
[00:20:58] [Render thread/WARN]: Received passengers for unknown entity
[00:20:59] [Render thread/WARN]: Received passengers for unknown entity
[00:20:59] [Render thread/WARN]: Received passengers for unknown entity
[00:20:59] [Render thread/WARN]: Received passengers for unknown entity
[00:21:00] [Render thread/WARN]: Received passengers for unknown entity
[00:21:00] [Render thread/WARN]: Received passengers for unknown entity
[00:21:02] [Render thread/WARN]: Received passengers for unknown entity
[00:21:02] [Render thread/WARN]: Received passengers for unknown entity
[00:21:03] [Render thread/WARN]: Received passengers for unknown entity
[00:21:04] [Render thread/WARN]: Received passengers for unknown entity
[00:21:04] [Render thread/WARN]: Received passengers for unknown entity
[00:21:04] [Render thread/WARN]: Received passengers for unknown entity
[00:21:06] [Render thread/WARN]: Received passengers for unknown entity
[00:21:07] [Render thread/WARN]: Received passengers for unknown entity
[00:21:07] [Render thread/WARN]: Received passengers for unknown entity
[00:21:07] [Render thread/WARN]: Received passengers for unknown entity
[00:21:08] [Render thread/WARN]: Received passengers for unknown entity
[00:21:08] [Render thread/WARN]: Received passengers for unknown entity
[00:21:42] [Render thread/INFO]: Loaded 89 advancements
[00:21:44] [Render thread/INFO]: Loaded 90 advancements
[00:21:57] [Render thread/INFO]: Loaded 91 advancements
[00:22:09] [Render thread/WARN]: Received passengers for unknown entity
[00:22:10] [Render thread/WARN]: Received passengers for unknown entity
[00:22:11] [Render thread/WARN]: Received passengers for unknown entity
[00:22:11] [Render thread/WARN]: Received passengers for unknown entity
[00:22:11] [Render thread/WARN]: Received passengers for unknown entity
[00:22:11] [Render thread/WARN]: Received passengers for unknown entity
[00:22:11] [Render thread/WARN]: Received passengers for unknown entity
[00:22:13] [Render thread/WARN]: Received passengers for unknown entity
[00:22:15] [Render thread/WARN]: Received passengers for unknown entity
[00:22:22] [Render thread/WARN]: Received passengers for unknown entity
[00:22:23] [Render thread/WARN]: Received passengers for unknown entity
[00:22:23] [Render thread/WARN]: Received passengers for unknown entity
[00:22:24] [Render thread/WARN]: Received passengers for unknown entity
[00:22:24] [Render thread/WARN]: Received passengers for unknown entity
[00:22:24] [Render thread/WARN]: Received passengers for unknown entity
[00:22:25] [Render thread/WARN]: Received passengers for unknown entity
[00:22:25] [Render thread/WARN]: Received passengers for unknown entity
[00:22:25] [Render thread/WARN]: Received passengers for unknown entity
[00:22:25] [Render thread/WARN]: Received passengers for unknown entity
[00:22:26] [Render thread/WARN]: Received passengers for unknown entity
[00:22:30] [Render thread/WARN]: Received passengers for unknown entity
[00:22:31] [Render thread/WARN]: Received passengers for unknown entity
[00:22:31] [Render thread/WARN]: Received passengers for unknown entity
[00:22:31] [Render thread/WARN]: Received passengers for unknown entity
[00:22:31] [Render thread/WARN]: Received passengers for unknown entity
[00:22:32] [Render thread/WARN]: Received passengers for unknown entity
[00:22:34] [Server thread/INFO]: SporiumCorium has made the advancement [Sweet Dreams]
[00:22:34] [Render thread/INFO]: [System] [CHAT] Respawn point set
[00:22:34] [Render thread/INFO]: [System] [CHAT] SporiumCorium has made the advancement [Sweet Dreams]
[00:22:34] [Render thread/INFO]: Loaded 96 advancements
[00:22:36] [Render thread/INFO]: Loaded 105 advancements
[00:22:38] [Render thread/WARN]: Received passengers for unknown entity
[00:22:44] [Render thread/INFO]: Loaded 118 advancements
[00:22:49] [Render thread/WARN]: Received passengers for unknown entity
[00:22:52] [Render thread/WARN]: Received passengers for unknown entity
[00:22:55] [Render thread/INFO]: Listing events...
[00:22:55] [Render thread/INFO]: World join: 2
[00:22:55] [Render thread/INFO]:   Singleplayer: 2
[00:22:55] [Render thread/INFO]:   Multiplayer: 0
[00:22:55] [Render thread/INFO]: Client Level Updates: 6
[00:22:55] [Render thread/INFO]: Client Player Logout: 3
[00:22:55] [Render thread/INFO]: Client Player Clone: 1
[00:22:55] [Render thread/INFO]: Server Player Logout: 1
[00:22:55] [Render thread/INFO]: Server Stopped: 1
[00:22:55] [Render thread/INFO]: Listing memory leaks so far...
[00:22:55] [Render thread/INFO]: B: 2610MB / C: 3179MB / Diff: +569MB
[00:22:55] [Render thread/INFO]: Memory Leaks detected: (/atl force_refresh to update)
[00:22:55] [Render thread/INFO]: | MinecraftServer:
[00:22:55] [Render thread/INFO]: |- IntegratedServer (minecraft): 1
[00:22:55] [Render thread/INFO]: | Level:
[00:22:55] [Render thread/INFO]: |- ServerLevel (minecraft): 16
[00:22:55] [Render thread/INFO]: |- ClientLevel (minecraft): 2
[00:22:55] [Render thread/INFO]: | Player:
[00:22:55] [Render thread/INFO]: |- LocalPlayer (minecraft): 2
[00:22:55] [Render thread/INFO]: |- ServerPlayer (minecraft): 1
[00:22:55] [Render thread/INFO]: | ChunkAccess:
[00:22:55] [Render thread/INFO]: |- LevelChunk (minecraft): 215
[00:23:02] [Render thread/INFO]: [System] [CHAT] 5 is higher than the maximum level of 3 supported by that enchantment
[00:23:05] [Server thread/INFO]: [SporiumCorium: Applied enchantment Unbreaking III to SporiumCorium's item]
[00:23:05] [Render thread/INFO]: [System] [CHAT] Applied enchantment Unbreaking III to SporiumCorium's item
[00:23:08] [Server thread/INFO]: [SporiumCorium: Applied enchantment Unbreaking III to SporiumCorium's item]
[00:23:08] [Render thread/INFO]: [System] [CHAT] Applied enchantment Unbreaking III to SporiumCorium's item
[00:23:10] [Server thread/INFO]: [SporiumCorium: Applied enchantment Unbreaking III to SporiumCorium's item]
[00:23:10] [Render thread/INFO]: [System] [CHAT] Applied enchantment Unbreaking III to SporiumCorium's item
[00:23:13] [Server thread/INFO]: [SporiumCorium: Applied enchantment Unbreaking III to SporiumCorium's item]
[00:23:13] [Render thread/INFO]: [System] [CHAT] Applied enchantment Unbreaking III to SporiumCorium's item
[00:23:16] [Server thread/INFO]: [SporiumCorium: Applied enchantment Unbreaking III to SporiumCorium's item]
[00:23:16] [Render thread/INFO]: [System] [CHAT] Applied enchantment Unbreaking III to SporiumCorium's item
[00:23:18] [Server thread/INFO]: [SporiumCorium: Applied enchantment Unbreaking III to SporiumCorium's item]
[00:23:18] [Render thread/INFO]: [System] [CHAT] Applied enchantment Unbreaking III to SporiumCorium's item
[00:23:26] [Server thread/INFO]: [SporiumCorium: Applied enchantment Unbreaking III to SporiumCorium's item]
[00:23:26] [Render thread/INFO]: [System] [CHAT] Applied enchantment Unbreaking III to SporiumCorium's item
[00:23:33] [Render thread/WARN]: Received passengers for unknown entity
[00:23:40] [Server thread/INFO]: [SporiumCorium: Applied enchantment Infinity to SporiumCorium's item]
[00:23:40] [Render thread/INFO]: [System] [CHAT] Applied enchantment Infinity to SporiumCorium's item
[00:23:50] [Server thread/INFO]: [SporiumCorium: Set own game mode to Survival Mode]
[00:23:50] [Render thread/INFO]: [System] [CHAT] Set own game mode to Survival Mode
[00:24:08] [Render thread/WARN]: Received passengers for unknown entity
[00:24:10] [Render thread/WARN]: Received passengers for unknown entity
[00:24:12] [Server thread/INFO]: SporiumCorium was slain by Scylla
[00:24:12] [Render thread/INFO]: [System] [CHAT] SporiumCorium was slain by Scylla
[00:24:12] [Render thread/INFO]: Loaded 143 advancements
[00:24:15] [C2ME worker #2/WARN]: Skipping Entity with id 
[00:24:15] [C2ME worker #2/WARN]: Skipping Entity with id 
[00:24:15] [C2ME worker #2/WARN]: Skipping Entity with id 
[00:24:15] [C2ME worker #2/WARN]: Skipping Entity with id 
[00:24:15] [C2ME worker #2/WARN]: Skipping Entity with id 
[00:24:15] [C2ME worker #3/WARN]: Skipping Entity with id 
[00:24:15] [C2ME worker #3/WARN]: Skipping Entity with id 
[00:24:15] [C2ME worker #3/WARN]: Skipping Entity with id 
[00:24:15] [C2ME worker #3/WARN]: Skipping Entity with id 
[00:24:15] [C2ME worker #3/WARN]: Skipping Entity with id 
[00:24:15] [C2ME worker #3/WARN]: Skipping Entity with id 
[00:24:15] [C2ME worker #3/WARN]: Skipping Entity with id 
[00:24:15] [C2ME worker #3/WARN]: Skipping Entity with id 
[00:24:15] [Server thread/ERROR]: Cannot have null removal reason on Clone event!
[00:24:16] [Render thread/WARN]: Received passengers for unknown entity
[00:24:16] [Render thread/WARN]: Received passengers for unknown entity
[00:24:18] [Server thread/INFO]: [SporiumCorium: Set own game mode to Creative Mode]
[00:24:18] [Render thread/INFO]: [System] [CHAT] Set own game mode to Creative Mode
[00:24:36] [Server thread/INFO]: [SporiumCorium: Gamerule keepInventory is now set to: true]
[00:24:36] [Render thread/INFO]: [System] [CHAT] Gamerule keepInventory is now set to: true
[00:24:54] [Server thread/INFO]: Saving data for 17 chunks for dimension 'cataclysm_sanctum_fallen' took 0 milliseconds
[00:24:54] [Server thread/INFO]: Saving data for 17 chunks for dimension 'overworld' took 1 milliseconds
[00:25:43] [Render thread/WARN]: Received passengers for unknown entity
[00:27:19] [Render thread/WARN]: Received passengers for unknown entity
[00:27:19] [Render thread/WARN]: Received passengers for unknown entity
[00:27:19] [Render thread/WARN]: Received passengers for unknown entity
[00:27:19] [Render thread/WARN]: Received passengers for unknown entity
[00:27:19] [Render thread/WARN]: Received passengers for unknown entity
[00:27:19] [Render thread/WARN]: Received passengers for unknown entity
[00:27:23] [Render thread/WARN]: Received passengers for unknown entity
[00:27:23] [Render thread/WARN]: Received passengers for unknown entity
[00:27:23] [Render thread/WARN]: Received passengers for unknown entity
[00:27:23] [Render thread/WARN]: Received passengers for unknown entity
[00:27:23] [Render thread/WARN]: Received passengers for unknown entity
[00:27:23] [Render thread/WARN]: Received passengers for unknown entity
[00:27:23] [Render thread/WARN]: Received passengers for unknown entity
[00:27:23] [Render thread/WARN]: Received passengers for unknown entity
[00:27:24] [Render thread/WARN]: Received passengers for unknown entity
[00:27:24] [Render thread/WARN]: Received passengers for unknown entity
[00:27:24] [Render thread/WARN]: Received passengers for unknown entity
[00:27:35] [Server thread/INFO]: [SporiumCorium: Killed 2 entities]
[00:27:35] [Render thread/INFO]: [System] [CHAT] Killed 2 entities
[00:28:14] [Server thread/INFO]: Saving and pausing game...
[00:28:14] [Server thread/INFO]: Saving chunks for level 'ServerLevel[phighting]'/minecraft:overworld
[00:28:14] [Server thread/INFO]: Saving chunks for level 'ServerLevel[phighting]'/cataclysm_dimension:cataclysm_abyssal_depths
[00:28:14] [Server thread/INFO]: Saving chunks for level 'ServerLevel[phighting]'/cataclysm_dimension:cataclysm_sanctum_fallen
[00:28:14] [Server thread/INFO]: Saving chunks for level 'ServerLevel[phighting]'/the_deep_void:the_pit
[00:28:14] [Server thread/INFO]: Saving chunks for level 'ServerLevel[phighting]'/otherverse:ruins
[00:28:14] [Server thread/INFO]: Saving chunks for level 'ServerLevel[phighting]'/cataclysm_dimension:cataclysm_bastion_lost
[00:28:14] [Server thread/INFO]: Saving chunks for level 'ServerLevel[phighting]'/minecraft:the_end
[00:28:14] [Server thread/INFO]: Saving chunks for level 'ServerLevel[phighting]'/cataclysm_dimension:cataclysm_eternal_frosthold
[00:28:14] [Server thread/INFO]: Saving chunks for level 'ServerLevel[phighting]'/cataclysm_dimension:cataclysm_pharaohs_bane
[00:28:14] [Server thread/INFO]: Saving chunks for level 'ServerLevel[phighting]'/the_deep_void:deep_void
[00:28:14] [Server thread/INFO]: Saving chunks for level 'ServerLevel[phighting]'/minecraft:the_nether
[00:28:14] [Server thread/INFO]: Saving chunks for level 'ServerLevel[phighting]'/cataclysm_dimension:cataclysm_forge_of_aeons
[00:28:14] [Server thread/INFO]: Saving chunks for level 'ServerLevel[phighting]'/cataclysm_dimension:cataclysm_infernos_maw
[00:28:14] [Server thread/INFO]: Saving chunks for level 'ServerLevel[phighting]'/irons_spellbooks:pocket_dimension
[00:28:14] [Server thread/INFO]: Saving chunks for level 'ServerLevel[phighting]'/cataclysm_dimension:cataclysm_souls_anvil
[00:28:14] [Server thread/INFO]: Saving chunks for level 'ServerLevel[phighting]'/ae2:spatial_storage
[00:28:14] [Server thread/INFO]: Saving data for 22 chunks for dimension 'cataclysm_sanctum_fallen' took 0 milliseconds
[00:28:14] [Server thread/INFO]: Saving data for 17 chunks for dimension 'overworld' took 1 milliseconds
[00:28:29] [Render thread/WARN]: Received passengers for unknown entity
[00:28:29] [Render thread/WARN]: Received passengers for unknown entity
[00:28:35] [Server thread/INFO]: Saving and pausing game...
[00:28:35] [Server thread/INFO]: Saving chunks for level 'ServerLevel[phighting]'/minecraft:overworld
[00:28:35] [Server thread/INFO]: Saving chunks for level 'ServerLevel[phighting]'/cataclysm_dimension:cataclysm_abyssal_depths
[00:28:35] [Server thread/INFO]: Saving chunks for level 'ServerLevel[phighting]'/cataclysm_dimension:cataclysm_sanctum_fallen
[00:28:35] [Server thread/INFO]: Saving chunks for level 'ServerLevel[phighting]'/the_deep_void:the_pit
[00:28:35] [Server thread/INFO]: Saving chunks for level 'ServerLevel[phighting]'/otherverse:ruins
[00:28:35] [Server thread/INFO]: Saving chunks for level 'ServerLevel[phighting]'/cataclysm_dimension:cataclysm_bastion_lost
[00:28:35] [Server thread/INFO]: Saving chunks for level 'ServerLevel[phighting]'/minecraft:the_end
[00:28:35] [Server thread/INFO]: Saving chunks for level 'ServerLevel[phighting]'/cataclysm_dimension:cataclysm_eternal_frosthold
[00:28:35] [Server thread/INFO]: Saving chunks for level 'ServerLevel[phighting]'/cataclysm_dimension:cataclysm_pharaohs_bane
[00:28:35] [Server thread/INFO]: Saving chunks for level 'ServerLevel[phighting]'/the_deep_void:deep_void
[00:28:35] [Server thread/INFO]: Saving chunks for level 'ServerLevel[phighting]'/minecraft:the_nether
[00:28:35] [Server thread/INFO]: Saving chunks for level 'ServerLevel[phighting]'/cataclysm_dimension:cataclysm_forge_of_aeons
[00:28:35] [Server thread/INFO]: Saving chunks for level 'ServerLevel[phighting]'/cataclysm_dimension:cataclysm_infernos_maw
[00:28:35] [Server thread/INFO]: Saving chunks for level 'ServerLevel[phighting]'/irons_spellbooks:pocket_dimension
[00:28:35] [Server thread/INFO]: Saving chunks for level 'ServerLevel[phighting]'/cataclysm_dimension:cataclysm_souls_anvil
[00:28:35] [Server thread/INFO]: Saving chunks for level 'ServerLevel[phighting]'/ae2:spatial_storage
[00:28:35] [Server thread/INFO]: Saving data for 22 chunks for dimension 'cataclysm_sanctum_fallen' took 0 milliseconds
[00:28:35] [Server thread/INFO]: Saving data for 17 chunks for dimension 'overworld' took 0 milliseconds
[00:28:35] [Render thread/INFO]: JEI StartEventObserver received class net.minecraftforge.client.event.ClientPlayerNetworkEvent$LoggingOut
[00:28:35] [Render thread/INFO]: JEI StartEventObserver transitioning state from JEI_STARTED to DISABLED
[00:28:35] [Render thread/INFO]: Stopping JEI
[00:28:35] [Render thread/INFO]: Sending Runtime Unavailable...
[00:28:35] [Render thread/INFO]: Stopping JEI GUI
[00:28:35] [Render thread/INFO]: Sending Runtime Unavailable took 2.732 ms
[00:28:35] [Server thread/INFO]: SporiumCorium lost connection: Disconnected
[00:28:35] [Server thread/INFO]: SporiumCorium left the game
[00:28:35] [Server thread/INFO]: Stopping singleplayer server as player logged out
[00:28:35] [Server thread/INFO]: Stopping server
[00:28:35] [Server thread/INFO]: Saving players
[00:28:35] [Server thread/INFO]: Saving worlds
[00:28:36] [Server thread/INFO]: Saving chunks for level 'ServerLevel[phighting]'/minecraft:overworld
[00:28:38] [Server thread/INFO]: Saving chunks for level 'ServerLevel[phighting]'/cataclysm_dimension:cataclysm_abyssal_depths
[00:28:38] [Server thread/INFO]: Saving chunks for level 'ServerLevel[phighting]'/cataclysm_dimension:cataclysm_sanctum_fallen
[00:28:38] [Server thread/INFO]: Saving chunks for level 'ServerLevel[phighting]'/the_deep_void:the_pit
[00:28:38] [Server thread/INFO]: Saving chunks for level 'ServerLevel[phighting]'/otherverse:ruins
[00:28:38] [Server thread/INFO]: Saving chunks for level 'ServerLevel[phighting]'/cataclysm_dimension:cataclysm_bastion_lost
[00:28:38] [Server thread/INFO]: Saving chunks for level 'ServerLevel[phighting]'/minecraft:the_end
[00:28:38] [Server thread/INFO]: Saving chunks for level 'ServerLevel[phighting]'/cataclysm_dimension:cataclysm_eternal_frosthold
[00:28:38] [Server thread/INFO]: Saving chunks for level 'ServerLevel[phighting]'/cataclysm_dimension:cataclysm_pharaohs_bane
[00:28:38] [Server thread/INFO]: Saving chunks for level 'ServerLevel[phighting]'/the_deep_void:deep_void
[00:28:38] [Server thread/INFO]: Saving chunks for level 'ServerLevel[phighting]'/minecraft:the_nether
[00:28:38] [Server thread/INFO]: Saving chunks for level 'ServerLevel[phighting]'/cataclysm_dimension:cataclysm_forge_of_aeons
[00:28:38] [Server thread/INFO]: Saving chunks for level 'ServerLevel[phighting]'/cataclysm_dimension:cataclysm_infernos_maw
[00:28:38] [Server thread/INFO]: Saving chunks for level 'ServerLevel[phighting]'/irons_spellbooks:pocket_dimension
[00:28:38] [Server thread/INFO]: Saving chunks for level 'ServerLevel[phighting]'/cataclysm_dimension:cataclysm_souls_anvil
[00:28:38] [Server thread/INFO]: Saving chunks for level 'ServerLevel[phighting]'/ae2:spatial_storage
[00:28:38] [Server thread/INFO]: ThreadedAnvilChunkStorage (phighting): All chunks are saved
[00:28:38] [Server thread/INFO]: ThreadedAnvilChunkStorage (cataclysm_abyssal_depths): All chunks are saved
[00:28:38] [Server thread/INFO]: ThreadedAnvilChunkStorage (cataclysm_sanctum_fallen): All chunks are saved
[00:28:38] [Server thread/INFO]: ThreadedAnvilChunkStorage (the_pit): All chunks are saved
[00:28:38] [Server thread/INFO]: ThreadedAnvilChunkStorage (ruins): All chunks are saved
[00:28:38] [Server thread/INFO]: ThreadedAnvilChunkStorage (cataclysm_bastion_lost): All chunks are saved
[00:28:38] [Server thread/INFO]: ThreadedAnvilChunkStorage (DIM1): All chunks are saved
[00:28:38] [Server thread/INFO]: ThreadedAnvilChunkStorage (cataclysm_eternal_frosthold): All chunks are saved
[00:28:38] [Server thread/INFO]: ThreadedAnvilChunkStorage (cataclysm_pharaohs_bane): All chunks are saved
[00:28:38] [Server thread/INFO]: ThreadedAnvilChunkStorage (deep_void): All chunks are saved
[00:28:38] [Server thread/INFO]: ThreadedAnvilChunkStorage (DIM-1): All chunks are saved
[00:28:38] [Server thread/INFO]: ThreadedAnvilChunkStorage (cataclysm_forge_of_aeons): All chunks are saved
[00:28:38] [Server thread/INFO]: ThreadedAnvilChunkStorage (cataclysm_infernos_maw): All chunks are saved
[00:28:38] [Server thread/INFO]: ThreadedAnvilChunkStorage (pocket_dimension): All chunks are saved
[00:28:38] [Server thread/INFO]: ThreadedAnvilChunkStorage (cataclysm_souls_anvil): All chunks are saved
[00:28:38] [Server thread/INFO]: ThreadedAnvilChunkStorage (spatial_storage): All chunks are saved
[00:28:38] [Server thread/INFO]: ThreadedAnvilChunkStorage: All dimensions are saved
[00:28:38] [C2ME Storage #54/INFO]: Storage thread Thread[C2ME Storage #54,5,SERVER] stopped
[00:28:38] [C2ME Storage #51/INFO]: Storage thread Thread[C2ME Storage #51,5,SERVER] stopped
[00:28:38] [C2ME Storage #60/INFO]: Storage thread Thread[C2ME Storage #60,5,SERVER] stopped
[00:28:38] [C2ME Storage #63/INFO]: Storage thread Thread[C2ME Storage #63,5,SERVER] stopped
[00:28:38] [C2ME Storage #57/INFO]: Storage thread Thread[C2ME Storage #57,5,SERVER] stopped
[00:28:38] [C2ME Storage #66/INFO]: Storage thread Thread[C2ME Storage #66,5,SERVER] stopped
[00:28:38] [C2ME Storage #69/INFO]: Storage thread Thread[C2ME Storage #69,5,SERVER] stopped
[00:28:38] [C2ME Storage #72/INFO]: Storage thread Thread[C2ME Storage #72,5,SERVER] stopped
[00:28:38] [C2ME Storage #75/INFO]: Storage thread Thread[C2ME Storage #75,5,SERVER] stopped
[00:28:38] [C2ME Storage #81/INFO]: Storage thread Thread[C2ME Storage #81,5,SERVER] stopped
[00:28:38] [C2ME Storage #78/INFO]: Storage thread Thread[C2ME Storage #78,5,SERVER] stopped
[00:28:38] [C2ME Storage #84/INFO]: Storage thread Thread[C2ME Storage #84,5,SERVER] stopped
[00:28:38] [C2ME Storage #87/INFO]: Storage thread Thread[C2ME Storage #87,5,SERVER] stopped
[00:28:38] [C2ME Storage #90/INFO]: Storage thread Thread[C2ME Storage #90,5,SERVER] stopped
[00:28:38] [C2ME Storage #93/INFO]: Storage thread Thread[C2ME Storage #93,5,SERVER] stopped
[00:28:38] [C2ME Storage #96/INFO]: Storage thread Thread[C2ME Storage #96,5,SERVER] stopped
[00:28:38] [Server thread/INFO]: Server stopping, clearing chunk activity tracking map.
[00:28:40] [Render thread/INFO]: Stopping worker threads
[00:28:46] [C2ME Storage #53/INFO]: Storage thread Thread[C2ME Storage #53,5,SERVER] stopped
[00:28:46] [C2ME Storage #59/INFO]: Storage thread Thread[C2ME Storage #59,5,SERVER] stopped
[00:28:46] [C2ME Storage #65/INFO]: Storage thread Thread[C2ME Storage #65,5,SERVER] stopped
[00:28:46] [C2ME Storage #50/INFO]: Storage thread Thread[C2ME Storage #50,5,SERVER] stopped
[00:28:46] [C2ME Storage #71/INFO]: Storage thread Thread[C2ME Storage #71,5,SERVER] stopped
[00:28:46] [C2ME Storage #52/INFO]: Storage thread Thread[C2ME Storage #52,5,SERVER] stopped
[00:28:46] [C2ME Storage #49/INFO]: Storage thread Thread[C2ME Storage #49,5,SERVER] stopped
[00:28:46] [C2ME Storage #83/INFO]: Storage thread Thread[C2ME Storage #83,5,SERVER] stopped
[00:28:46] [C2ME Storage #82/INFO]: Storage thread Thread[C2ME Storage #82,5,SERVER] stopped
[00:28:46] [C2ME Storage #62/INFO]: Storage thread Thread[C2ME Storage #62,5,SERVER] stopped
[00:28:46] [C2ME Storage #88/INFO]: Storage thread Thread[C2ME Storage #88,5,SERVER] stopped
[00:28:46] [C2ME Storage #61/INFO]: Storage thread Thread[C2ME Storage #61,5,SERVER] stopped
[00:28:46] [C2ME Storage #89/INFO]: Storage thread Thread[C2ME Storage #89,5,SERVER] stopped
[00:28:46] [C2ME Storage #58/INFO]: Storage thread Thread[C2ME Storage #58,5,SERVER] stopped
[00:28:46] [C2ME Storage #68/INFO]: Storage thread Thread[C2ME Storage #68,5,SERVER] stopped
[00:28:46] [C2ME Storage #67/INFO]: Storage thread Thread[C2ME Storage #67,5,SERVER] stopped
[00:28:46] [C2ME Storage #77/INFO]: Storage thread Thread[C2ME Storage #77,5,SERVER] stopped
[00:28:46] [C2ME Storage #95/INFO]: Storage thread Thread[C2ME Storage #95,5,SERVER] stopped
[00:28:46] [C2ME Storage #94/INFO]: Storage thread Thread[C2ME Storage #94,5,SERVER] stopped
[00:28:46] [C2ME Storage #64/INFO]: Storage thread Thread[C2ME Storage #64,5,SERVER] stopped
[00:28:46] [C2ME Storage #74/INFO]: Storage thread Thread[C2ME Storage #74,5,SERVER] stopped
[00:28:46] [C2ME Storage #73/INFO]: Storage thread Thread[C2ME Storage #73,5,SERVER] stopped
[00:28:46] [C2ME Storage #55/INFO]: Storage thread Thread[C2ME Storage #55,5,SERVER] stopped
[00:28:46] [C2ME Storage #70/INFO]: Storage thread Thread[C2ME Storage #70,5,SERVER] stopped
[00:28:46] [C2ME Storage #79/INFO]: Storage thread Thread[C2ME Storage #79,5,SERVER] stopped
[00:28:46] [C2ME Storage #85/INFO]: Storage thread Thread[C2ME Storage #85,5,SERVER] stopped
[00:28:46] [C2ME Storage #80/INFO]: Storage thread Thread[C2ME Storage #80,5,SERVER] stopped
[00:28:46] [C2ME Storage #91/INFO]: Storage thread Thread[C2ME Storage #91,5,SERVER] stopped
[00:28:46] [C2ME Storage #86/INFO]: Storage thread Thread[C2ME Storage #86,5,SERVER] stopped
[00:28:46] [C2ME Storage #92/INFO]: Storage thread Thread[C2ME Storage #92,5,SERVER] stopped
[00:28:46] [C2ME Storage #56/INFO]: Storage thread Thread[C2ME Storage #56,5,SERVER] stopped
[00:28:46] [C2ME Storage #76/INFO]: Storage thread Thread[C2ME Storage #76,5,SERVER] stopped
[00:30:19] [Render thread/INFO]: Registering CHLORIDE built-in packs
[00:30:19] [Render thread/INFO]: Injecting existing registry data into this CLIENT instance
[00:30:21] [Render thread/INFO]: example.js#5: Hello, World! (Loaded server scripts)
[00:30:21] [Render thread/INFO]: Loaded script server_scripts:example.js in 0.001 s
[00:30:21] [Render thread/INFO]: Loaded 1/1 KubeJS server scripts in 0.006 s with 0 errors and 0 warnings
[00:30:21] [Render thread/INFO]: Scripts loaded
[00:30:21] [Render thread/INFO]: Starting runtime resource generation for pack type SERVER_DATA with generators from mods [moonlight]: []
[00:30:21] [Render thread/INFO]: Finished runtime resources generation for 1 packs in a total of 0 ms
[00:30:21] [Worker-Main-10/ERROR]: Couldn't load tag justdirethings:paradox_deny as it is missing following references: justdirethings:paradox_machine (from [Forge] justdirethings-1.1.6.jar)
[00:30:21] [Worker-Main-17/ERROR]: Couldn't parse element loot_tables:irons_spellbooks:chests/catacombs/crypt_loot
com.google.gson.JsonSyntaxException: Missing name, expected to find a string
	at net.minecraft.util.GsonHelper.m_13906_(GsonHelper.java:127) ~[client-1.20.1-20230612.114412-srg.jar%23338!/:?]
	at net.minecraft.world.level.storage.loot.entries.LootTableReference$Serializer.m_7267_(LootTableReference.java:67) ~[client-1.20.1-20230612.114412-srg.jar%23338!/:?]
	at net.minecraft.world.level.storage.loot.entries.LootTableReference$Serializer.m_7267_(LootTableReference.java:58) ~[client-1.20.1-20230612.114412-srg.jar%23338!/:?]
	at net.minecraft.world.level.storage.loot.entries.LootPoolSingletonContainer$Serializer.m_5921_(LootPoolSingletonContainer.java:151) ~[client-1.20.1-20230612.114412-srg.jar%23338!/:?]
	at net.minecraft.world.level.storage.loot.entries.LootPoolSingletonContainer$Serializer.m_5921_(LootPoolSingletonContainer.java:129) ~[client-1.20.1-20230612.114412-srg.jar%23338!/:?]
	at net.minecraft.world.level.storage.loot.entries.LootPoolEntryContainer$Serializer.m_7561_(LootPoolEntryContainer.java:86) ~[client-1.20.1-20230612.114412-srg.jar%23338!/:?]
	at net.minecraft.world.level.storage.loot.entries.LootPoolEntryContainer$Serializer.m_7561_(LootPoolEntryContainer.java:74) ~[client-1.20.1-20230612.114412-srg.jar%23338!/:?]
	at net.minecraft.world.level.storage.loot.GsonAdapterFactory$JsonAdapter.deserialize(GsonAdapterFactory.java:102) ~[client-1.20.1-20230612.114412-srg.jar%23338!/:?]
	at com.google.gson.internal.bind.TreeTypeAdapter.read(TreeTypeAdapter.java:76) ~[gson-2.10.jar%23107!/:?]
	at com.google.gson.internal.bind.TypeAdapterRuntimeTypeWrapper.read(TypeAdapterRuntimeTypeWrapper.java:40) ~[gson-2.10.jar%23107!/:?]
	at com.google.gson.internal.bind.ArrayTypeAdapter.read(ArrayTypeAdapter.java:72) ~[gson-2.10.jar%23107!/:?]
	at com.google.gson.Gson.fromJson(Gson.java:1214) ~[gson-2.10.jar%23107!/:?]
	at com.google.gson.Gson.fromJson(Gson.java:1319) ~[gson-2.10.jar%23107!/:?]
	at com.google.gson.Gson.fromJson(Gson.java:1290) ~[gson-2.10.jar%23107!/:?]
	at com.google.gson.internal.bind.TreeTypeAdapter$GsonContextImpl.deserialize(TreeTypeAdapter.java:179) ~[gson-2.10.jar%23107!/:?]
	at net.minecraft.util.GsonHelper.m_13808_(GsonHelper.java:463) ~[client-1.20.1-20230612.114412-srg.jar%23338!/:?]
	at net.minecraft.util.GsonHelper.m_13836_(GsonHelper.java:471) ~[client-1.20.1-20230612.114412-srg.jar%23338!/:?]
	at net.minecraft.world.level.storage.loot.LootPool$Serializer.deserialize(LootPool.java:192) ~[client-1.20.1-20230612.114412-srg.jar%23338!/:?]
	at net.minecraft.world.level.storage.loot.LootPool$Serializer.deserialize(LootPool.java:189) ~[client-1.20.1-20230612.114412-srg.jar%23338!/:?]
	at com.google.gson.internal.bind.TreeTypeAdapter.read(TreeTypeAdapter.java:76) ~[gson-2.10.jar%23107!/:?]
	at com.google.gson.internal.bind.TypeAdapterRuntimeTypeWrapper.read(TypeAdapterRuntimeTypeWrapper.java:40) ~[gson-2.10.jar%23107!/:?]
	at com.google.gson.internal.bind.ArrayTypeAdapter.read(ArrayTypeAdapter.java:72) ~[gson-2.10.jar%23107!/:?]
	at com.google.gson.Gson.fromJson(Gson.java:1214) ~[gson-2.10.jar%23107!/:?]
	at com.google.gson.Gson.fromJson(Gson.java:1319) ~[gson-2.10.jar%23107!/:?]
	at com.google.gson.Gson.fromJson(Gson.java:1290) ~[gson-2.10.jar%23107!/:?]
	at com.google.gson.internal.bind.TreeTypeAdapter$GsonContextImpl.deserialize(TreeTypeAdapter.java:179) ~[gson-2.10.jar%23107!/:?]
	at net.minecraft.util.GsonHelper.m_13808_(GsonHelper.java:463) ~[client-1.20.1-20230612.114412-srg.jar%23338!/:?]
	at net.minecraft.util.GsonHelper.m_13845_(GsonHelper.java:481) ~[client-1.20.1-20230612.114412-srg.jar%23338!/:?]
	at net.minecraft.world.level.storage.loot.LootTable$Serializer.deserialize(LootTable.java:294) ~[client-1.20.1-20230612.114412-srg.jar%23338!/:?]
	at net.minecraft.world.level.storage.loot.LootTable$Serializer.deserialize(LootTable.java:291) ~[client-1.20.1-20230612.114412-srg.jar%23338!/:?]
	at com.google.gson.internal.bind.TreeTypeAdapter.read(TreeTypeAdapter.java:76) ~[gson-2.10.jar%23107!/:?]
	at com.google.gson.Gson.fromJson(Gson.java:1214) ~[gson-2.10.jar%23107!/:?]
	at com.google.gson.Gson.fromJson(Gson.java:1319) ~[gson-2.10.jar%23107!/:?]
	at com.google.gson.Gson.fromJson(Gson.java:1261) ~[gson-2.10.jar%23107!/:?]
	at net.minecraftforge.common.ForgeHooks.loadLootTable(ForgeHooks.java:872) ~[forge-1.20.1-47.4.10-universal.jar%23343!/:?]
	at net.minecraftforge.common.ForgeHooks.lambda$getLootTableDeserializer$3(ForgeHooks.java:849) ~[forge-1.20.1-47.4.10-universal.jar%23343!/:?]
	at net.minecraft.world.level.storage.loot.LootDataType.deserialize(LootDataType.java:45) ~[client-1.20.1-20230612.114412-srg.jar%23338!/:?]
	at net.minecraft.world.level.storage.loot.LootDataManager.lambda$scheduleElementParse$4(LootDataManager.java:56) ~[client-1.20.1-20230612.114412-srg.jar%23338!/:?]
	at java.util.HashMap.forEach(HashMap.java:1421) ~[?:?]
	at net.minecraft.world.level.storage.loot.LootDataManager.m_278660_(LootDataManager.java:55) ~[client-1.20.1-20230612.114412-srg.jar%23338!/:?]
	at java.util.concurrent.CompletableFuture$AsyncRun.run(CompletableFuture.java:1804) ~[?:?]
	at java.util.concurrent.CompletableFuture$AsyncRun.exec(CompletableFuture.java:1796) ~[?:?]
	at java.util.concurrent.ForkJoinTask.doExec(ForkJoinTask.java:373) ~[?:?]
	at java.util.concurrent.ForkJoinPool$WorkQueue.topLevelExec(ForkJoinPool.java:1182) ~[?:?]
	at java.util.concurrent.ForkJoinPool.scan(ForkJoinPool.java:1655) ~[?:?]
	at java.util.concurrent.ForkJoinPool.runWorker(ForkJoinPool.java:1622) ~[?:?]
	at java.util.concurrent.ForkJoinWorkerThread.run(ForkJoinWorkerThread.java:165) ~[?:?]
[00:30:21] [Worker-Main-17/ERROR]: Couldn't parse element loot_tables:expatternprovider:blocks/ex_emc_interface
com.google.gson.JsonSyntaxException: Expected name to be an item, was unknown string 'expatternprovider:ex_emc_interface'
	at net.minecraft.util.GsonHelper.m_13866_(GsonHelper.java:145) ~[client-1.20.1-20230612.114412-srg.jar%23338!/:?]
	at java.util.Optional.orElseThrow(Optional.java:403) ~[?:?]
	at net.minecraft.util.GsonHelper.m_13874_(GsonHelper.java:145) ~[client-1.20.1-20230612.114412-srg.jar%23338!/:?]
	at net.minecraft.util.GsonHelper.m_13909_(GsonHelper.java:153) ~[client-1.20.1-20230612.114412-srg.jar%23338!/:?]
	at net.minecraft.world.level.storage.loot.entries.LootItem$Serializer.m_7267_(LootItem.java:55) ~[client-1.20.1-20230612.114412-srg.jar%23338!/:?]
	at net.minecraft.world.level.storage.loot.entries.LootItem$Serializer.m_7267_(LootItem.java:40) ~[client-1.20.1-20230612.114412-srg.jar%23338!/:?]
	at net.minecraft.world.level.storage.loot.entries.LootPoolSingletonContainer$Serializer.m_5921_(LootPoolSingletonContainer.java:151) ~[client-1.20.1-20230612.114412-srg.jar%23338!/:?]
	at net.minecraft.world.level.storage.loot.entries.LootPoolSingletonContainer$Serializer.m_5921_(LootPoolSingletonContainer.java:129) ~[client-1.20.1-20230612.114412-srg.jar%23338!/:?]
	at net.minecraft.world.level.storage.loot.entries.LootPoolEntryContainer$Serializer.m_7561_(LootPoolEntryContainer.java:86) ~[client-1.20.1-20230612.114412-srg.jar%23338!/:?]
	at net.minecraft.world.level.storage.loot.entries.LootPoolEntryContainer$Serializer.m_7561_(LootPoolEntryContainer.java:74) ~[client-1.20.1-20230612.114412-srg.jar%23338!/:?]
	at net.minecraft.world.level.storage.loot.GsonAdapterFactory$JsonAdapter.deserialize(GsonAdapterFactory.java:102) ~[client-1.20.1-20230612.114412-srg.jar%23338!/:?]
	at com.google.gson.internal.bind.TreeTypeAdapter.read(TreeTypeAdapter.java:76) ~[gson-2.10.jar%23107!/:?]
	at com.google.gson.internal.bind.TypeAdapterRuntimeTypeWrapper.read(TypeAdapterRuntimeTypeWrapper.java:40) ~[gson-2.10.jar%23107!/:?]
	at com.google.gson.internal.bind.ArrayTypeAdapter.read(ArrayTypeAdapter.java:72) ~[gson-2.10.jar%23107!/:?]
	at com.google.gson.Gson.fromJson(Gson.java:1214) ~[gson-2.10.jar%23107!/:?]
	at com.google.gson.Gson.fromJson(Gson.java:1319) ~[gson-2.10.jar%23107!/:?]
	at com.google.gson.Gson.fromJson(Gson.java:1290) ~[gson-2.10.jar%23107!/:?]
	at com.google.gson.internal.bind.TreeTypeAdapter$GsonContextImpl.deserialize(TreeTypeAdapter.java:179) ~[gson-2.10.jar%23107!/:?]
	at net.minecraft.util.GsonHelper.m_13808_(GsonHelper.java:463) ~[client-1.20.1-20230612.114412-srg.jar%23338!/:?]
	at net.minecraft.util.GsonHelper.m_13836_(GsonHelper.java:471) ~[client-1.20.1-20230612.114412-srg.jar%23338!/:?]
	at net.minecraft.world.level.storage.loot.LootPool$Serializer.deserialize(LootPool.java:192) ~[client-1.20.1-20230612.114412-srg.jar%23338!/:?]
	at net.minecraft.world.level.storage.loot.LootPool$Serializer.deserialize(LootPool.java:189) ~[client-1.20.1-20230612.114412-srg.jar%23338!/:?]
	at com.google.gson.internal.bind.TreeTypeAdapter.read(TreeTypeAdapter.java:76) ~[gson-2.10.jar%23107!/:?]
	at com.google.gson.internal.bind.TypeAdapterRuntimeTypeWrapper.read(TypeAdapterRuntimeTypeWrapper.java:40) ~[gson-2.10.jar%23107!/:?]
	at com.google.gson.internal.bind.ArrayTypeAdapter.read(ArrayTypeAdapter.java:72) ~[gson-2.10.jar%23107!/:?]
	at com.google.gson.Gson.fromJson(Gson.java:1214) ~[gson-2.10.jar%23107!/:?]
	at com.google.gson.Gson.fromJson(Gson.java:1319) ~[gson-2.10.jar%23107!/:?]
	at com.google.gson.Gson.fromJson(Gson.java:1290) ~[gson-2.10.jar%23107!/:?]
	at com.google.gson.internal.bind.TreeTypeAdapter$GsonContextImpl.deserialize(TreeTypeAdapter.java:179) ~[gson-2.10.jar%23107!/:?]
	at net.minecraft.util.GsonHelper.m_13808_(GsonHelper.java:463) ~[client-1.20.1-20230612.114412-srg.jar%23338!/:?]
	at net.minecraft.util.GsonHelper.m_13845_(GsonHelper.java:481) ~[client-1.20.1-20230612.114412-srg.jar%23338!/:?]
	at net.minecraft.world.level.storage.loot.LootTable$Serializer.deserialize(LootTable.java:294) ~[client-1.20.1-20230612.114412-srg.jar%23338!/:?]
	at net.minecraft.world.level.storage.loot.LootTable$Serializer.deserialize(LootTable.java:291) ~[client-1.20.1-20230612.114412-srg.jar%23338!/:?]
	at com.google.gson.internal.bind.TreeTypeAdapter.read(TreeTypeAdapter.java:76) ~[gson-2.10.jar%23107!/:?]
	at com.google.gson.Gson.fromJson(Gson.java:1214) ~[gson-2.10.jar%23107!/:?]
	at com.google.gson.Gson.fromJson(Gson.java:1319) ~[gson-2.10.jar%23107!/:?]
	at com.google.gson.Gson.fromJson(Gson.java:1261) ~[gson-2.10.jar%23107!/:?]
	at net.minecraftforge.common.ForgeHooks.loadLootTable(ForgeHooks.java:872) ~[forge-1.20.1-47.4.10-universal.jar%23343!/:?]
	at net.minecraftforge.common.ForgeHooks.lambda$getLootTableDeserializer$3(ForgeHooks.java:849) ~[forge-1.20.1-47.4.10-universal.jar%23343!/:?]
	at net.minecraft.world.level.storage.loot.LootDataType.deserialize(LootDataType.java:45) ~[client-1.20.1-20230612.114412-srg.jar%23338!/:?]
	at net.minecraft.world.level.storage.loot.LootDataManager.lambda$scheduleElementParse$4(LootDataManager.java:56) ~[client-1.20.1-20230612.114412-srg.jar%23338!/:?]
	at java.util.HashMap.forEach(HashMap.java:1421) ~[?:?]
	at net.minecraft.world.level.storage.loot.LootDataManager.m_278660_(LootDataManager.java:55) ~[client-1.20.1-20230612.114412-srg.jar%23338!/:?]
	at java.util.concurrent.CompletableFuture$AsyncRun.run(CompletableFuture.java:1804) ~[?:?]
	at java.util.concurrent.CompletableFuture$AsyncRun.exec(CompletableFuture.java:1796) ~[?:?]
	at java.util.concurrent.ForkJoinTask.doExec(ForkJoinTask.java:373) ~[?:?]
	at java.util.concurrent.ForkJoinPool$WorkQueue.topLevelExec(ForkJoinPool.java:1182) ~[?:?]
	at java.util.concurrent.ForkJoinPool.scan(ForkJoinPool.java:1655) ~[?:?]
	at java.util.concurrent.ForkJoinPool.runWorker(ForkJoinPool.java:1622) ~[?:?]
	at java.util.concurrent.ForkJoinWorkerThread.run(ForkJoinWorkerThread.java:165) ~[?:?]
[00:30:22] [Worker-Main-17/ERROR]: Couldn't parse element loot_tables:irons_spellbooks:chests/citadel/citadel_tomes
com.google.gson.JsonSyntaxException: Unknown type 'minecraft:set_written_book_pages'
	at net.minecraft.world.level.storage.loot.GsonAdapterFactory$JsonAdapter.deserialize(GsonAdapterFactory.java:99) ~[client-1.20.1-20230612.114412-srg.jar%23338!/:?]
	at com.google.gson.internal.bind.TreeTypeAdapter.read(TreeTypeAdapter.java:76) ~[gson-2.10.jar%23107!/:?]
	at com.google.gson.internal.bind.TypeAdapterRuntimeTypeWrapper.read(TypeAdapterRuntimeTypeWrapper.java:40) ~[gson-2.10.jar%23107!/:?]
	at com.google.gson.internal.bind.ArrayTypeAdapter.read(ArrayTypeAdapter.java:72) ~[gson-2.10.jar%23107!/:?]
	at com.google.gson.Gson.fromJson(Gson.java:1214) ~[gson-2.10.jar%23107!/:?]
	at com.google.gson.Gson.fromJson(Gson.java:1319) ~[gson-2.10.jar%23107!/:?]
	at com.google.gson.Gson.fromJson(Gson.java:1290) ~[gson-2.10.jar%23107!/:?]
	at com.google.gson.internal.bind.TreeTypeAdapter$GsonContextImpl.deserialize(TreeTypeAdapter.java:179) ~[gson-2.10.jar%23107!/:?]
	at net.minecraft.util.GsonHelper.m_13808_(GsonHelper.java:463) ~[client-1.20.1-20230612.114412-srg.jar%23338!/:?]
	at net.minecraft.util.GsonHelper.m_13845_(GsonHelper.java:481) ~[client-1.20.1-20230612.114412-srg.jar%23338!/:?]
	at net.minecraft.world.level.storage.loot.entries.LootPoolSingletonContainer$Serializer.m_5921_(LootPoolSingletonContainer.java:149) ~[client-1.20.1-20230612.114412-srg.jar%23338!/:?]
	at net.minecraft.world.level.storage.loot.entries.LootPoolSingletonContainer$Serializer.m_5921_(LootPoolSingletonContainer.java:129) ~[client-1.20.1-20230612.114412-srg.jar%23338!/:?]
	at net.minecraft.world.level.storage.loot.entries.LootPoolEntryContainer$Serializer.m_7561_(LootPoolEntryContainer.java:86) ~[client-1.20.1-20230612.114412-srg.jar%23338!/:?]
	at net.minecraft.world.level.storage.loot.entries.LootPoolEntryContainer$Serializer.m_7561_(LootPoolEntryContainer.java:74) ~[client-1.20.1-20230612.114412-srg.jar%23338!/:?]
	at net.minecraft.world.level.storage.loot.GsonAdapterFactory$JsonAdapter.deserialize(GsonAdapterFactory.java:102) ~[client-1.20.1-20230612.114412-srg.jar%23338!/:?]
	at com.google.gson.internal.bind.TreeTypeAdapter.read(TreeTypeAdapter.java:76) ~[gson-2.10.jar%23107!/:?]
	at com.google.gson.internal.bind.TypeAdapterRuntimeTypeWrapper.read(TypeAdapterRuntimeTypeWrapper.java:40) ~[gson-2.10.jar%23107!/:?]
	at com.google.gson.internal.bind.ArrayTypeAdapter.read(ArrayTypeAdapter.java:72) ~[gson-2.10.jar%23107!/:?]
	at com.google.gson.Gson.fromJson(Gson.java:1214) ~[gson-2.10.jar%23107!/:?]
	at com.google.gson.Gson.fromJson(Gson.java:1319) ~[gson-2.10.jar%23107!/:?]
	at com.google.gson.Gson.fromJson(Gson.java:1290) ~[gson-2.10.jar%23107!/:?]
	at com.google.gson.internal.bind.TreeTypeAdapter$GsonContextImpl.deserialize(TreeTypeAdapter.java:179) ~[gson-2.10.jar%23107!/:?]
	at net.minecraft.util.GsonHelper.m_13808_(GsonHelper.java:463) ~[client-1.20.1-20230612.114412-srg.jar%23338!/:?]
	at net.minecraft.util.GsonHelper.m_13836_(GsonHelper.java:471) ~[client-1.20.1-20230612.114412-srg.jar%23338!/:?]
	at net.minecraft.world.level.storage.loot.LootPool$Serializer.deserialize(LootPool.java:192) ~[client-1.20.1-20230612.114412-srg.jar%23338!/:?]
	at net.minecraft.world.level.storage.loot.LootPool$Serializer.deserialize(LootPool.java:189) ~[client-1.20.1-20230612.114412-srg.jar%23338!/:?]
	at com.google.gson.internal.bind.TreeTypeAdapter.read(TreeTypeAdapter.java:76) ~[gson-2.10.jar%23107!/:?]
	at com.google.gson.internal.bind.TypeAdapterRuntimeTypeWrapper.read(TypeAdapterRuntimeTypeWrapper.java:40) ~[gson-2.10.jar%23107!/:?]
	at com.google.gson.internal.bind.ArrayTypeAdapter.read(ArrayTypeAdapter.java:72) ~[gson-2.10.jar%23107!/:?]
	at com.google.gson.Gson.fromJson(Gson.java:1214) ~[gson-2.10.jar%23107!/:?]
	at com.google.gson.Gson.fromJson(Gson.java:1319) ~[gson-2.10.jar%23107!/:?]
	at com.google.gson.Gson.fromJson(Gson.java:1290) ~[gson-2.10.jar%23107!/:?]
	at com.google.gson.internal.bind.TreeTypeAdapter$GsonContextImpl.deserialize(TreeTypeAdapter.java:179) ~[gson-2.10.jar%23107!/:?]
	at net.minecraft.util.GsonHelper.m_13808_(GsonHelper.java:463) ~[client-1.20.1-20230612.114412-srg.jar%23338!/:?]
	at net.minecraft.util.GsonHelper.m_13845_(GsonHelper.java:481) ~[client-1.20.1-20230612.114412-srg.jar%23338!/:?]
	at net.minecraft.world.level.storage.loot.LootTable$Serializer.deserialize(LootTable.java:294) ~[client-1.20.1-20230612.114412-srg.jar%23338!/:?]
	at net.minecraft.world.level.storage.loot.LootTable$Serializer.deserialize(LootTable.java:291) ~[client-1.20.1-20230612.114412-srg.jar%23338!/:?]
	at com.google.gson.internal.bind.TreeTypeAdapter.read(TreeTypeAdapter.java:76) ~[gson-2.10.jar%23107!/:?]
	at com.google.gson.Gson.fromJson(Gson.java:1214) ~[gson-2.10.jar%23107!/:?]
	at com.google.gson.Gson.fromJson(Gson.java:1319) ~[gson-2.10.jar%23107!/:?]
	at com.google.gson.Gson.fromJson(Gson.java:1261) ~[gson-2.10.jar%23107!/:?]
	at net.minecraftforge.common.ForgeHooks.loadLootTable(ForgeHooks.java:872) ~[forge-1.20.1-47.4.10-universal.jar%23343!/:?]
	at net.minecraftforge.common.ForgeHooks.lambda$getLootTableDeserializer$3(ForgeHooks.java:849) ~[forge-1.20.1-47.4.10-universal.jar%23343!/:?]
	at net.minecraft.world.level.storage.loot.LootDataType.deserialize(LootDataType.java:45) ~[client-1.20.1-20230612.114412-srg.jar%23338!/:?]
	at net.minecraft.world.level.storage.loot.LootDataManager.lambda$scheduleElementParse$4(LootDataManager.java:56) ~[client-1.20.1-20230612.114412-srg.jar%23338!/:?]
	at java.util.HashMap.forEach(HashMap.java:1421) ~[?:?]
	at net.minecraft.world.level.storage.loot.LootDataManager.m_278660_(LootDataManager.java:55) ~[client-1.20.1-20230612.114412-srg.jar%23338!/:?]
	at java.util.concurrent.CompletableFuture$AsyncRun.run(CompletableFuture.java:1804) ~[?:?]
	at java.util.concurrent.CompletableFuture$AsyncRun.exec(CompletableFuture.java:1796) ~[?:?]
	at java.util.concurrent.ForkJoinTask.doExec(ForkJoinTask.java:373) ~[?:?]
	at java.util.concurrent.ForkJoinPool$WorkQueue.topLevelExec(ForkJoinPool.java:1182) ~[?:?]
	at java.util.concurrent.ForkJoinPool.scan(ForkJoinPool.java:1655) ~[?:?]
	at java.util.concurrent.ForkJoinPool.runWorker(ForkJoinPool.java:1622) ~[?:?]
	at java.util.concurrent.ForkJoinWorkerThread.run(ForkJoinWorkerThread.java:165) ~[?:?]
[00:30:22] [Render thread/WARN]: Found loot table element validation problem in {loot_tables:irons_spellbooks:chests/citadel/citadel_bookshelf}.pools[8].entries[0]: Unknown loot table called irons_spellbooks:chests/citadel/citadel_tomes
[00:30:22] [Render thread/INFO]: Skipping loading recipe industrialforegoing:laser_drill_ore/ores/yellorite as it's serializer returned null
[00:30:22] [Render thread/INFO]: Skipping loading recipe expatternprovider:ex_emc_import_bus as it's serializer returned null
[00:30:22] [Render thread/INFO]: Skipping loading recipe advanced_ae:skysteel as it's serializer returned null
[00:30:22] [Render thread/INFO]: Skipping loading recipe industrialforegoing:laser_drill_ore/raw_materials/tetrahedrite as it's serializer returned null
[00:30:22] [Render thread/INFO]: Skipping loading recipe industrialforegoing:laser_drill_ore/raw_materials/aluminum as it's serializer returned null
[00:30:22] [Render thread/INFO]: Skipping loading recipe expatternprovider:ex_emc_interface as it's serializer returned null
[00:30:22] [Render thread/INFO]: Skipping loading recipe industrialforegoing:laser_drill_ore/raw_materials/iridium as it's serializer returned null
[00:30:22] [Render thread/INFO]: Skipping loading recipe expatternprovider:ex_emc_interface_upgrade as it's serializer returned null
[00:30:22] [Render thread/INFO]: Skipping loading recipe industrialforegoing:laser_drill_ore/raw_materials/galena as it's serializer returned null
[00:30:22] [Render thread/INFO]: Skipping loading recipe industrialforegoing:laser_drill_ore/raw_materials/tungsten as it's serializer returned null
[00:30:22] [Render thread/INFO]: Skipping loading recipe industrialforegoing:laser_drill_fluid/oil as it's serializer returned null
[00:30:22] [Render thread/INFO]: Skipping loading recipe industrialforegoing:laser_drill_ore/raw_materials/cinnabar as it's serializer returned null
[00:30:22] [Render thread/INFO]: Skipping loading recipe industrialforegoing:laser_drill_ore/raw_materials/yellorium as it's serializer returned null
[00:30:22] [Render thread/INFO]: Skipping loading recipe industrialforegoing:laser_drill_ore/raw_materials/yellorite as it's serializer returned null
[00:30:22] [Render thread/INFO]: Skipping loading recipe industrialforegoing:laser_drill_ore/raw_materials/platinum as it's serializer returned null
[00:30:22] [Render thread/INFO]: Skipping loading recipe expatternprovider:ex_emc_interface_alt as it's serializer returned null
[00:30:22] [Render thread/INFO]: Skipping loading recipe industrialforegoing:laser_drill_ore/raw_materials/ardite as it's serializer returned null
[00:30:22] [Render thread/INFO]: Skipping loading recipe advanced_ae:chargedredstone as it's serializer returned null
[00:30:22] [Render thread/INFO]: Skipping loading recipe expatternprovider:cutter/accumulation as it's serializer returned null
[00:30:22] [Render thread/INFO]: Skipping loading recipe expatternprovider:ex_emc_import_bus_upgrade as it's serializer returned null
[00:30:22] [Render thread/INFO]: Skipping loading recipe industrialforegoing:laser_drill_ore/ores/peridot as it's serializer returned null
[00:30:22] [Render thread/INFO]: Skipping loading recipe advanced_ae:accumulation_processor_chamber as it's serializer returned null
[00:30:22] [Render thread/INFO]: Skipping loading recipe industrialforegoing:laser_drill_ore/ores/arcane as it's serializer returned null
[00:30:22] [Render thread/INFO]: Skipping loading recipe industrialforegoing:laser_drill_ore/ores/bitumen as it's serializer returned null
[00:30:22] [Render thread/INFO]: Skipping loading recipe industrialforegoing:laser_drill_ore/raw_materials/pyrite as it's serializer returned null
[00:30:22] [Render thread/INFO]: Skipping loading recipe industrialforegoing:laser_drill_ore/ores/draconium as it's serializer returned null
[00:30:22] [Render thread/INFO]: Skipping loading recipe advanced_ae:redstonecrystal as it's serializer returned null
[00:30:22] [Render thread/INFO]: Skipping loading recipe industrialforegoing:laser_drill_ore/raw_materials/bauxite as it's serializer returned null
[00:30:22] [Render thread/INFO]: Skipping loading recipe industrialforegoing:laser_drill_ore/raw_materials/sheldonite as it's serializer returned null
[00:30:22] [Render thread/INFO]: Skipping loading recipe advanced_ae:energy_processor_chamber as it's serializer returned null
[00:30:22] [Render thread/INFO]: Skipping loading recipe expatternprovider:ex_emc_interface_part as it's serializer returned null
[00:30:22] [Render thread/INFO]: Skipping loading recipe industrialforegoing:laser_drill_ore/ores/sodalite as it's serializer returned null
[00:30:22] [Render thread/INFO]: Skipping loading recipe expatternprovider:ex_emc_export_bus as it's serializer returned null
[00:30:22] [Render thread/INFO]: Skipping loading recipe industrialforegoing:laser_drill_ore/raw_materials/cobalt as it's serializer returned null
[00:30:22] [Render thread/INFO]: Loaded 126 recipes
[00:30:22] [Render thread/ERROR]: Parsing error loading custom advancement industrialforegoing:recipes/misc/simulated_hydroponic_bed: Unknown item id 'forge:plastic'
[00:30:22] [Render thread/INFO]: Loaded 4190 advancements
[00:30:22] [Render thread/INFO]: Registered 0 additional recipes.
[00:30:22] [Render thread/INFO]: Reloading attributesetter, found 0 files
[00:30:22] [Render thread/INFO]: Loaded 17 curio slots
[00:30:22] [Render thread/INFO]: Loaded 1 curio entities
[00:30:22] [Render thread/INFO]: Registered 0 gear_sets.
[00:30:22] [Render thread/INFO]: Loaded 30 Loonium configurations
[00:30:24] [Render thread/INFO]: merged 6 surface rules with vanilla rule SequenceRuleSource
[00:30:24] [Render thread/INFO]: merged 6 surface rules with vanilla rule SequenceRuleSource
[00:30:24] [Render thread/INFO]: merged 6 surface rules with vanilla rule SequenceRuleSource
[00:30:24] [Server thread/INFO]: Starting integrated minecraft server version 1.20.1
[00:30:24] [Server thread/INFO]: Generating keypair
[00:30:24] [Server thread/INFO]: loaded team data: 1 known players, 1 teams total
[00:30:25] [Server thread/INFO]: Preparing start region for dimension minecraft:overworld
[00:30:25] [Server thread/INFO]: Server resource reload complete!
[00:30:26] [Server thread/INFO]: Successfully initialized permission handler forge:default_handler
[00:30:26] [Render thread/INFO]: Time elapsed: 1160654 ms
[00:30:26] [Server thread/INFO]: Encoded Weapon Attribute registry size: 119860 bytes (uncompressed), 5828 bytes (compressed), compression ratio: 95.1% (in 1 string chunks with the size of 10000)
[00:30:26] [Server thread/INFO]: Loading FD configs...
[00:30:26] [Server thread/INFO]: Loading config fdbosses:bosses
[00:30:26] [Server thread/INFO]: Loading config fdbosses:bosses_clientside
[00:30:26] [Server thread/INFO]: Loading config fdlib:test
[00:30:26] [Server thread/INFO]: Loading config fdlib:fdlib_client
[00:30:26] [Server thread/INFO]: Loaded FD configs.
[00:30:26] [Server thread/INFO]: Sending reload packet to clients
[00:30:26] [Server thread/INFO]: Loading data for 17 chunks for filePath 'C:\Users\Matthew Acuna\curseforge\minecraft\Instances\Oscillation\saves\phighting\chunk_activity_info\overworld.dat' took 10 milliseconds
[00:30:26] [Server thread/INFO]: Saving data for 17 chunks for dimension 'overworld' took 1 milliseconds
[00:30:26] [Server thread/INFO]: Changing view distance to 12, from 10
[00:30:26] [Server thread/INFO]: Changing simulation distance to 12, from 0
[00:30:28] [Netty Local Client IO #2/INFO]: Connected to a modded server.
[00:30:28] [Server thread/INFO]: SporiumCorium[local:E:bcd91ea6] logged in with entity id 7019 at (8.524280665252215, 301.1212968405392, 35.80195600765668)
[00:30:28] [Server thread/INFO]: SporiumCorium joined the game
[00:30:28] [Netty Local Client IO #2/INFO]: Read 553 bytes, 1 objects
[00:30:28] [Render thread/INFO]: Started 6 worker threads
[00:30:28] [Server thread/INFO]: Syncing config to SporiumCorium (12ee6039-45cc-4234-b0cc-b07321a7a151)
[00:30:28] [Netty Local Client IO #2/INFO]: Decoded and decompressed Weapon Attribute registry in 1 string chunks
[00:30:30] [Render thread/INFO]: JEI StartEventObserver received class net.minecraftforge.client.event.ClientPlayerNetworkEvent$LoggingIn
[00:30:30] [Render thread/INFO]: JEI StartEventObserver transitioning state from DISABLED to ENABLED
[00:30:30] [Render thread/WARN]: Unknown custom packet identifier: attributesetter:main
[00:30:30] [Render thread/INFO]: Handling spell config sync 0 files
[00:30:30] [Render thread/WARN]: Unknown recipe category: [!!!com.mojang.logging.LogUtils$1ToString@3c4cde13=>java.lang.NullPointerException:Cannot invoke "Object.toString()" because the return value of "java.util.function.Supplier.get()" is null!!!]/the_deep_void:glutton_jei_elytra_piece
[00:30:30] [Render thread/WARN]: Unknown recipe category: [!!!com.mojang.logging.LogUtils$1ToString@37b2a50f=>java.lang.NullPointerException:Cannot invoke "Object.toString()" because the return value of "java.util.function.Supplier.get()" is null!!!]/the_deep_void:glutton_jei_glow_ink
[00:30:30] [Render thread/WARN]: Unknown recipe category: cataclysm:weapon_fusion/cataclysm:weapon_infusion/wrath_of_the_desert
[00:30:30] [Render thread/WARN]: Unknown recipe category: [!!!com.mojang.logging.LogUtils$1ToString@70f86a64=>java.lang.NullPointerException:Cannot invoke "Object.toString()" because the return value of "java.util.function.Supplier.get()" is null!!!]/the_deep_void:glutton_jei_amethyst_shard
[00:30:30] [Render thread/WARN]: Unknown recipe category: [!!!com.mojang.logging.LogUtils$1ToString@72e6bdf7=>java.lang.NullPointerException:Cannot invoke "Object.toString()" because the return value of "java.util.function.Supplier.get()" is null!!!]/the_deep_void:glutton_jei_iron_nugget
[00:30:30] [Render thread/WARN]: Unknown recipe category: [!!!com.mojang.logging.LogUtils$1ToString@a2a1333=>java.lang.NullPointerException:Cannot invoke "Object.toString()" because the return value of "java.util.function.Supplier.get()" is null!!!]/the_deep_void:glutton_jei_lavendite
[00:30:30] [Render thread/WARN]: Unknown recipe category: cataclysm:weapon_fusion/cataclysm:weapon_infusion/gauntlet_of_bulwark
[00:30:30] [Render thread/WARN]: Unknown recipe category: [!!!com.mojang.logging.LogUtils$1ToString@730c7625=>java.lang.NullPointerException:Cannot invoke "Object.toString()" because the return value of "java.util.function.Supplier.get()" is null!!!]/the_deep_void:ichor_bottle_watcher_bag_jei
[00:30:30] [Render thread/WARN]: Unknown recipe category: [!!!com.mojang.logging.LogUtils$1ToString@3492b538=>java.lang.NullPointerException:Cannot invoke "Object.toString()" because the return value of "java.util.function.Supplier.get()" is null!!!]/the_deep_void:glutton_jei_spider_eye
[00:30:30] [Render thread/WARN]: Unknown recipe category: [!!!com.mojang.logging.LogUtils$1ToString@461581b3=>java.lang.NullPointerException:Cannot invoke "Object.toString()" because the return value of "java.util.function.Supplier.get()" is null!!!]/the_deep_void:glutton_jei_lilypad
[00:30:30] [Render thread/WARN]: Unknown recipe category: [!!!com.mojang.logging.LogUtils$1ToString@577133fa=>java.lang.NullPointerException:Cannot invoke "Object.toString()" because the return value of "java.util.function.Supplier.get()" is null!!!]/the_deep_void:glutton_jei_enderpearl
[00:30:30] [Render thread/WARN]: Unknown recipe category: [!!!com.mojang.logging.LogUtils$1ToString@1707ec1a=>java.lang.NullPointerException:Cannot invoke "Object.toString()" because the return value of "java.util.function.Supplier.get()" is null!!!]/the_deep_void:glutton_jei_ghast_tear
[00:30:30] [Render thread/WARN]: Unknown recipe category: [!!!com.mojang.logging.LogUtils$1ToString@2d9b9c80=>java.lang.NullPointerException:Cannot invoke "Object.toString()" because the return value of "java.util.function.Supplier.get()" is null!!!]/the_deep_void:glutton_jei_sulfur
[00:30:30] [Render thread/WARN]: Unknown recipe category: [!!!com.mojang.logging.LogUtils$1ToString@241d4058=>java.lang.NullPointerException:Cannot invoke "Object.toString()" because the return value of "java.util.function.Supplier.get()" is null!!!]/the_deep_void:glutton_jei_gold_nugget_desolate
[00:30:30] [Render thread/WARN]: Unknown recipe category: [!!!com.mojang.logging.LogUtils$1ToString@740cee5a=>java.lang.NullPointerException:Cannot invoke "Object.toString()" because the return value of "java.util.function.Supplier.get()" is null!!!]/the_deep_void:glutton_jei_coal_desolate
[00:30:30] [Render thread/WARN]: Unknown recipe category: [!!!com.mojang.logging.LogUtils$1ToString@18bafdcd=>java.lang.NullPointerException:Cannot invoke "Object.toString()" because the return value of "java.util.function.Supplier.get()" is null!!!]/the_deep_void:golden_apple_bag_jei
[00:30:30] [Render thread/WARN]: Unknown recipe category: [!!!com.mojang.logging.LogUtils$1ToString@c5718dc=>java.lang.NullPointerException:Cannot invoke "Object.toString()" because the return value of "java.util.function.Supplier.get()" is null!!!]/the_deep_void:glutton_jei_coal
[00:30:30] [Render thread/WARN]: Unknown recipe category: [!!!com.mojang.logging.LogUtils$1ToString@33850a04=>java.lang.NullPointerException:Cannot invoke "Object.toString()" because the return value of "java.util.function.Supplier.get()" is null!!!]/the_deep_void:glutton_jei_coal_nether
[00:30:30] [Render thread/WARN]: Unknown recipe category: [!!!com.mojang.logging.LogUtils$1ToString@6fa2e4b8=>java.lang.NullPointerException:Cannot invoke "Object.toString()" because the return value of "java.util.function.Supplier.get()" is null!!!]/the_deep_void:glutton_jei_redstone
[00:30:30] [Render thread/WARN]: Unknown recipe category: [!!!com.mojang.logging.LogUtils$1ToString@1a50f029=>java.lang.NullPointerException:Cannot invoke "Object.toString()" because the return value of "java.util.function.Supplier.get()" is null!!!]/the_deep_void:glutton_jei_golden_carrot
[00:30:30] [Render thread/WARN]: Unknown recipe category: [!!!com.mojang.logging.LogUtils$1ToString@6104b92b=>java.lang.NullPointerException:Cannot invoke "Object.toString()" because the return value of "java.util.function.Supplier.get()" is null!!!]/the_deep_void:glutton_jei_cinnabar_desolate
[00:30:30] [Render thread/WARN]: Unknown recipe category: [!!!com.mojang.logging.LogUtils$1ToString@12b0cb8c=>java.lang.NullPointerException:Cannot invoke "Object.toString()" because the return value of "java.util.function.Supplier.get()" is null!!!]/the_deep_void:glutton_jei_purpur_block
[00:30:30] [Render thread/WARN]: Unknown recipe category: [!!!com.mojang.logging.LogUtils$1ToString@3a856afe=>java.lang.NullPointerException:Cannot invoke "Object.toString()" because the return value of "java.util.function.Supplier.get()" is null!!!]/the_deep_void:glutton_jei_paper
[00:30:30] [Render thread/WARN]: Unknown recipe category: [!!!com.mojang.logging.LogUtils$1ToString@4c153680=>java.lang.NullPointerException:Cannot invoke "Object.toString()" because the return value of "java.util.function.Supplier.get()" is null!!!]/the_deep_void:glutton_jei_dragon_breath
[00:30:30] [Render thread/WARN]: Unknown recipe category: [!!!com.mojang.logging.LogUtils$1ToString@4012b133=>java.lang.NullPointerException:Cannot invoke "Object.toString()" because the return value of "java.util.function.Supplier.get()" is null!!!]/the_deep_void:glutton_jei_shulker_shell
[00:30:30] [Render thread/WARN]: Unknown recipe category: [!!!com.mojang.logging.LogUtils$1ToString@1d1024f6=>java.lang.NullPointerException:Cannot invoke "Object.toString()" because the return value of "java.util.function.Supplier.get()" is null!!!]/the_deep_void:glutton_jei_quartz_nether
[00:30:30] [Render thread/WARN]: Unknown recipe category: [!!!com.mojang.logging.LogUtils$1ToString@1fb89cd2=>java.lang.NullPointerException:Cannot invoke "Object.toString()" because the return value of "java.util.function.Supplier.get()" is null!!!]/the_deep_void:ambrosial_flesh_chunk_watcher_bag_jei
[00:30:30] [Render thread/WARN]: Unknown recipe category: [!!!com.mojang.logging.LogUtils$1ToString@b220e21=>java.lang.NullPointerException:Cannot invoke "Object.toString()" because the return value of "java.util.function.Supplier.get()" is null!!!]/the_deep_void:glutton_jei_onyx
[00:30:30] [Render thread/WARN]: Unknown recipe category: [!!!com.mojang.logging.LogUtils$1ToString@61084a03=>java.lang.NullPointerException:Cannot invoke "Object.toString()" because the return value of "java.util.function.Supplier.get()" is null!!!]/the_deep_void:soul_shard_weaver_bag_jei
[00:30:30] [Render thread/WARN]: Unknown recipe category: [!!!com.mojang.logging.LogUtils$1ToString@b950278=>java.lang.NullPointerException:Cannot invoke "Object.toString()" because the return value of "java.util.function.Supplier.get()" is null!!!]/the_deep_void:glutton_jei_lapis_lazuli
[00:30:30] [Render thread/WARN]: Unknown recipe category: cataclysm:weapon_fusion/cataclysm:weapon_infusion/gauntlet_of_maelstrom
[00:30:30] [Render thread/WARN]: Unknown recipe category: cataclysm:weapon_fusion/cataclysm:weapon_infusion/void_forge
[00:30:30] [Render thread/WARN]: Unknown recipe category: [!!!com.mojang.logging.LogUtils$1ToString@4eba8969=>java.lang.NullPointerException:Cannot invoke "Object.toString()" because the return value of "java.util.function.Supplier.get()" is null!!!]/the_deep_void:xp_bottle_crawler_bag_jei
[00:30:30] [Render thread/WARN]: Unknown recipe category: [!!!com.mojang.logging.LogUtils$1ToString@1b6bef22=>java.lang.NullPointerException:Cannot invoke "Object.toString()" because the return value of "java.util.function.Supplier.get()" is null!!!]/the_deep_void:glutton_jei_quartz
[00:30:30] [Render thread/WARN]: Unknown recipe category: [!!!com.mojang.logging.LogUtils$1ToString@5eb00747=>java.lang.NullPointerException:Cannot invoke "Object.toString()" because the return value of "java.util.function.Supplier.get()" is null!!!]/the_deep_void:glutton_jei_gold_nugget_nether
[00:30:30] [Render thread/WARN]: Unknown recipe category: [!!!com.mojang.logging.LogUtils$1ToString@4a56a567=>java.lang.NullPointerException:Cannot invoke "Object.toString()" because the return value of "java.util.function.Supplier.get()" is null!!!]/the_deep_void:misted_heart_hydra
[00:30:30] [Render thread/WARN]: Unknown recipe category: [!!!com.mojang.logging.LogUtils$1ToString@646b1dca=>java.lang.NullPointerException:Cannot invoke "Object.toString()" because the return value of "java.util.function.Supplier.get()" is null!!!]/the_deep_void:glutton_jei_stick
[00:30:30] [Render thread/WARN]: Unknown recipe category: [!!!com.mojang.logging.LogUtils$1ToString@30ac83d7=>java.lang.NullPointerException:Cannot invoke "Object.toString()" because the return value of "java.util.function.Supplier.get()" is null!!!]/the_deep_void:glutton_jei_arrow
[00:30:30] [Render thread/WARN]: Unknown recipe category: [!!!com.mojang.logging.LogUtils$1ToString@175ee127=>java.lang.NullPointerException:Cannot invoke "Object.toString()" because the return value of "java.util.function.Supplier.get()" is null!!!]/the_deep_void:glutton_jei_rabbit_hide
[00:30:30] [Render thread/WARN]: Unknown recipe category: [!!!com.mojang.logging.LogUtils$1ToString@37cc287d=>java.lang.NullPointerException:Cannot invoke "Object.toString()" because the return value of "java.util.function.Supplier.get()" is null!!!]/the_deep_void:glutton_jei_ink_sac
[00:30:30] [Render thread/WARN]: Unknown recipe category: [!!!com.mojang.logging.LogUtils$1ToString@37ef1fbe=>java.lang.NullPointerException:Cannot invoke "Object.toString()" because the return value of "java.util.function.Supplier.get()" is null!!!]/the_deep_void:knife_glove_apostle_bag_jei
[00:30:30] [Render thread/WARN]: Unknown recipe category: [!!!com.mojang.logging.LogUtils$1ToString@34508648=>java.lang.NullPointerException:Cannot invoke "Object.toString()" because the return value of "java.util.function.Supplier.get()" is null!!!]/the_deep_void:xp_bottlehydra
[00:30:30] [Render thread/WARN]: Unknown recipe category: [!!!com.mojang.logging.LogUtils$1ToString@3121d213=>java.lang.NullPointerException:Cannot invoke "Object.toString()" because the return value of "java.util.function.Supplier.get()" is null!!!]/the_deep_void:glutton_jei_emerald
[00:30:30] [Render thread/WARN]: Unknown recipe category: [!!!com.mojang.logging.LogUtils$1ToString@1e5f70e6=>java.lang.NullPointerException:Cannot invoke "Object.toString()" because the return value of "java.util.function.Supplier.get()" is null!!!]/the_deep_void:sacred_cinnabar_apostle_bag_jei
[00:30:30] [Render thread/WARN]: Unknown recipe category: [!!!com.mojang.logging.LogUtils$1ToString@26d798e7=>java.lang.NullPointerException:Cannot invoke "Object.toString()" because the return value of "java.util.function.Supplier.get()" is null!!!]/the_deep_void:hard_flesh_template_hivemind_bag_jei
[00:30:30] [Render thread/WARN]: Unknown recipe category: [!!!com.mojang.logging.LogUtils$1ToString@5ff637ac=>java.lang.NullPointerException:Cannot invoke "Object.toString()" because the return value of "java.util.function.Supplier.get()" is null!!!]/the_deep_void:glutton_jei_grim_shard
[00:30:30] [Render thread/WARN]: Unknown recipe category: [!!!com.mojang.logging.LogUtils$1ToString@3652ddcd=>java.lang.NullPointerException:Cannot invoke "Object.toString()" because the return value of "java.util.function.Supplier.get()" is null!!!]/the_deep_void:glutton_jei_pumpkin_pie
[00:30:30] [Render thread/WARN]: Unknown recipe category: [!!!com.mojang.logging.LogUtils$1ToString@8fd0971=>java.lang.NullPointerException:Cannot invoke "Object.toString()" because the return value of "java.util.function.Supplier.get()" is null!!!]/the_deep_void:egg_crawler_bag_jei
[00:30:30] [Render thread/WARN]: Unknown recipe category: [!!!com.mojang.logging.LogUtils$1ToString@20734777=>java.lang.NullPointerException:Cannot invoke "Object.toString()" because the return value of "java.util.function.Supplier.get()" is null!!!]/the_deep_void:glutton_jei_ancient_onyx
[00:30:30] [Render thread/WARN]: Unknown recipe category: [!!!com.mojang.logging.LogUtils$1ToString@6bf40f79=>java.lang.NullPointerException:Cannot invoke "Object.toString()" because the return value of "java.util.function.Supplier.get()" is null!!!]/the_deep_void:ancient_gun_part_apostle_bag_jei
[00:30:30] [Render thread/WARN]: Unknown recipe category: [!!!com.mojang.logging.LogUtils$1ToString@16c13ed3=>java.lang.NullPointerException:Cannot invoke "Object.toString()" because the return value of "java.util.function.Supplier.get()" is null!!!]/the_deep_void:glutton_jei_feather
[00:30:30] [Render thread/WARN]: Unknown recipe category: [!!!com.mojang.logging.LogUtils$1ToString@2db013f1=>java.lang.NullPointerException:Cannot invoke "Object.toString()" because the return value of "java.util.function.Supplier.get()" is null!!!]/the_deep_void:soul_forge_jei_soul_ingot
[00:30:30] [Render thread/WARN]: Unknown recipe category: [!!!com.mojang.logging.LogUtils$1ToString@44e3d5aa=>java.lang.NullPointerException:Cannot invoke "Object.toString()" because the return value of "java.util.function.Supplier.get()" is null!!!]/the_deep_void:glutton_jei_blaze_rod
[00:30:30] [Render thread/WARN]: Unknown recipe category: [!!!com.mojang.logging.LogUtils$1ToString@5397e53e=>java.lang.NullPointerException:Cannot invoke "Object.toString()" because the return value of "java.util.function.Supplier.get()" is null!!!]/the_deep_void:glutton_jei_gunpowder
[00:30:30] [Render thread/WARN]: Unknown recipe category: [!!!com.mojang.logging.LogUtils$1ToString@765339ec=>java.lang.NullPointerException:Cannot invoke "Object.toString()" because the return value of "java.util.function.Supplier.get()" is null!!!]/the_deep_void:xp_bottle_apostle_bag_jei
[00:30:30] [Render thread/WARN]: Unknown recipe category: [!!!com.mojang.logging.LogUtils$1ToString@7febea0b=>java.lang.NullPointerException:Cannot invoke "Object.toString()" because the return value of "java.util.function.Supplier.get()" is null!!!]/the_deep_void:hard_flesh_template_watcher_bag_jei
[00:30:30] [Render thread/WARN]: Unknown recipe category: [!!!com.mojang.logging.LogUtils$1ToString@28cbc5be=>java.lang.NullPointerException:Cannot invoke "Object.toString()" because the return value of "java.util.function.Supplier.get()" is null!!!]/the_deep_void:glutton_jei_book
[00:30:30] [Render thread/WARN]: Unknown recipe category: [!!!com.mojang.logging.LogUtils$1ToString@19ecc9da=>java.lang.NullPointerException:Cannot invoke "Object.toString()" because the return value of "java.util.function.Supplier.get()" is null!!!]/the_deep_void:glutton_jei_gold_nugget
[00:30:30] [Render thread/WARN]: Unknown recipe category: [!!!com.mojang.logging.LogUtils$1ToString@41e76612=>java.lang.NullPointerException:Cannot invoke "Object.toString()" because the return value of "java.util.function.Supplier.get()" is null!!!]/the_deep_void:glutton_jei_prismarine_crystals
[00:30:30] [Render thread/WARN]: Unknown recipe category: [!!!com.mojang.logging.LogUtils$1ToString@4fc8edb5=>java.lang.NullPointerException:Cannot invoke "Object.toString()" because the return value of "java.util.function.Supplier.get()" is null!!!]/the_deep_void:glutton_jei_vines
[00:30:30] [Render thread/WARN]: Unknown recipe category: [!!!com.mojang.logging.LogUtils$1ToString@73432c26=>java.lang.NullPointerException:Cannot invoke "Object.toString()" because the return value of "java.util.function.Supplier.get()" is null!!!]/the_deep_void:glutton_jei_prismarine_shard
[00:30:30] [Render thread/WARN]: Unknown recipe category: [!!!com.mojang.logging.LogUtils$1ToString@5234421d=>java.lang.NullPointerException:Cannot invoke "Object.toString()" because the return value of "java.util.function.Supplier.get()" is null!!!]/the_deep_void:glutton_jei_glowstone_nether
[00:30:30] [Render thread/WARN]: Unknown recipe category: [!!!com.mojang.logging.LogUtils$1ToString@8ede995=>java.lang.NullPointerException:Cannot invoke "Object.toString()" because the return value of "java.util.function.Supplier.get()" is null!!!]/the_deep_void:glutton_jei_nether_wart
[00:30:30] [Render thread/WARN]: Unknown recipe category: cataclysm:weapon_fusion/cataclysm:weapon_infusion/void_assault_shoulder_weapon
[00:30:30] [Render thread/WARN]: Unknown recipe category: [!!!com.mojang.logging.LogUtils$1ToString@279ffb97=>java.lang.NullPointerException:Cannot invoke "Object.toString()" because the return value of "java.util.function.Supplier.get()" is null!!!]/the_deep_void:glutton_jei_bone
[00:30:30] [Render thread/WARN]: Unknown recipe category: cataclysm:weapon_fusion/cataclysm:weapon_infusion/brontes
[00:30:30] [Render thread/WARN]: Unknown recipe category: [!!!com.mojang.logging.LogUtils$1ToString@10b20b5=>java.lang.NullPointerException:Cannot invoke "Object.toString()" because the return value of "java.util.function.Supplier.get()" is null!!!]/the_deep_void:glutton_jei_wheat_seeds
[00:30:30] [Render thread/WARN]: Unknown recipe category: [!!!com.mojang.logging.LogUtils$1ToString@31b99976=>java.lang.NullPointerException:Cannot invoke "Object.toString()" because the return value of "java.util.function.Supplier.get()" is null!!!]/the_deep_void:misted_bone_block_hydra
[00:30:30] [Render thread/WARN]: Unknown recipe category: [!!!com.mojang.logging.LogUtils$1ToString@464cf9f3=>java.lang.NullPointerException:Cannot invoke "Object.toString()" because the return value of "java.util.function.Supplier.get()" is null!!!]/the_deep_void:glutton_jei_phantom_membrane
[00:30:30] [Render thread/WARN]: Unknown recipe category: [!!!com.mojang.logging.LogUtils$1ToString@27a658f9=>java.lang.NullPointerException:Cannot invoke "Object.toString()" because the return value of "java.util.function.Supplier.get()" is null!!!]/the_deep_void:flesh_bone_hivemind_bag_jei
[00:30:30] [Render thread/WARN]: Unknown recipe category: [!!!com.mojang.logging.LogUtils$1ToString@7ffffbf8=>java.lang.NullPointerException:Cannot invoke "Object.toString()" because the return value of "java.util.function.Supplier.get()" is null!!!]/the_deep_void:glutton_jei_glow_arrow
[00:30:30] [Render thread/WARN]: Unknown recipe category: [!!!com.mojang.logging.LogUtils$1ToString@67e3dc6=>java.lang.NullPointerException:Cannot invoke "Object.toString()" because the return value of "java.util.function.Supplier.get()" is null!!!]/the_deep_void:glutton_jei_cinnabar
[00:30:30] [Render thread/WARN]: Unknown recipe category: [!!!com.mojang.logging.LogUtils$1ToString@376a4dee=>java.lang.NullPointerException:Cannot invoke "Object.toString()" because the return value of "java.util.function.Supplier.get()" is null!!!]/the_deep_void:glutton_jei_slime_ball
[00:30:30] [Render thread/WARN]: Unknown recipe category: [!!!com.mojang.logging.LogUtils$1ToString@2741d751=>java.lang.NullPointerException:Cannot invoke "Object.toString()" because the return value of "java.util.function.Supplier.get()" is null!!!]/the_deep_void:glutton_jei_bone_meal
[00:30:30] [Render thread/WARN]: Unknown recipe category: [!!!com.mojang.logging.LogUtils$1ToString@72da0648=>java.lang.NullPointerException:Cannot invoke "Object.toString()" because the return value of "java.util.function.Supplier.get()" is null!!!]/the_deep_void:glutton_jei_clay
[00:30:30] [Render thread/WARN]: Unknown recipe category: [!!!com.mojang.logging.LogUtils$1ToString@6d1aef03=>java.lang.NullPointerException:Cannot invoke "Object.toString()" because the return value of "java.util.function.Supplier.get()" is null!!!]/the_deep_void:glutton_jei_black_moss
[00:30:30] [Render thread/WARN]: Unknown recipe category: [!!!com.mojang.logging.LogUtils$1ToString@1ff16a10=>java.lang.NullPointerException:Cannot invoke "Object.toString()" because the return value of "java.util.function.Supplier.get()" is null!!!]/the_deep_void:glutton_jei_flint
[00:30:30] [Render thread/WARN]: Unknown recipe category: ae2:charger/ae2:charger/guide
[00:30:30] [Render thread/WARN]: Unknown recipe category: cataclysm:weapon_fusion/cataclysm:weapon_infusion/the_immolator
[00:30:30] [Render thread/WARN]: Unknown recipe category: [!!!com.mojang.logging.LogUtils$1ToString@66e442fd=>java.lang.NullPointerException:Cannot invoke "Object.toString()" because the return value of "java.util.function.Supplier.get()" is null!!!]/the_deep_void:rusty_claws_bag_jei
[00:30:30] [Render thread/WARN]: Unknown recipe category: [!!!com.mojang.logging.LogUtils$1ToString@7de5f843=>java.lang.NullPointerException:Cannot invoke "Object.toString()" because the return value of "java.util.function.Supplier.get()" is null!!!]/the_deep_void:glutton_jei_leather
[00:30:30] [Render thread/WARN]: Unknown recipe category: [!!!com.mojang.logging.LogUtils$1ToString@41d31ddb=>java.lang.NullPointerException:Cannot invoke "Object.toString()" because the return value of "java.util.function.Supplier.get()" is null!!!]/the_deep_void:glutton_jei_string
[00:30:30] [Render thread/WARN]: Unknown recipe category: [!!!com.mojang.logging.LogUtils$1ToString@e89db2d=>java.lang.NullPointerException:Cannot invoke "Object.toString()" because the return value of "java.util.function.Supplier.get()" is null!!!]/the_deep_void:glutton_jei_bowl
[00:30:30] [Render thread/WARN]: Unknown recipe category: [!!!com.mojang.logging.LogUtils$1ToString@75db51aa=>java.lang.NullPointerException:Cannot invoke "Object.toString()" because the return value of "java.util.function.Supplier.get()" is null!!!]/the_deep_void:xp_bottle_weaver_bag_jei
[00:30:30] [Render thread/WARN]: Unknown recipe category: [!!!com.mojang.logging.LogUtils$1ToString@6b543c9e=>java.lang.NullPointerException:Cannot invoke "Object.toString()" because the return value of "java.util.function.Supplier.get()" is null!!!]/the_deep_void:soul_template_weaver_bag_jei
[00:30:30] [Render thread/WARN]: Unknown recipe category: [!!!com.mojang.logging.LogUtils$1ToString@4d6043c2=>java.lang.NullPointerException:Cannot invoke "Object.toString()" because the return value of "java.util.function.Supplier.get()" is null!!!]/the_deep_void:molt_piece_crawler_bag_jei
[00:30:30] [Render thread/WARN]: Unknown recipe category: [!!!com.mojang.logging.LogUtils$1ToString@5a9d036b=>java.lang.NullPointerException:Cannot invoke "Object.toString()" because the return value of "java.util.function.Supplier.get()" is null!!!]/the_deep_void:xp_bottle_hivemind_bag_jei
[00:30:30] [Render thread/WARN]: Unknown recipe category: [!!!com.mojang.logging.LogUtils$1ToString@ea9d339=>java.lang.NullPointerException:Cannot invoke "Object.toString()" because the return value of "java.util.function.Supplier.get()" is null!!!]/the_deep_void:glutton_jei_iron_nugget_desolate
[00:30:30] [Render thread/WARN]: Unknown recipe category: [!!!com.mojang.logging.LogUtils$1ToString@190762aa=>java.lang.NullPointerException:Cannot invoke "Object.toString()" because the return value of "java.util.function.Supplier.get()" is null!!!]/the_deep_void:glutton_jei_end_rod
[00:30:30] [Render thread/WARN]: Unknown recipe category: ae2:charger/ae2:charger/charged_certus_quartz_crystal
[00:30:30] [Render thread/WARN]: Unknown recipe category: [!!!com.mojang.logging.LogUtils$1ToString@6a69c1dd=>java.lang.NullPointerException:Cannot invoke "Object.toString()" because the return value of "java.util.function.Supplier.get()" is null!!!]/the_deep_void:xp_bottle_watcher_bag_jei
[00:30:30] [Render thread/WARN]: Unknown recipe category: [!!!com.mojang.logging.LogUtils$1ToString@671f36=>java.lang.NullPointerException:Cannot invoke "Object.toString()" because the return value of "java.util.function.Supplier.get()" is null!!!]/the_deep_void:glutton_jei_wheat
[00:30:30] [Render thread/WARN]: Unknown recipe category: [!!!com.mojang.logging.LogUtils$1ToString@7685809=>java.lang.NullPointerException:Cannot invoke "Object.toString()" because the return value of "java.util.function.Supplier.get()" is null!!!]/the_deep_void:glutton_jei_chorus_fruit
[00:30:30] [Render thread/WARN]: Unknown recipe category: ae2:charger/ae2:charger/meteorite_compass
[00:30:30] [Render thread/WARN]: Unknown recipe category: [!!!com.mojang.logging.LogUtils$1ToString@4aa19994=>java.lang.NullPointerException:Cannot invoke "Object.toString()" because the return value of "java.util.function.Supplier.get()" is null!!!]/the_deep_void:glutton_jei_end_stone_bricks
[00:30:30] [Render thread/WARN]: Unknown recipe category: [!!!com.mojang.logging.LogUtils$1ToString@3184c723=>java.lang.NullPointerException:Cannot invoke "Object.toString()" because the return value of "java.util.function.Supplier.get()" is null!!!]/the_deep_void:glutton_jei_glowstone
[00:30:30] [Render thread/WARN]: Unknown recipe category: [!!!com.mojang.logging.LogUtils$1ToString@53e901cd=>java.lang.NullPointerException:Cannot invoke "Object.toString()" because the return value of "java.util.function.Supplier.get()" is null!!!]/the_deep_void:knife_bandolier_apostle_bag_jei
[00:30:30] [Render thread/WARN]: Unknown recipe category: [!!!com.mojang.logging.LogUtils$1ToString@33627242=>java.lang.NullPointerException:Cannot invoke "Object.toString()" because the return value of "java.util.function.Supplier.get()" is null!!!]/the_deep_void:glutton_jei_fermented_spider_eye
[00:30:30] [Render thread/WARN]: Unknown recipe category: [!!!com.mojang.logging.LogUtils$1ToString@51ce34d5=>java.lang.NullPointerException:Cannot invoke "Object.toString()" because the return value of "java.util.function.Supplier.get()" is null!!!]/the_deep_void:glutton_jei_popped_chorus
[00:30:30] [Render thread/WARN]: Unknown recipe category: [!!!com.mojang.logging.LogUtils$1ToString@f3750a9=>java.lang.NullPointerException:Cannot invoke "Object.toString()" because the return value of "java.util.function.Supplier.get()" is null!!!]/the_deep_void:glutton_jei_copper_ingot
[00:30:30] [Render thread/WARN]: Unknown recipe category: cataclysm:weapon_fusion/cataclysm:weapon_infusion/ignitium_elytra_chestplate
[00:30:30] [Render thread/WARN]: Unknown recipe category: [!!!com.mojang.logging.LogUtils$1ToString@7da1db9b=>java.lang.NullPointerException:Cannot invoke "Object.toString()" because the return value of "java.util.function.Supplier.get()" is null!!!]/the_deep_void:glutton_jei_rotten_bone
[00:30:30] [Render thread/WARN]: Unknown recipe category: [!!!com.mojang.logging.LogUtils$1ToString@3ca5eb2e=>java.lang.NullPointerException:Cannot invoke "Object.toString()" because the return value of "java.util.function.Supplier.get()" is null!!!]/the_deep_void:glutton_block_boss_loot
[00:30:30] [Render thread/WARN]: Unknown recipe category: [!!!com.mojang.logging.LogUtils$1ToString@5d300e18=>java.lang.NullPointerException:Cannot invoke "Object.toString()" because the return value of "java.util.function.Supplier.get()" is null!!!]/the_deep_void:glutton_jei_nether_brick
[00:30:30] [Render thread/WARN]: Unknown recipe category: [!!!com.mojang.logging.LogUtils$1ToString@eeaee95=>java.lang.NullPointerException:Cannot invoke "Object.toString()" because the return value of "java.util.function.Supplier.get()" is null!!!]/the_deep_void:glutton_jei_bottle
[00:30:31] [Render thread/INFO]: JEI StartEventObserver received class net.minecraftforge.client.event.RecipesUpdatedEvent
[00:30:31] [Render thread/INFO]: Loading infobook /data/cyclopscore/info/test.xml
[00:30:31] [Render thread/INFO]: Loading infobook /data/integrateddynamics/info/on_the_dynamics_of_integration.xml
[00:30:31] [Render thread/INFO]: JEI StartEventObserver received class net.minecraftforge.event.TagsUpdatedEvent
[00:30:31] [Render thread/INFO]: JEI StartEventObserver transitioning state from ENABLED to JEI_STARTED
[00:30:31] [Render thread/INFO]: Starting JEI...
[00:30:31] [Render thread/INFO]: Registering item subtypes...
[00:30:31] [Render thread/INFO]: Registering item subtypes took 1.685 ms
[00:30:31] [Render thread/INFO]: Registering fluid subtypes...
[00:30:31] [Render thread/INFO]: Registering fluid subtypes took 204.1 ?s
[00:30:31] [Render thread/INFO]: Registering ingredients...
[00:30:31] [Render thread/WARN]: Item Group has no display items and no search tab display items. Items from this group will be missing from the JEI ingredient list. Operator Utilities
[00:30:31] [Render thread/WARN]: Item Group has no display items and no search tab display items. Items from this group will be missing from the JEI ingredient list. KubeJS
[00:30:32] [Render thread/INFO]: Registering ingredients: jei:minecraft took 152.6 milliseconds
[00:30:32] [Render thread/INFO]: Registering ingredients took 153.3 ms
[00:30:32] [Render thread/INFO]: Registering extra ingredients...
[00:30:32] [Render thread/INFO]: Registering extra ingredients took 267.1 ?s
[00:30:32] [Render thread/INFO]: Registering search ingredient aliases...
[00:30:32] [Render thread/INFO]: Registering search ingredient aliases took 202.5 ?s
[00:30:32] [Render thread/INFO]: Registering categories...
[00:30:32] [Render thread/INFO]: Registering categories took 1.244 ms
[00:30:32] [Render thread/INFO]: Registering vanilla category extensions...
[00:30:32] [Render thread/INFO]: Registering vanilla category extensions took 193.0 ?s
[00:30:32] [Render thread/INFO]: Registering recipe catalysts...
[00:30:32] [Render thread/INFO]: Registering recipe catalysts took 602.3 ?s
[00:30:32] [Render thread/INFO]: Building recipe registry...
[00:30:32] [Render thread/INFO]: Building recipe registry took 1.146 ms
[00:30:32] [Render thread/INFO]: Registering advanced plugins...
[00:30:32] [Render thread/INFO]: Added recipe manager plugin: class cofh.thermal.expansion.compat.jei.plugins.PotionFluidRecipeManagerPlugin
[00:30:32] [Render thread/INFO]: Added recipe manager plugin: class appeng.integration.modules.jei.FacadeRegistryPlugin
[00:30:32] [Render thread/INFO]: Added recipe manager plugin: class io.redspace.ironsspellbooks.jei.AlchemistCauldronAdvancedHandler
[00:30:32] [Render thread/INFO]: Registering advanced plugins took 173.4 ?s
[00:30:32] [Render thread/INFO]: Registering recipes...
[00:30:32] [Render thread/INFO]: Registering recipes: jei:minecraft took 323.7 milliseconds
[00:30:32] [Render thread/INFO]: Registering recipes: industrialforegoing:default took 155.9 milliseconds
[00:30:32] [Render thread/ERROR]: Caught an error from mod plugin: class com.shermansplanet.otherverse.integrations.jei.OtherverseJeiPlugin otherverse:jei_plugin
net.minecraft.ResourceLocationException: Non [a-z0-9/._-] character in path of location: otherverse:PartItem[active_formation_plane]
	at net.minecraft.resources.ResourceLocation.m_245185_(ResourceLocation.java:242) ~[client-1.20.1-20230612.114412-srg.jar%23338!/:?]
	at net.minecraft.resources.ResourceLocation.<init>(ResourceLocation.java:40) ~[client-1.20.1-20230612.114412-srg.jar%23338!/:?]
	at net.minecraft.resources.ResourceLocation.fromNamespaceAndPath(ResourceLocation.java:263) ~[client-1.20.1-20230612.114412-srg.jar%23338!/:?]
	at com.shermansplanet.otherverse.spirits.SpiritLabeler.GenerateRecipes(SpiritLabeler.java:119) ~[otherverse-1.20.1-1.2.13.jar%23319!/:1.20.1-1.2.13]
	at com.shermansplanet.otherverse.integrations.jei.OtherverseJeiPlugin.lambda$addPracticeRecipes$0(OtherverseJeiPlugin.java:108) ~[otherverse-1.20.1-1.2.13.jar%23319!/:1.20.1-1.2.13]
	at com.shermansplanet.otherverse.OtherverseClientPacketHandler.ensureRunOnClient(OtherverseClientPacketHandler.java:103) ~[otherverse-1.20.1-1.2.13.jar%23319!/:1.20.1-1.2.13]
	at com.shermansplanet.otherverse.integrations.jei.OtherverseJeiPlugin.lambda$addPracticeRecipes$1(OtherverseJeiPlugin.java:104) ~[otherverse-1.20.1-1.2.13.jar%23319!/:1.20.1-1.2.13]
	at net.minecraftforge.fml.DistExecutor.unsafeRunWhenOn(DistExecutor.java:111) ~[fmlcore-1.20.1-47.4.10.jar%23339!/:?]
	at com.shermansplanet.otherverse.integrations.jei.OtherverseJeiPlugin.addPracticeRecipes(OtherverseJeiPlugin.java:102) ~[otherverse-1.20.1-1.2.13.jar%23319!/:1.20.1-1.2.13]
	at com.shermansplanet.otherverse.integrations.jei.OtherverseJeiPlugin.registerRecipes(OtherverseJeiPlugin.java:98) ~[otherverse-1.20.1-1.2.13.jar%23319!/:1.20.1-1.2.13]
	at mezz.jei.library.load.PluginLoader.lambda$createRecipeManager$13(PluginLoader.java:182) ~[jei-1.20.1-forge-15.20.0.112.jar%23308!/:15.20.0.112]
	at mezz.jei.library.load.PluginCaller.callOnPlugins(PluginCaller.java:25) ~[jei-1.20.1-forge-15.20.0.112.jar%23308!/:15.20.0.112]
	at mezz.jei.library.load.PluginLoader.createRecipeManager(PluginLoader.java:182) ~[jei-1.20.1-forge-15.20.0.112.jar%23308!/:15.20.0.112]
	at mezz.jei.library.startup.JeiStarter.start(JeiStarter.java:115) ~[jei-1.20.1-forge-15.20.0.112.jar%23308!/:15.20.0.112]
	at mezz.jei.forge.startup.StartEventObserver.transitionState(StartEventObserver.java:130) ~[jei-1.20.1-forge-15.20.0.112.jar%23308!/:15.20.0.112]
	at mezz.jei.forge.startup.StartEventObserver.onEvent(StartEventObserver.java:98) ~[jei-1.20.1-forge-15.20.0.112.jar%23308!/:15.20.0.112]
	at net.minecraftforge.eventbus.EventBus.doCastFilter(EventBus.java:260) ~[eventbus-6.0.5.jar%2387!/:?]
	at net.minecraftforge.eventbus.EventBus.lambda$addListener$11(EventBus.java:252) ~[eventbus-6.0.5.jar%2387!/:?]
	at net.minecraftforge.eventbus.EventBus.post(EventBus.java:315) ~[eventbus-6.0.5.jar%2387!/:?]
	at net.minecraftforge.eventbus.EventBus.post(EventBus.java:296) ~[eventbus-6.0.5.jar%2387!/:?]
	at net.minecraft.client.multiplayer.ClientPacketListener.m_5859_(ClientPacketListener.java:1451) ~[client-1.20.1-20230612.114412-srg.jar%23338!/:?]
	at net.minecraft.network.protocol.game.ClientboundUpdateTagsPacket.m_5797_(ClientboundUpdateTagsPacket.java:35) ~[client-1.20.1-20230612.114412-srg.jar%23338!/:?]
	at net.minecraft.network.protocol.game.ClientboundUpdateTagsPacket.m_5797_(ClientboundUpdateTagsPacket.java:11) ~[client-1.20.1-20230612.114412-srg.jar%23338!/:?]
	at net.minecraft.network.protocol.PacketUtils.m_263899_(PacketUtils.java:22) ~[client-1.20.1-20230612.114412-srg.jar%23338!/:?]
	at net.minecraft.util.thread.BlockableEventLoop.m_6367_(BlockableEventLoop.java:156) ~[client-1.20.1-20230612.114412-srg.jar%23338!/:?]
	at net.minecraft.util.thread.ReentrantBlockableEventLoop.m_6367_(ReentrantBlockableEventLoop.java:23) ~[client-1.20.1-20230612.114412-srg.jar%23338!/:?]
	at net.minecraft.util.thread.BlockableEventLoop.m_7245_(BlockableEventLoop.java:130) ~[client-1.20.1-20230612.114412-srg.jar%23338!/:?]
	at net.minecraft.util.thread.BlockableEventLoop.m_18699_(BlockableEventLoop.java:115) ~[client-1.20.1-20230612.114412-srg.jar%23338!/:?]
	at net.minecraft.client.Minecraft.m_91383_(Minecraft.java:1106) ~[client-1.20.1-20230612.114412-srg.jar%23338!/:?]
	at net.minecraft.client.Minecraft.m_91374_(Minecraft.java:718) ~[client-1.20.1-20230612.114412-srg.jar%23338!/:?]
	at net.minecraft.client.main.Main.main(Main.java:218) ~[forge-47.4.10.jar:?]
	at jdk.internal.reflect.NativeMethodAccessorImpl.invoke0(Native Method) ~[?:?]
	at jdk.internal.reflect.NativeMethodAccessorImpl.invoke(NativeMethodAccessorImpl.java:77) ~[?:?]
	at jdk.internal.reflect.DelegatingMethodAccessorImpl.invoke(DelegatingMethodAccessorImpl.java:43) ~[?:?]
	at java.lang.reflect.Method.invoke(Method.java:569) ~[?:?]
	at net.minecraftforge.fml.loading.targets.CommonLaunchHandler.runTarget(CommonLaunchHandler.java:111) ~[fmlloader-1.20.1-47.4.10.jar:?]
	at net.minecraftforge.fml.loading.targets.CommonLaunchHandler.clientService(CommonLaunchHandler.java:99) ~[fmlloader-1.20.1-47.4.10.jar:?]
	at net.minecraftforge.fml.loading.targets.CommonClientLaunchHandler.lambda$makeService$0(CommonClientLaunchHandler.java:25) ~[fmlloader-1.20.1-47.4.10.jar:?]
	at cpw.mods.modlauncher.LaunchServiceHandlerDecorator.launch(LaunchServiceHandlerDecorator.java:30) ~[modlauncher-10.0.9.jar:?]
	at cpw.mods.modlauncher.LaunchServiceHandler.launch(LaunchServiceHandler.java:53) ~[modlauncher-10.0.9.jar:?]
	at cpw.mods.modlauncher.LaunchServiceHandler.launch(LaunchServiceHandler.java:71) ~[modlauncher-10.0.9.jar:?]
	at cpw.mods.modlauncher.Launcher.run(Launcher.java:108) ~[modlauncher-10.0.9.jar:?]
	at cpw.mods.modlauncher.Launcher.main(Launcher.java:78) ~[modlauncher-10.0.9.jar:?]
	at cpw.mods.modlauncher.BootstrapLaunchConsumer.accept(BootstrapLaunchConsumer.java:26) ~[modlauncher-10.0.9.jar:?]
	at cpw.mods.modlauncher.BootstrapLaunchConsumer.accept(BootstrapLaunchConsumer.java:23) ~[modlauncher-10.0.9.jar:?]
	at cpw.mods.bootstraplauncher.BootstrapLauncher.main(BootstrapLauncher.java:141) ~[bootstraplauncher-1.1.2.jar:?]
[00:30:32] [Render thread/INFO]: Registering recipes: mekanism:jei_plugin took 17.53 milliseconds
[00:30:32] [Render thread/INFO]: Registering recipes: ae2:core took 23.97 milliseconds
[00:30:33] [Render thread/INFO]: Registering recipes: irons_spellbooks:jei_plugin took 1.126 seconds
[00:30:33] [Render thread/ERROR]: Item: "mowziesmobs:umvuthana_mask_fury" of material: "umvuthana_mask" has no proper repair ingredient, this is a bug and should be reported to mowziesmobs
[00:30:33] [Render thread/ERROR]: Item: "mowziesmobs:umvuthana_mask_fear" of material: "umvuthana_mask" has no proper repair ingredient, this is a bug and should be reported to mowziesmobs
[00:30:33] [Render thread/ERROR]: Item: "mowziesmobs:umvuthana_mask_rage" of material: "umvuthana_mask" has no proper repair ingredient, this is a bug and should be reported to mowziesmobs
[00:30:33] [Render thread/ERROR]: Item: "mowziesmobs:umvuthana_mask_bliss" of material: "umvuthana_mask" has no proper repair ingredient, this is a bug and should be reported to mowziesmobs
[00:30:33] [Render thread/ERROR]: Item: "mowziesmobs:umvuthana_mask_misery" of material: "umvuthana_mask" has no proper repair ingredient, this is a bug and should be reported to mowziesmobs
[00:30:33] [Render thread/ERROR]: Item: "mowziesmobs:umvuthana_mask_faith" of material: "umvuthana_mask" has no proper repair ingredient, this is a bug and should be reported to mowziesmobs
[00:30:33] [Render thread/ERROR]: Item: "mowziesmobs:umvuthana_mask_fury" of material: "umvuthana_mask" has no proper repair ingredient, this is a bug and should be reported to mowziesmobs
[00:30:33] [Render thread/ERROR]: Item: "mowziesmobs:umvuthana_mask_fear" of material: "umvuthana_mask" has no proper repair ingredient, this is a bug and should be reported to mowziesmobs
[00:30:33] [Render thread/ERROR]: Item: "mowziesmobs:umvuthana_mask_rage" of material: "umvuthana_mask" has no proper repair ingredient, this is a bug and should be reported to mowziesmobs
[00:30:33] [Render thread/ERROR]: Item: "mowziesmobs:umvuthana_mask_bliss" of material: "umvuthana_mask" has no proper repair ingredient, this is a bug and should be reported to mowziesmobs
[00:30:33] [Render thread/ERROR]: Item: "mowziesmobs:umvuthana_mask_misery" of material: "umvuthana_mask" has no proper repair ingredient, this is a bug and should be reported to mowziesmobs
[00:30:33] [Render thread/ERROR]: Item: "mowziesmobs:umvuthana_mask_faith" of material: "umvuthana_mask" has no proper repair ingredient, this is a bug and should be reported to mowziesmobs
[00:30:33] [Render thread/INFO]: Registering recipes: embers:jei_plugin took 59.72 milliseconds
[00:30:33] [Render thread/INFO]: Registering recipes took 1.739 s
[00:30:33] [Render thread/INFO]: Registering recipes transfer handlers...
[00:30:33] [Render thread/INFO]: Registering recipes transfer handlers took 306.2 ?s
[00:30:33] [Render thread/INFO]: Building runtime...
[00:30:33] [Render thread/INFO]: Registering gui handlers...
[00:30:33] [Render thread/INFO]: Registering gui handlers took 267.4 ?s
[00:30:33] [Render thread/INFO]: Registering Runtime...
[00:30:33] [Render thread/INFO]: Starting JEI GUI
[00:30:33] [Render thread/INFO]: Building ingredient list...
[00:30:33] [Render thread/INFO]: Building ingredient list took 50.78 ms
[00:30:33] [Render thread/INFO]: Building ingredient filter...
[00:30:33] [Render thread/INFO]: Adding 10059 ingredients
[00:30:34] [Render thread/INFO]: Added 10059 ingredients
[00:30:34] [Render thread/INFO]: Building ingredient filter took 641.9 ms
[00:30:34] [Render thread/INFO]: Registering Runtime: jei:forge_gui took 701.6 milliseconds
[00:30:34] [Render thread/INFO]: Registering Runtime took 702.1 ms
[00:30:34] [Render thread/INFO]: Building runtime took 702.5 ms
[00:30:34] [Render thread/INFO]: Sending Runtime...
[00:30:34] [Render thread/INFO]: Ingredients are being removed at runtime: 9 net.minecraft.world.item.ItemStack
[00:30:34] [Render thread/ERROR]: Could not find a matching ingredient to remove: 1 debug_cube_gen ae2:debug_cube_gen
[00:30:34] [Render thread/ERROR]: Could not find a matching ingredient to remove: 1 debug_chunk_loader ae2:debug_chunk_loader
[00:30:34] [Render thread/ERROR]: Could not find a matching ingredient to remove: 1 debug_energy_gen ae2:debug_energy_gen
[00:30:34] [Render thread/ERROR]: Could not find a matching ingredient to remove: 1 debug_item_gen ae2:debug_item_gen
[00:30:34] [Render thread/ERROR]: Could not find a matching ingredient to remove: 1 debug_phantom_node ae2:debug_phantom_node
[00:30:34] [Render thread/ERROR]: Could not find a matching ingredient to remove: 1 EraserItem[debug_eraser] ae2:debug_eraser
[00:30:34] [Render thread/ERROR]: Could not find a matching ingredient to remove: 1 MeteoritePlacerItem[debug_meteorite_placer] ae2:debug_meteorite_placer
[00:30:34] [Render thread/ERROR]: Could not find a matching ingredient to remove: 1 ReplicatorCardItem[debug_replicator_card] ae2:debug_replicator_card
[00:30:34] [Render thread/INFO]: Sending Runtime took 1.634 ms
[00:30:34] [Render thread/INFO]: Starting JEI took 2.606 s
[00:30:34] [Render thread/INFO]: Received config from the server: 
[00:30:34] [Render thread/INFO]: Loading config fdbosses:bosses_clientside
[00:30:34] [Render thread/INFO]: Loading config fdlib:fdlib_client
[00:30:34] [Server thread/INFO]: Loading data for 22 chunks for filePath 'C:\Users\Matthew Acuna\curseforge\minecraft\Instances\Oscillation\saves\phighting\chunk_activity_info\cataclysm_sanctum_fallen.dat' took 7 milliseconds
[00:30:34] [Server thread/INFO]: Saving data for 22 chunks for dimension 'cataclysm_sanctum_fallen' took 1 milliseconds
[00:30:34] [Render thread/INFO]: Loaded 143 advancements
[00:30:34] [Render thread/INFO]: BookContentResourceListenerLoader: Files found in 45.60 ?s
[00:30:34] [Render thread/INFO]: BookContentResourceListenerLoader: Files found in 33.10 ?s
[00:30:34] [Render thread/INFO]: BookContentResourceListenerLoader: Files found in 22.30 ?s
[00:30:34] [Render thread/INFO]: BookContentResourceListenerLoader: Files found in 477.7 ?s
[00:30:34] [Render thread/INFO]: BookContentResourceListenerLoader: Files found in 444.7 ?s
[00:30:34] [Render thread/INFO]: BookContentResourceListenerLoader: Files found in 300.8 ?s
[00:30:34] [Render thread/INFO]: BookContentResourceListenerLoader: Files found in 85.90 ?s
[00:30:34] [Render thread/INFO]: BookContentResourceListenerLoader: Files found in 72.00 ?s
[00:30:34] [Render thread/INFO]: BookContentResourceListenerLoader: Files found in 45.50 ?s
[00:30:34] [Render thread/INFO]: BookContentResourceListenerLoader: Files found in 13.10 ?s
[00:30:34] [Render thread/INFO]: BookContentResourceListenerLoader: Files found in 10.40 ?s
[00:30:34] [Render thread/INFO]: BookContentResourceListenerLoader: Files found in 8.700 ?s
[00:30:34] [Render thread/INFO]: BookContentResourceListenerLoader: Files found in 60.40 ?s
[00:30:34] [Render thread/INFO]: BookContentResourceListenerLoader: Files found in 51.50 ?s
[00:30:34] [Render thread/INFO]: BookContentResourceListenerLoader: Files found in 42.60 ?s
[00:30:34] [Render thread/INFO]: BookContentResourceListenerLoader: Files found in 26.80 ?s
[00:30:34] [Render thread/INFO]: BookContentResourceListenerLoader: Files found in 21.00 ?s
[00:30:34] [Render thread/INFO]: BookContentResourceListenerLoader: Files found in 16.80 ?s
[00:30:34] [Render thread/INFO]: BookContentResourceListenerLoader: Files found in 1.062 ms
[00:30:34] [Render thread/WARN]: Invalid icon item stack: Unknown item ID: thermal:lumium_rail
[00:30:34] [Render thread/INFO]: BookContentResourceListenerLoader: Files found in 1.009 ms
[00:30:34] [Render thread/WARN]: Invalid icon item stack: Unknown item ID: thermal:prismarine_rail
[00:30:34] [Render thread/WARN]: Invalid icon item stack: Unknown item ID: thermal:lumium_rail
[00:30:34] [Render thread/WARN]: Invalid icon item stack: Unknown item ID: thermal:underwater_minecart
[00:30:34] [Render thread/WARN]: Invalid icon item stack: Unknown item ID: thermal:watering_can
[00:30:34] [Render thread/WARN]: Invalid icon item stack: Unknown item ID: thermal:fluid_minecart
[00:30:34] [Render thread/WARN]: Invalid icon item stack: Unknown item ID: thermal:pbj_sandwich
[00:30:34] [Render thread/WARN]: Invalid icon item stack: Unknown item ID: thermal:flux_drill
[00:30:34] [Render thread/WARN]: Invalid icon item stack: Unknown item ID: thermal:flux_magnet
[00:30:34] [Render thread/WARN]: Invalid icon item stack: Unknown item ID: thermal:barley
[00:30:34] [Render thread/WARN]: Invalid icon item stack: Unknown item ID: thermal:crossover_rail
[00:30:34] [Render thread/WARN]: Invalid icon item stack: Unknown item ID: thermal:potion_quiver
[00:30:34] [Render thread/WARN]: Invalid icon item stack: Unknown item ID: thermal:potion_infuser
[00:30:34] [Render thread/WARN]: Invalid icon item stack: Unknown item ID: thermal:energy_minecart
[00:30:34] [Render thread/WARN]: Invalid icon item stack: Unknown item ID: thermal:flux_capacitor
[00:30:34] [Render thread/WARN]: Invalid icon item stack: Unknown item ID: thermal:flux_saw
[00:30:34] [Render thread/WARN]: Invalid icon item stack: Unknown item ID: thermal:fluid_reservoir
[00:30:34] [Render thread/INFO]: BookContentResourceListenerLoader: Files found in 843.2 ?s
[00:30:34] [Render thread/WARN]: Thermalpedia missing the crafting recipe: thermal:phytosoil
[00:30:34] [Render thread/INFO]: BookContentResourceListenerLoader: Files found in 92.80 ?s
[00:30:34] [Render thread/INFO]: BookContentResourceListenerLoader: Files found in 78.60 ?s
[00:30:34] [Render thread/INFO]: BookContentResourceListenerLoader: Files found in 77.40 ?s
[00:30:34] [Render thread/WARN]: Recipe irons_spellbooks:cryomancer_helmet (of type minecraft:crafting) not found
[00:30:34] [Render thread/WARN]: Recipe irons_spellbooks:pyromancer_helmet (of type minecraft:crafting) not found
[00:30:34] [Render thread/INFO]: BookContentResourceListenerLoader: Files found in 389.9 ?s
[00:30:34] [Render thread/INFO]: BookContentResourceListenerLoader: Files found in 436.7 ?s
[00:30:34] [Render thread/INFO]: BookContentResourceListenerLoader: Files found in 338.4 ?s
[00:30:34] [Render thread/INFO]: BookContentResourceListenerLoader: Files found in 36.40 ?s
[00:30:34] [Render thread/INFO]: BookContentResourceListenerLoader: Files found in 30.40 ?s
[00:30:34] [Render thread/INFO]: BookContentResourceListenerLoader: Files found in 21.00 ?s
[00:30:34] [Render thread/INFO]: BookContentResourceListenerLoader: Files found in 229.6 ?s
[00:30:34] [Render thread/INFO]: BookContentResourceListenerLoader: Files found in 266.6 ?s
[00:30:34] [Render thread/INFO]: BookContentResourceListenerLoader: Files found in 149.3 ?s
[00:30:34] [Render thread/WARN]: Received passengers for unknown entity
[00:30:34] [Render thread/WARN]: Received passengers for unknown entity
[00:30:34] [Render thread/WARN]: Received passengers for unknown entity
[00:30:34] [Render thread/WARN]: Received passengers for unknown entity
[00:30:34] [Render thread/WARN]: Received passengers for unknown entity
[00:30:34] [Render thread/WARN]: Received passengers for unknown entity
[00:30:34] [Render thread/WARN]: Received passengers for unknown entity
[00:30:34] [Render thread/WARN]: Received passengers for unknown entity
[00:30:55] [Render thread/WARN]: Received passengers for unknown entity
[00:30:56] [Render thread/WARN]: Received passengers for unknown entity
[00:30:56] [Render thread/WARN]: Received passengers for unknown entity
[00:30:57] [C2ME worker #1/INFO]: merged 6 surface rules with vanilla rule SequenceRuleSource
[00:30:58] [Render thread/WARN]: Received passengers for unknown entity
[00:30:58] [Render thread/WARN]: Received passengers for unknown entity
[00:30:58] [Render thread/WARN]: Received passengers for unknown entity
[00:30:58] [Render thread/WARN]: Received passengers for unknown entity
[00:30:58] [Render thread/WARN]: Received passengers for unknown entity
[00:30:58] [Render thread/WARN]: Received passengers for unknown entity
[00:30:58] [Render thread/WARN]: Received passengers for unknown entity
[00:30:59] [Render thread/WARN]: Received passengers for unknown entity
[00:30:59] [Render thread/WARN]: Received passengers for unknown entity
[00:31:10] [Server thread/INFO]: [SporiumCorium: Set own game mode to Survival Mode]
[00:31:10] [Render thread/INFO]: [System] [CHAT] Set own game mode to Survival Mode
[00:31:20] [Render thread/WARN]: Received passengers for unknown entity
[00:31:22] [Server thread/INFO]: SporiumCorium was slain by Scylla
[00:31:22] [Render thread/INFO]: [System] [CHAT] SporiumCorium was slain by Scylla
[00:31:24] [Server thread/ERROR]: Cannot have null removal reason on Clone event!
[00:31:41] [Server thread/INFO]: [SporiumCorium: Set own game mode to Creative Mode]
[00:31:41] [Render thread/INFO]: [System] [CHAT] Set own game mode to Creative Mode
[00:31:49] [Render thread/WARN]: Received passengers for unknown entity
[00:31:56] [Server thread/INFO]: [SporiumCorium: Set own game mode to Survival Mode]
[00:31:56] [Render thread/INFO]: [System] [CHAT] Set own game mode to Survival Mode
[00:31:59] [Render thread/INFO]: Loaded 160 advancements
[00:32:01] [Server thread/INFO]: SporiumCorium was electrocuted by Scylla
[00:32:01] [Render thread/INFO]: [System] [CHAT] SporiumCorium was electrocuted by Scylla
[00:32:02] [Server thread/ERROR]: Cannot have null removal reason on Clone event!
[00:32:02] [Render thread/WARN]: Received passengers for unknown entity
[00:32:02] [Render thread/WARN]: Received passengers for unknown entity
[00:32:02] [Render thread/WARN]: Received passengers for unknown entity
[00:32:02] [Render thread/WARN]: Received passengers for unknown entity
[00:32:02] [Render thread/WARN]: Received passengers for unknown entity
[00:32:07] [Render thread/WARN]: Received passengers for unknown entity
[00:32:10] [Render thread/WARN]: Received passengers for unknown entity
[00:32:19] [Server thread/INFO]: SporiumCorium has made the advancement [Take Aim]
[00:32:19] [Render thread/INFO]: [System] [CHAT] SporiumCorium has made the advancement [Take Aim]
[00:32:19] [Render thread/INFO]: Loaded 162 advancements
[00:32:39] [Render thread/WARN]: Received passengers for unknown entity
[00:32:41] [Render thread/WARN]: Received passengers for unknown entity
[00:32:41] [Render thread/WARN]: Received passengers for unknown entity
[00:32:46] [Render thread/WARN]: Received passengers for unknown entity
[00:32:52] [Render thread/WARN]: Received passengers for unknown entity
[00:32:57] [Render thread/WARN]: Received passengers for unknown entity
[00:33:09] [Render thread/WARN]: Received passengers for unknown entity
[00:33:10] [Render thread/WARN]: Received passengers for unknown entity
[00:33:11] [Render thread/WARN]: Received passengers for unknown entity
[00:33:12] [Render thread/INFO]: Listing events...
[00:33:12] [Render thread/INFO]: World join: 3
[00:33:12] [Render thread/INFO]:   Singleplayer: 3
[00:33:12] [Render thread/INFO]:   Multiplayer: 0
[00:33:12] [Render thread/INFO]: Client Level Updates: 9
[00:33:12] [Render thread/INFO]: Client Player Logout: 5
[00:33:12] [Render thread/INFO]: Client Player Clone: 4
[00:33:12] [Render thread/INFO]: Server Player Clone: 3
[00:33:12] [Render thread/INFO]:   Invalid Cloned Players: 3
[00:33:12] [Render thread/INFO]: Server Player Logout: 2
[00:33:12] [Render thread/INFO]: Server Stopped: 2
[00:33:12] [Render thread/INFO]: Listing memory leaks so far...
[00:33:12] [Render thread/INFO]: B: 2610MB / C: 2908MB / Diff: +298MB
[00:33:12] [Render thread/INFO]: Memory Leaks detected: (/atl force_refresh to update)
[00:33:12] [Render thread/INFO]: | MinecraftServer:
[00:33:12] [Render thread/INFO]: |- IntegratedServer (minecraft): 2
[00:33:12] [Render thread/INFO]: | Level:
[00:33:12] [Render thread/INFO]: |- ServerLevel (minecraft): 32
[00:33:12] [Render thread/INFO]: |- ClientLevel (minecraft): 3
[00:33:12] [Render thread/INFO]: | Player:
[00:33:12] [Render thread/INFO]: |- LocalPlayer (minecraft): 4
[00:33:12] [Render thread/INFO]: |- ServerPlayer (minecraft): 3
[00:33:12] [Render thread/INFO]: | ChunkAccess:
[00:33:12] [Render thread/INFO]: |- LevelChunk (minecraft): 1380
[00:33:14] [Render thread/WARN]: Received passengers for unknown entity
[00:34:17] [Render thread/WARN]: Received passengers for unknown entity
[00:34:17] [Render thread/WARN]: Received passengers for unknown entity
[00:34:17] [Render thread/WARN]: Received passengers for unknown entity
[00:34:19] [Render thread/WARN]: Received passengers for unknown entity
[00:34:22] [Render thread/WARN]: Received passengers for unknown entity
[00:34:51] [Server thread/INFO]: SporiumCorium was slain by Scylla
[00:34:51] [Render thread/INFO]: [System] [CHAT] SporiumCorium was slain by Scylla
[00:34:53] [Server thread/ERROR]: Cannot have null removal reason on Clone event!
[00:35:12] [Render thread/WARN]: Received passengers for unknown entity
[00:35:13] [Render thread/WARN]: Received passengers for unknown entity
[00:35:17] [Render thread/WARN]: Received passengers for unknown entity
[00:35:32] [Server thread/INFO]: Saving data for 25 chunks for dimension 'cataclysm_sanctum_fallen' took 1 milliseconds
[00:35:32] [Server thread/INFO]: Saving data for 17 chunks for dimension 'overworld' took 0 milliseconds
[00:35:36] [Server thread/INFO]: SporiumCorium was slain by Scylla
[00:35:36] [Render thread/INFO]: [System] [CHAT] SporiumCorium was slain by Scylla
[00:35:37] [Server thread/ERROR]: Cannot have null removal reason on Clone event!
[00:35:38] [Render thread/WARN]: Received passengers for unknown entity
[00:36:01] [Server thread/INFO]: [SporiumCorium: Applied enchantment Power V to SporiumCorium's item]
[00:36:01] [Render thread/INFO]: [System] [CHAT] Applied enchantment Power V to SporiumCorium's item
[00:36:19] [Server thread/INFO]: SporiumCorium was electrocuted by Scylla
[00:36:19] [Render thread/INFO]: [System] [CHAT] SporiumCorium was electrocuted by Scylla
[00:36:20] [Server thread/ERROR]: Cannot have null removal reason on Clone event!
[00:36:20] [Render thread/WARN]: Received passengers for unknown entity
[00:36:20] [Render thread/WARN]: Received passengers for unknown entity
[00:36:20] [Render thread/WARN]: Received passengers for unknown entity
[00:36:28] [Server thread/INFO]: SporiumCorium has made the advancement [Not Today, Thank You]
[00:36:28] [Render thread/INFO]: [System] [CHAT] SporiumCorium has made the advancement [Not Today, Thank You]
[00:36:28] [Render thread/INFO]: Loaded 164 advancements
[00:36:51] [Render thread/WARN]: Received passengers for unknown entity
[00:36:53] [Render thread/WARN]: Received passengers for unknown entity
[00:37:47] [Render thread/WARN]: Received passengers for unknown entity
[00:37:55] [Render thread/WARN]: Received passengers for unknown entity
[00:37:56] [Server thread/INFO]: SporiumCorium was electrocuted by Scylla
[00:37:56] [Render thread/INFO]: [System] [CHAT] SporiumCorium was electrocuted by Scylla
[00:37:58] [Server thread/ERROR]: Cannot have null removal reason on Clone event!
[00:37:58] [Render thread/WARN]: Received passengers for unknown entity
[00:37:58] [Render thread/WARN]: Received passengers for unknown entity
[00:37:58] [Render thread/WARN]: Received passengers for unknown entity
[00:37:58] [Render thread/WARN]: Received passengers for unknown entity
[00:37:59] [Render thread/WARN]: Received passengers for unknown entity
[00:38:46] [Render thread/WARN]: Received passengers for unknown entity
[00:38:59] [Render thread/WARN]: Received passengers for unknown entity
[00:39:16] [Render thread/WARN]: Received passengers for unknown entity
[00:39:38] [Render thread/WARN]: Received passengers for unknown entity
[00:39:47] [Render thread/WARN]: Received passengers for unknown entity
[00:40:32] [Server thread/INFO]: Saving data for 27 chunks for dimension 'cataclysm_sanctum_fallen' took 1 milliseconds
[00:40:32] [Server thread/INFO]: Saving data for 17 chunks for dimension 'overworld' took 1 milliseconds
[00:40:41] [Render thread/WARN]: Received passengers for unknown entity
[00:40:52] [Render thread/WARN]: Received passengers for unknown entity
[00:41:07] [Server thread/INFO]: SporiumCorium was electrocuted by Scylla
[00:41:07] [Render thread/INFO]: [System] [CHAT] SporiumCorium was electrocuted by Scylla
[00:41:08] [Server thread/ERROR]: Cannot have null removal reason on Clone event!
[00:41:08] [Render thread/WARN]: Received passengers for unknown entity
[00:41:08] [Render thread/WARN]: Received passengers for unknown entity
[00:41:08] [Render thread/WARN]: Received passengers for unknown entity
[00:41:08] [Render thread/WARN]: Received passengers for unknown entity
[00:41:08] [Render thread/WARN]: Received passengers for unknown entity
[00:41:08] [Render thread/WARN]: Received passengers for unknown entity
[00:41:08] [Render thread/WARN]: Received passengers for unknown entity
[00:41:08] [Render thread/WARN]: Received passengers for unknown entity
[00:41:08] [Render thread/WARN]: Received passengers for unknown entity
[00:41:20] [Render thread/WARN]: Received passengers for unknown entity
[00:41:36] [Server thread/INFO]: SporiumCorium was electrocuted by Scylla
[00:41:36] [Render thread/INFO]: [System] [CHAT] SporiumCorium was electrocuted by Scylla
[00:41:38] [Server thread/ERROR]: Cannot have null removal reason on Clone event!
[00:41:38] [Render thread/WARN]: Received passengers for unknown entity
[00:41:38] [Render thread/WARN]: Received passengers for unknown entity
[00:41:38] [Render thread/WARN]: Received passengers for unknown entity
[00:41:48] [Server thread/INFO]: SporiumCorium was electrocuted by Scylla
[00:41:48] [Render thread/INFO]: [System] [CHAT] SporiumCorium was electrocuted by Scylla
[00:41:49] [Server thread/ERROR]: Cannot have null removal reason on Clone event!
[00:41:49] [Render thread/WARN]: Received passengers for unknown entity
[00:41:49] [Render thread/WARN]: Received passengers for unknown entity
[00:41:49] [Render thread/WARN]: Received passengers for unknown entity
[00:41:52] [Render thread/WARN]: Received passengers for unknown entity
[00:42:00] [Render thread/WARN]: Received passengers for unknown entity
[00:42:11] [Server thread/INFO]: SporiumCorium was electrocuted by Scylla
[00:42:11] [Render thread/INFO]: [System] [CHAT] SporiumCorium was electrocuted by Scylla
[00:42:12] [Server thread/ERROR]: Cannot have null removal reason on Clone event!
[00:42:12] [Render thread/WARN]: Received passengers for unknown entity
[00:42:12] [Render thread/WARN]: Received passengers for unknown entity
[00:42:12] [Render thread/WARN]: Received passengers for unknown entity
[00:42:12] [Render thread/WARN]: Received passengers for unknown entity
[00:42:12] [Render thread/WARN]: Received passengers for unknown entity
[00:42:13] [Render thread/WARN]: Received passengers for unknown entity
[00:42:13] [Render thread/WARN]: Received passengers for unknown entity
[00:42:13] [Render thread/WARN]: Received passengers for unknown entity
[00:42:26] [Render thread/WARN]: Received passengers for unknown entity
[00:42:54] [Render thread/WARN]: Received passengers for unknown entity
[00:43:12] [Render thread/INFO]: Listing events...
[00:43:12] [Render thread/INFO]: World join: 3
[00:43:12] [Render thread/INFO]:   Singleplayer: 3
[00:43:12] [Render thread/INFO]:   Multiplayer: 0
[00:43:12] [Render thread/INFO]: Client Level Updates: 9
[00:43:12] [Render thread/INFO]: Client Player Logout: 5
[00:43:12] [Render thread/INFO]: Client Player Clone: 12
[00:43:12] [Render thread/INFO]: Server Player Clone: 11
[00:43:12] [Render thread/INFO]:   Invalid Cloned Players: 11
[00:43:12] [Render thread/INFO]: Server Player Logout: 2
[00:43:12] [Render thread/INFO]: Server Stopped: 2
[00:43:12] [Render thread/INFO]: Listing memory leaks so far...
[00:43:12] [Render thread/INFO]: B: 2610MB / C: 2930MB / Diff: +320MB
[00:43:12] [Render thread/INFO]: Memory Leaks detected: (/atl force_refresh to update)
[00:43:12] [Render thread/INFO]: | MinecraftServer:
[00:43:12] [Render thread/INFO]: |- IntegratedServer (minecraft): 2
[00:43:12] [Render thread/INFO]: | Level:
[00:43:12] [Render thread/INFO]: |- ServerLevel (minecraft): 32
[00:43:12] [Render thread/INFO]: |- ClientLevel (minecraft): 3
[00:43:12] [Render thread/INFO]: | Player:
[00:43:12] [Render thread/INFO]: |- LocalPlayer (minecraft): 8
[00:43:12] [Render thread/INFO]: |- ServerPlayer (minecraft): 3
[00:43:12] [Render thread/INFO]: | ChunkAccess:
[00:43:12] [Render thread/INFO]: |- LevelChunk (minecraft): 1547
[00:43:13] [Render thread/WARN]: Received passengers for unknown entity
[00:43:18] [Render thread/WARN]: Received passengers for unknown entity
[00:43:54] [Render thread/WARN]: Received passengers for unknown entity
[00:44:11] [Server thread/INFO]: SporiumCorium was electrocuted by Scylla
[00:44:11] [Render thread/INFO]: [System] [CHAT] SporiumCorium was electrocuted by Scylla
[00:44:11] [Render thread/WARN]: Received passengers for unknown entity
[00:44:12] [Server thread/ERROR]: Cannot have null removal reason on Clone event!
[00:44:13] [Render thread/WARN]: Received passengers for unknown entity
[00:44:13] [Render thread/WARN]: Received passengers for unknown entity
[00:44:13] [Render thread/WARN]: Received passengers for unknown entity
[00:44:15] [Render thread/WARN]: Received passengers for unknown entity
[00:44:34] [Server thread/INFO]: SporiumCorium was electrocuted by Scylla
[00:44:34] [Render thread/INFO]: [System] [CHAT] SporiumCorium was electrocuted by Scylla
[00:44:36] [Server thread/ERROR]: Cannot have null removal reason on Clone event!
[00:44:36] [Render thread/WARN]: Received passengers for unknown entity
[00:44:36] [Render thread/WARN]: Received passengers for unknown entity
[00:44:36] [Render thread/WARN]: Received passengers for unknown entity
[00:44:36] [Render thread/WARN]: Received passengers for unknown entity
[00:44:36] [Render thread/WARN]: Received passengers for unknown entity
[00:44:36] [Render thread/WARN]: Received passengers for unknown entity
[00:44:36] [Render thread/WARN]: Received passengers for unknown entity
[00:44:36] [Render thread/WARN]: Received passengers for unknown entity
[00:44:36] [Render thread/WARN]: Received passengers for unknown entity
[00:44:36] [Render thread/WARN]: Received passengers for unknown entity
[00:44:38] [Render thread/WARN]: Received passengers for unknown entity
[00:44:41] [Render thread/WARN]: Received passengers for unknown entity
[00:44:43] [Render thread/WARN]: Received passengers for unknown entity
[00:45:02] [Render thread/WARN]: Received passengers for unknown entity
[00:45:24] [Render thread/WARN]: Received passengers for unknown entity
[00:45:26] [Render thread/WARN]: Received passengers for unknown entity
[00:45:27] [Render thread/WARN]: Received passengers for unknown entity
[00:45:28] [Render thread/WARN]: Received passengers for unknown entity
[00:45:32] [Server thread/INFO]: Saving data for 27 chunks for dimension 'cataclysm_sanctum_fallen' took 0 milliseconds
[00:45:32] [Server thread/INFO]: Saving data for 17 chunks for dimension 'overworld' took 1 milliseconds
[00:45:33] [Render thread/WARN]: Received passengers for unknown entity
[00:45:45] [Render thread/WARN]: Received passengers for unknown entity
[00:46:02] [Server thread/INFO]: SporiumCorium was slain by Scylla
[00:46:02] [Render thread/INFO]: [System] [CHAT] SporiumCorium was slain by Scylla
[00:46:03] [Server thread/ERROR]: Cannot have null removal reason on Clone event!
[00:46:03] [Render thread/WARN]: Received passengers for unknown entity
[00:46:03] [Render thread/WARN]: Received passengers for unknown entity
[00:46:03] [Render thread/WARN]: Received passengers for unknown entity
[00:46:03] [Render thread/WARN]: Received passengers for unknown entity
[00:46:03] [Render thread/WARN]: Received passengers for unknown entity
[00:46:04] [Render thread/WARN]: Received passengers for unknown entity
[00:47:01] [Render thread/WARN]: Received passengers for unknown entity
[00:47:15] [Render thread/WARN]: Received passengers for unknown entity
[00:47:22] [Server thread/INFO]: SporiumCorium was electrocuted by Scylla
[00:47:22] [Render thread/INFO]: [System] [CHAT] SporiumCorium was electrocuted by Scylla
[00:47:23] [Server thread/ERROR]: Cannot have null removal reason on Clone event!
[00:47:24] [Render thread/WARN]: Received passengers for unknown entity
[00:47:31] [Render thread/WARN]: Received passengers for unknown entity
[00:47:52] [Render thread/WARN]: Received passengers for unknown entity
[00:49:10] [Render thread/WARN]: Received passengers for unknown entity
[00:49:44] [Render thread/WARN]: Received passengers for unknown entity
[00:49:47] [Render thread/WARN]: Received passengers for unknown entity
[00:49:49] [Render thread/WARN]: Received passengers for unknown entity
[00:50:32] [Server thread/INFO]: Saving data for 27 chunks for dimension 'cataclysm_sanctum_fallen' took 1 milliseconds
[00:50:32] [Server thread/INFO]: Saving data for 17 chunks for dimension 'overworld' took 1 milliseconds
[00:50:33] [Render thread/WARN]: Received passengers for unknown entity
[00:50:34] [Render thread/WARN]: Received passengers for unknown entity
[00:50:55] [Render thread/WARN]: Received passengers for unknown entity
[00:51:02] [Render thread/WARN]: Received passengers for unknown entity
[00:51:04] [Render thread/WARN]: Received passengers for unknown entity
[00:51:38] [Render thread/WARN]: Received passengers for unknown entity
[00:51:38] [Render thread/WARN]: Received passengers for unknown entity
[00:51:46] [Render thread/WARN]: Received passengers for unknown entity
[00:51:48] [Render thread/WARN]: Received passengers for unknown entity
[00:51:54] [Render thread/WARN]: Received passengers for unknown entity
[00:52:46] [Server thread/INFO]: SporiumCorium was electrocuted by Scylla
[00:52:46] [Render thread/INFO]: [System] [CHAT] SporiumCorium was electrocuted by Scylla
[00:52:47] [Server thread/ERROR]: Cannot have null removal reason on Clone event!
[00:52:47] [Render thread/WARN]: Received passengers for unknown entity
[00:52:47] [Render thread/WARN]: Received passengers for unknown entity
[00:52:47] [Render thread/WARN]: Received passengers for unknown entity
[00:52:47] [Render thread/WARN]: Received passengers for unknown entity
[00:52:47] [Render thread/WARN]: Received passengers for unknown entity
[00:52:47] [Render thread/WARN]: Received passengers for unknown entity
[00:52:47] [Render thread/WARN]: Received passengers for unknown entity
[00:52:47] [Render thread/WARN]: Received passengers for unknown entity
[00:52:47] [Render thread/WARN]: Received passengers for unknown entity
[00:52:47] [Render thread/WARN]: Received passengers for unknown entity
[00:52:47] [Render thread/WARN]: Received passengers for unknown entity
[00:52:47] [Render thread/WARN]: Received passengers for unknown entity
[00:52:47] [Render thread/WARN]: Received passengers for unknown entity
[00:52:47] [Render thread/WARN]: Received passengers for unknown entity
[00:52:47] [Render thread/WARN]: Received passengers for unknown entity
[00:52:47] [Render thread/WARN]: Received passengers for unknown entity
[00:52:47] [Render thread/WARN]: Received passengers for unknown entity
[00:52:47] [Render thread/WARN]: Received passengers for unknown entity
[00:52:47] [Render thread/WARN]: Received passengers for unknown entity
[00:52:48] [Render thread/WARN]: Received passengers for unknown entity
[00:52:48] [Render thread/WARN]: Received passengers for unknown entity
[00:52:48] [Render thread/WARN]: Received passengers for unknown entity
[00:52:48] [Render thread/WARN]: Received passengers for unknown entity
[00:53:09] [Server thread/INFO]: SporiumCorium was electrocuted by Scylla
[00:53:09] [Render thread/INFO]: [System] [CHAT] SporiumCorium was electrocuted by Scylla
[00:53:10] [Server thread/ERROR]: Cannot have null removal reason on Clone event!
[00:53:10] [Render thread/WARN]: Received passengers for unknown entity
[00:53:10] [Render thread/WARN]: Received passengers for unknown entity
[00:53:10] [Render thread/WARN]: Received passengers for unknown entity
[00:53:10] [Render thread/WARN]: Received passengers for unknown entity
[00:53:10] [Render thread/WARN]: Received passengers for unknown entity
[00:53:12] [Render thread/INFO]: Listing events...
[00:53:12] [Render thread/INFO]: World join: 3
[00:53:12] [Render thread/INFO]:   Singleplayer: 3
[00:53:12] [Render thread/INFO]:   Multiplayer: 0
[00:53:12] [Render thread/INFO]: Client Level Updates: 9
[00:53:12] [Render thread/INFO]: Client Player Logout: 5
[00:53:12] [Render thread/INFO]: Client Player Clone: 18
[00:53:12] [Render thread/INFO]: Server Player Clone: 17
[00:53:12] [Render thread/INFO]:   Invalid Cloned Players: 17
[00:53:12] [Render thread/INFO]: Server Player Logout: 2
[00:53:12] [Render thread/INFO]: Server Stopped: 2
[00:53:12] [Render thread/INFO]: Listing memory leaks so far...
[00:53:12] [Render thread/INFO]: B: 2610MB / C: 2935MB / Diff: +325MB
[00:53:12] [Render thread/INFO]: Memory Leaks detected: (/atl force_refresh to update)
[00:53:12] [Render thread/INFO]: | MinecraftServer:
[00:53:12] [Render thread/INFO]: |- IntegratedServer (minecraft): 2
[00:53:12] [Render thread/INFO]: | Level:
[00:53:12] [Render thread/INFO]: |- ServerLevel (minecraft): 32
[00:53:12] [Render thread/INFO]: |- ClientLevel (minecraft): 3
[00:53:12] [Render thread/INFO]: | Player:
[00:53:12] [Render thread/INFO]: |- LocalPlayer (minecraft): 11
[00:53:12] [Render thread/INFO]: |- ServerPlayer (minecraft): 5
[00:53:12] [Render thread/INFO]: | ChunkAccess:
[00:53:12] [Render thread/INFO]: |- LevelChunk (minecraft): 1483
[00:53:19] [Render thread/WARN]: Received passengers for unknown entity
[00:53:30] [Render thread/WARN]: Received passengers for unknown entity
[00:53:51] [Server thread/INFO]: [SporiumCorium: Applied enchantment Sharpness V to SporiumCorium's item]
[00:53:51] [Render thread/INFO]: [System] [CHAT] Applied enchantment Sharpness V to SporiumCorium's item
[00:53:53] [Server thread/INFO]: Saving and pausing game...
[00:53:53] [Server thread/INFO]: Saving chunks for level 'ServerLevel[phighting]'/minecraft:overworld
[00:53:53] [Server thread/INFO]: Saving chunks for level 'ServerLevel[phighting]'/cataclysm_dimension:cataclysm_abyssal_depths
[00:53:53] [Server thread/INFO]: Saving chunks for level 'ServerLevel[phighting]'/cataclysm_dimension:cataclysm_sanctum_fallen
[00:53:53] [Server thread/INFO]: Saving chunks for level 'ServerLevel[phighting]'/the_deep_void:the_pit
[00:53:53] [Server thread/INFO]: Saving chunks for level 'ServerLevel[phighting]'/otherverse:ruins
[00:53:53] [Server thread/INFO]: Saving chunks for level 'ServerLevel[phighting]'/cataclysm_dimension:cataclysm_bastion_lost
[00:53:53] [Server thread/INFO]: Saving chunks for level 'ServerLevel[phighting]'/minecraft:the_end
[00:53:53] [Server thread/INFO]: Saving chunks for level 'ServerLevel[phighting]'/cataclysm_dimension:cataclysm_eternal_frosthold
[00:53:53] [Server thread/INFO]: Saving chunks for level 'ServerLevel[phighting]'/cataclysm_dimension:cataclysm_pharaohs_bane
[00:53:53] [Server thread/INFO]: Saving chunks for level 'ServerLevel[phighting]'/the_deep_void:deep_void
[00:53:53] [Server thread/INFO]: Saving chunks for level 'ServerLevel[phighting]'/minecraft:the_nether
[00:53:53] [Server thread/INFO]: Saving chunks for level 'ServerLevel[phighting]'/cataclysm_dimension:cataclysm_forge_of_aeons
[00:53:53] [Server thread/INFO]: Saving chunks for level 'ServerLevel[phighting]'/cataclysm_dimension:cataclysm_infernos_maw
[00:53:53] [Server thread/INFO]: Saving chunks for level 'ServerLevel[phighting]'/irons_spellbooks:pocket_dimension
[00:53:53] [Server thread/INFO]: Saving chunks for level 'ServerLevel[phighting]'/cataclysm_dimension:cataclysm_souls_anvil
[00:53:53] [Server thread/INFO]: Saving chunks for level 'ServerLevel[phighting]'/ae2:spatial_storage
[00:53:53] [Server thread/INFO]: Saving data for 27 chunks for dimension 'cataclysm_sanctum_fallen' took 0 milliseconds
[00:53:53] [Server thread/INFO]: Saving data for 17 chunks for dimension 'overworld' took 1 milliseconds
[00:53:53] [Render thread/INFO]: JEI StartEventObserver received class net.minecraftforge.client.event.ClientPlayerNetworkEvent$LoggingOut
[00:53:53] [Render thread/INFO]: JEI StartEventObserver transitioning state from JEI_STARTED to DISABLED
[00:53:53] [Render thread/INFO]: Stopping JEI
[00:53:53] [Render thread/INFO]: Sending Runtime Unavailable...
[00:53:53] [Render thread/INFO]: Stopping JEI GUI
[00:53:53] [Render thread/INFO]: Sending Runtime Unavailable took 1.797 ms
[00:53:53] [Server thread/INFO]: SporiumCorium lost connection: Disconnected
[00:53:53] [Server thread/INFO]: SporiumCorium left the game
[00:53:53] [Server thread/INFO]: Stopping singleplayer server as player logged out
[00:53:53] [Server thread/INFO]: Stopping server
[00:53:53] [Server thread/INFO]: Saving players
[00:53:53] [Server thread/INFO]: Saving worlds
[00:53:54] [Server thread/INFO]: Saving chunks for level 'ServerLevel[phighting]'/minecraft:overworld
[00:53:54] [Server thread/INFO]: Saving chunks for level 'ServerLevel[phighting]'/cataclysm_dimension:cataclysm_abyssal_depths
[00:53:54] [Server thread/INFO]: Saving chunks for level 'ServerLevel[phighting]'/cataclysm_dimension:cataclysm_sanctum_fallen
[00:53:54] [Server thread/INFO]: Saving chunks for level 'ServerLevel[phighting]'/the_deep_void:the_pit
[00:53:54] [Server thread/INFO]: Saving chunks for level 'ServerLevel[phighting]'/otherverse:ruins
[00:53:54] [Server thread/INFO]: Saving chunks for level 'ServerLevel[phighting]'/cataclysm_dimension:cataclysm_bastion_lost
[00:53:54] [Server thread/INFO]: Saving chunks for level 'ServerLevel[phighting]'/minecraft:the_end
[00:53:54] [Server thread/INFO]: Saving chunks for level 'ServerLevel[phighting]'/cataclysm_dimension:cataclysm_eternal_frosthold
[00:53:54] [Server thread/INFO]: Saving chunks for level 'ServerLevel[phighting]'/cataclysm_dimension:cataclysm_pharaohs_bane
[00:53:54] [Server thread/INFO]: Saving chunks for level 'ServerLevel[phighting]'/the_deep_void:deep_void
[00:53:54] [Server thread/INFO]: Saving chunks for level 'ServerLevel[phighting]'/minecraft:the_nether
[00:53:54] [Server thread/INFO]: Saving chunks for level 'ServerLevel[phighting]'/cataclysm_dimension:cataclysm_forge_of_aeons
[00:53:54] [Server thread/INFO]: Saving chunks for level 'ServerLevel[phighting]'/cataclysm_dimension:cataclysm_infernos_maw
[00:53:54] [Server thread/INFO]: Saving chunks for level 'ServerLevel[phighting]'/irons_spellbooks:pocket_dimension
[00:53:54] [Server thread/INFO]: Saving chunks for level 'ServerLevel[phighting]'/cataclysm_dimension:cataclysm_souls_anvil
[00:53:55] [Server thread/INFO]: Saving chunks for level 'ServerLevel[phighting]'/ae2:spatial_storage
[00:53:55] [Server thread/INFO]: ThreadedAnvilChunkStorage (phighting): All chunks are saved
[00:53:55] [Server thread/INFO]: ThreadedAnvilChunkStorage (cataclysm_abyssal_depths): All chunks are saved
[00:53:55] [Server thread/INFO]: ThreadedAnvilChunkStorage (cataclysm_sanctum_fallen): All chunks are saved
[00:53:55] [Server thread/INFO]: ThreadedAnvilChunkStorage (the_pit): All chunks are saved
[00:53:55] [Server thread/INFO]: ThreadedAnvilChunkStorage (ruins): All chunks are saved
[00:53:55] [Server thread/INFO]: ThreadedAnvilChunkStorage (cataclysm_bastion_lost): All chunks are saved
[00:53:55] [Server thread/INFO]: ThreadedAnvilChunkStorage (DIM1): All chunks are saved
[00:53:55] [Server thread/INFO]: ThreadedAnvilChunkStorage (cataclysm_eternal_frosthold): All chunks are saved
[00:53:55] [Server thread/INFO]: ThreadedAnvilChunkStorage (cataclysm_pharaohs_bane): All chunks are saved
[00:53:55] [Server thread/INFO]: ThreadedAnvilChunkStorage (deep_void): All chunks are saved
[00:53:55] [Server thread/INFO]: ThreadedAnvilChunkStorage (DIM-1): All chunks are saved
[00:53:55] [Server thread/INFO]: ThreadedAnvilChunkStorage (cataclysm_forge_of_aeons): All chunks are saved
[00:53:55] [Server thread/INFO]: ThreadedAnvilChunkStorage (cataclysm_infernos_maw): All chunks are saved
[00:53:55] [Server thread/INFO]: ThreadedAnvilChunkStorage (pocket_dimension): All chunks are saved
[00:53:55] [Server thread/INFO]: ThreadedAnvilChunkStorage (cataclysm_souls_anvil): All chunks are saved
[00:53:55] [Server thread/INFO]: ThreadedAnvilChunkStorage (spatial_storage): All chunks are saved
[00:53:55] [Server thread/INFO]: ThreadedAnvilChunkStorage: All dimensions are saved
[00:53:55] [C2ME Storage #102/INFO]: Storage thread Thread[C2ME Storage #102,5,SERVER] stopped
[00:53:55] [C2ME Storage #99/INFO]: Storage thread Thread[C2ME Storage #99,5,SERVER] stopped
[00:53:55] [C2ME Storage #108/INFO]: Storage thread Thread[C2ME Storage #108,5,SERVER] stopped
[00:53:55] [C2ME Storage #105/INFO]: Storage thread Thread[C2ME Storage #105,5,SERVER] stopped
[00:53:55] [C2ME Storage #111/INFO]: Storage thread Thread[C2ME Storage #111,5,SERVER] stopped
[00:53:55] [C2ME Storage #114/INFO]: Storage thread Thread[C2ME Storage #114,5,SERVER] stopped
[00:53:55] [C2ME Storage #117/INFO]: Storage thread Thread[C2ME Storage #117,5,SERVER] stopped
[00:53:55] [C2ME Storage #120/INFO]: Storage thread Thread[C2ME Storage #120,5,SERVER] stopped
[00:53:55] [C2ME Storage #123/INFO]: Storage thread Thread[C2ME Storage #123,5,SERVER] stopped
[00:53:55] [C2ME Storage #126/INFO]: Storage thread Thread[C2ME Storage #126,5,SERVER] stopped
[00:53:55] [C2ME Storage #129/INFO]: Storage thread Thread[C2ME Storage #129,5,SERVER] stopped
[00:53:55] [C2ME Storage #132/INFO]: Storage thread Thread[C2ME Storage #132,5,SERVER] stopped
[00:53:55] [C2ME Storage #135/INFO]: Storage thread Thread[C2ME Storage #135,5,SERVER] stopped
[00:53:55] [C2ME Storage #138/INFO]: Storage thread Thread[C2ME Storage #138,5,SERVER] stopped
[00:53:55] [C2ME Storage #141/INFO]: Storage thread Thread[C2ME Storage #141,5,SERVER] stopped
[00:53:55] [C2ME Storage #144/INFO]: Storage thread Thread[C2ME Storage #144,5,SERVER] stopped
[00:53:55] [Server thread/INFO]: Server stopping, clearing chunk activity tracking map.
[00:53:57] [Render thread/INFO]: Stopping worker threads
[00:54:03] [C2ME Storage #100/INFO]: Storage thread Thread[C2ME Storage #100,5,SERVER] stopped
[00:54:03] [C2ME Storage #101/INFO]: Storage thread Thread[C2ME Storage #101,5,SERVER] stopped
[00:54:03] [C2ME Storage #106/INFO]: Storage thread Thread[C2ME Storage #106,5,SERVER] stopped
[00:54:03] [C2ME Storage #112/INFO]: Storage thread Thread[C2ME Storage #112,5,SERVER] stopped
[00:54:03] [C2ME Storage #118/INFO]: Storage thread Thread[C2ME Storage #118,5,SERVER] stopped
[00:54:03] [C2ME Storage #124/INFO]: Storage thread Thread[C2ME Storage #124,5,SERVER] stopped
[00:54:03] [C2ME Storage #98/INFO]: Storage thread Thread[C2ME Storage #98,5,SERVER] stopped
[00:54:03] [C2ME Storage #110/INFO]: Storage thread Thread[C2ME Storage #110,5,SERVER] stopped
[00:54:03] [C2ME Storage #107/INFO]: Storage thread Thread[C2ME Storage #107,5,SERVER] stopped
[00:54:03] [C2ME Storage #109/INFO]: Storage thread Thread[C2ME Storage #109,5,SERVER] stopped
[00:54:03] [C2ME Storage #116/INFO]: Storage thread Thread[C2ME Storage #116,5,SERVER] stopped
[00:54:03] [C2ME Storage #113/INFO]: Storage thread Thread[C2ME Storage #113,5,SERVER] stopped
[00:54:03] [C2ME Storage #130/INFO]: Storage thread Thread[C2ME Storage #130,5,SERVER] stopped
[00:54:03] [C2ME Storage #97/INFO]: Storage thread Thread[C2ME Storage #97,5,SERVER] stopped
[00:54:03] [C2ME Storage #115/INFO]: Storage thread Thread[C2ME Storage #115,5,SERVER] stopped
[00:54:03] [C2ME Storage #136/INFO]: Storage thread Thread[C2ME Storage #136,5,SERVER] stopped
[00:54:03] [C2ME Storage #122/INFO]: Storage thread Thread[C2ME Storage #122,5,SERVER] stopped
[00:54:03] [C2ME Storage #119/INFO]: Storage thread Thread[C2ME Storage #119,5,SERVER] stopped
[00:54:03] [C2ME Storage #121/INFO]: Storage thread Thread[C2ME Storage #121,5,SERVER] stopped
[00:54:03] [C2ME Storage #142/INFO]: Storage thread Thread[C2ME Storage #142,5,SERVER] stopped
[00:54:03] [C2ME Storage #125/INFO]: Storage thread Thread[C2ME Storage #125,5,SERVER] stopped
[00:54:03] [C2ME Storage #128/INFO]: Storage thread Thread[C2ME Storage #128,5,SERVER] stopped
[00:54:03] [C2ME Storage #127/INFO]: Storage thread Thread[C2ME Storage #127,5,SERVER] stopped
[00:54:03] [C2ME Storage #134/INFO]: Storage thread Thread[C2ME Storage #134,5,SERVER] stopped
[00:54:03] [C2ME Storage #133/INFO]: Storage thread Thread[C2ME Storage #133,5,SERVER] stopped
[00:54:03] [C2ME Storage #131/INFO]: Storage thread Thread[C2ME Storage #131,5,SERVER] stopped
[00:54:03] [C2ME Storage #103/INFO]: Storage thread Thread[C2ME Storage #103,5,SERVER] stopped
[00:54:03] [C2ME Storage #140/INFO]: Storage thread Thread[C2ME Storage #140,5,SERVER] stopped
[00:54:03] [C2ME Storage #137/INFO]: Storage thread Thread[C2ME Storage #137,5,SERVER] stopped
[00:54:03] [C2ME Storage #139/INFO]: Storage thread Thread[C2ME Storage #139,5,SERVER] stopped
[00:54:03] [C2ME Storage #143/INFO]: Storage thread Thread[C2ME Storage #143,5,SERVER] stopped
[00:54:03] [C2ME Storage #104/INFO]: Storage thread Thread[C2ME Storage #104,5,SERVER] stopped
[00:54:27] [Render thread/INFO]: Stopping!
